Workbook
Name L_Topic: '01_Master_Data'!$A$4:INDEX('01_Master_Data'!$A$4:$A$103,COUNTA('01_Master_Data'!$A$4:$A$103))
Name L_Department: '01_Master_Data'!$B$4:INDEX('01_Master_Data'!$B$4:$B$103,COUNTA('01_Master_Data'!$B$4:$B$103))
Name L_Location: '01_Master_Data'!$C$4:INDEX('01_Master_Data'!$C$4:$C$103,COUNTA('01_Master_Data'!$C$4:$C$103))
Name L_Safety_Category: '01_Master_Data'!$D$4:INDEX('01_Master_Data'!$D$4:$D$103,COUNTA('01_Master_Data'!$D$4:$D$103))
Name L_Action_Required: '01_Master_Data'!$E$4:INDEX('01_Master_Data'!$E$4:$E$103,COUNTA('01_Master_Data'!$E$4:$E$103))
Name L_Risk_Level: '01_Master_Data'!$F$4:INDEX('01_Master_Data'!$F$4:$F$103,COUNTA('01_Master_Data'!$F$4:$F$103))
Name L_Assessment_Type: '01_Master_Data'!$G$4:INDEX('01_Master_Data'!$G$4:$G$103,COUNTA('01_Master_Data'!$G$4:$G$103))
Name L_Approval_Status: '01_Master_Data'!$H$4:INDEX('01_Master_Data'!$H$4:$H$103,COUNTA('01_Master_Data'!$H$4:$H$103))
Name L_Training_Type: '01_Master_Data'!$I$4:INDEX('01_Master_Data'!$I$4:$I$103,COUNTA('01_Master_Data'!$I$4:$I$103))
Name L_Mode: '01_Master_Data'!$J$4:INDEX('01_Master_Data'!$J$4:$J$103,COUNTA('01_Master_Data'!$J$4:$J$103))
Name L_Status: '01_Master_Data'!$K$4:INDEX('01_Master_Data'!$K$4:$K$103,COUNTA('01_Master_Data'!$K$4:$K$103))
Name L_Assessment_Result: '01_Master_Data'!$L$4:INDEX('01_Master_Data'!$L$4:$L$103,COUNTA('01_Master_Data'!$L$4:$L$103))
Name L_Observation_Type: '01_Master_Data'!$M$4:INDEX('01_Master_Data'!$M$4:$M$103,COUNTA('01_Master_Data'!$M$4:$M$103))
Name L_Category: '01_Master_Data'!$N$4:INDEX('01_Master_Data'!$N$4:$N$103,COUNTA('01_Master_Data'!$N$4:$N$103))
Name L_Overall_Rating: '01_Master_Data'!$O$4:INDEX('01_Master_Data'!$O$4:$O$103,COUNTA('01_Master_Data'!$O$4:$O$103))
Name L_Frequency: '01_Master_Data'!$P$4:INDEX('01_Master_Data'!$P$4:$P$103,COUNTA('01_Master_Data'!$P$4:$P$103))
Name L_Type: '01_Master_Data'!$Q$4:INDEX('01_Master_Data'!$Q$4:$Q$103,COUNTA('01_Master_Data'!$Q$4:$Q$103))
Name L_Distribution_Method: '01_Master_Data'!$R$4:INDEX('01_Master_Data'!$R$4:$R$103,COUNTA('01_Master_Data'!$R$4:$R$103))
Name L_Status_2: '01_Master_Data'!$S$4:INDEX('01_Master_Data'!$S$4:$S$103,COUNTA('01_Master_Data'!$S$4:$S$103))
Name L_Drill_Type: '01_Master_Data'!$T$4:INDEX('01_Master_Data'!$T$4:$T$103,COUNTA('01_Master_Data'!$T$4:$T$103))
Name L_Overall_Rating_2: '01_Master_Data'!$U$4:INDEX('01_Master_Data'!$U$4:$U$103,COUNTA('01_Master_Data'!$U$4:$U$103))
Name L_Status_3: '01_Master_Data'!$V$4:INDEX('01_Master_Data'!$V$4:$V$103,COUNTA('01_Master_Data'!$V$4:$V$103))
Name L_Audit_Type: '01_Master_Data'!$W$4:INDEX('01_Master_Data'!$W$4:$W$103,COUNTA('01_Master_Data'!$W$4:$W$103))
Name L_Status_4: '01_Master_Data'!$X$4:INDEX('01_Master_Data'!$X$4:$X$103,COUNTA('01_Master_Data'!$X$4:$X$103))
Name L_Visit_Type: '01_Master_Data'!$Y$4:INDEX('01_Master_Data'!$Y$4:$Y$103,COUNTA('01_Master_Data'!$Y$4:$Y$103))
Name L_Status_5: '01_Master_Data'!$Z$4:INDEX('01_Master_Data'!$Z$4:$Z$103,COUNTA('01_Master_Data'!$Z$4:$Z$103))
Name L_Violation_Type: '01_Master_Data'!$AA$4:INDEX('01_Master_Data'!$AA$4:$AA$103,COUNTA('01_Master_Data'!$AA$4:$AA$103))
Name L_Action_Taken: '01_Master_Data'!$AB$4:INDEX('01_Master_Data'!$AB$4:$AB$103,COUNTA('01_Master_Data'!$AB$4:$AB$103))
Name L_Offense_Level: '01_Master_Data'!$AC$4:INDEX('01_Master_Data'!$AC$4:$AC$103,COUNTA('01_Master_Data'!$AC$4:$AC$103))
Name L_Status_6: '01_Master_Data'!$AD$4:INDEX('01_Master_Data'!$AD$4:$AD$103,COUNTA('01_Master_Data'!$AD$4:$AD$103))
Name L_Award_Category: '01_Master_Data'!$AE$4:INDEX('01_Master_Data'!$AE$4:$AE$103,COUNTA('01_Master_Data'!$AE$4:$AE$103))
Name L_Reward_Type: '01_Master_Data'!$AF$4:INDEX('01_Master_Data'!$AF$4:$AF$103,COUNTA('01_Master_Data'!$AF$4:$AF$103))
Name L_Status_7: '01_Master_Data'!$AG$4:INDEX('01_Master_Data'!$AG$4:$AG$103,COUNTA('01_Master_Data'!$AG$4:$AG$103))
Name L_Severity: '01_Master_Data'!$AH$4:INDEX('01_Master_Data'!$AH$4:$AH$103,COUNTA('01_Master_Data'!$AH$4:$AH$103))
Name L_Resolution: '01_Master_Data'!$AI$4:INDEX('01_Master_Data'!$AI$4:$AI$103,COUNTA('01_Master_Data'!$AI$4:$AI$103))
Name L_Test_Type: '01_Master_Data'!$AJ$4:INDEX('01_Master_Data'!$AJ$4:$AJ$103,COUNTA('01_Master_Data'!$AJ$4:$AJ$103))
Name L_Result: '01_Master_Data'!$AK$4:INDEX('01_Master_Data'!$AK$4:$AK$103,COUNTA('01_Master_Data'!$AK$4:$AK$103))
Name L_Permit_Type_Audited: '01_Master_Data'!$AL$4:INDEX('01_Master_Data'!$AL$4:$AL$103,COUNTA('01_Master_Data'!$AL$4:$AL$103))
Name L_Verdict: '01_Master_Data'!$AM$4:INDEX('01_Master_Data'!$AM$4:$AM$103,COUNTA('01_Master_Data'!$AM$4:$AM$103))
Name L_Source: '01_Master_Data'!$AN$4:INDEX('01_Master_Data'!$AN$4:$AN$103,COUNTA('01_Master_Data'!$AN$4:$AN$103))
Name L_Source_2: '01_Master_Data'!$AO$4:INDEX('01_Master_Data'!$AO$4:$AO$103,COUNTA('01_Master_Data'!$AO$4:$AO$103))
Name L_Severity_2: '01_Master_Data'!$AP$4:INDEX('01_Master_Data'!$AP$4:$AP$103,COUNTA('01_Master_Data'!$AP$4:$AP$103))
Name L_Status_8: '01_Master_Data'!$AQ$4:INDEX('01_Master_Data'!$AQ$4:$AQ$103,COUNTA('01_Master_Data'!$AQ$4:$AQ$103))
Name L_Immediate_Action: '01_Master_Data'!$AR$4:INDEX('01_Master_Data'!$AR$4:$AR$103,COUNTA('01_Master_Data'!$AR$4:$AR$103))
Name FY_Start: '08_Settings'!$C$11
Name Man_Hours: '08_Settings'!$C$12
Name TRIR_Mult: '08_Settings'!$C$13
Name LTIFR_Mult: '08_Settings'!$C$14
Name Tgt_ObsClosure: '08_Settings'!$C$17
Name Tgt_Training: '08_Settings'!$C$18
Name Tgt_CAClosure: '08_Settings'!$C$19
Name Tgt_TRIR: '08_Settings'!$C$20
Name RAG_Amber: '08_Settings'!$C$21
Name L_Area: '01_Master_Data'!$AT$4:INDEX('01_Master_Data'!$AT$4:$AT$103,COUNTA('01_Master_Data'!$AT$4:$AT$103))
Name L_ProdLine: '01_Master_Data'!$AU$4:INDEX('01_Master_Data'!$AU$4:$AU$103,COUNTA('01_Master_Data'!$AU$4:$AU$103))
Name L_Shift: '01_Master_Data'!$AV$4:INDEX('01_Master_Data'!$AV$4:$AV$103,COUNTA('01_Master_Data'!$AV$4:$AV$103))
Name L_IncidentType: '01_Master_Data'!$AW$4:INDEX('01_Master_Data'!$AW$4:$AW$103,COUNTA('01_Master_Data'!$AW$4:$AW$103))
Name L_IncClass: '01_Master_Data'!$AX$4:INDEX('01_Master_Data'!$AX$4:$AX$103,COUNTA('01_Master_Data'!$AX$4:$AX$103))
Name L_PersonType: '01_Master_Data'!$AY$4:INDEX('01_Master_Data'!$AY$4:$AY$103,COUNTA('01_Master_Data'!$AY$4:$AY$103))
Name L_BodyPart: '01_Master_Data'!$AZ$4:INDEX('01_Master_Data'!$AZ$4:$AZ$103,COUNTA('01_Master_Data'!$AZ$4:$AZ$103))

Sheet 06_Executive_Dashboard
A1: 🏆 EXECUTIVE EHS DASHBOARD
A2: Corporate leading & lagging indicators · TRIR / LTIFR / Incident Pyramid / RAG · auto-calculated from all registers
B4: 🎯 TRIR | F4: 📉 LTIFR | J4: 🚨 TOTAL INCIDENTS | N4: 👀 NEAR MISS
B5: =IFERROR((COUNTIF('Incident'!N$6:N$506,"Medical Treatment")+COUNTIF('Incident'!N$6:N$506,"Restricted Work")+COUNTIF('Incident'!N$6:N$506,"Lost Time Injury")+COUNTIF('Incident'!N$6:N$506,"Fatality"))*TRIR_Mult/Man_Hours,0) | F5: =IFERROR((COUNTIF('Incident'!N$6:N$506,"Lost Time Injury")+COUNTIF('Incident'!N$6:N$506,"Fatality"))*LTIFR_Mult/Man_Hours,0) | J5: =COUNTA('Incident'!B$6:B$506) | N5: =COUNTIF('Incident'!N$6:N$506,"Near Miss")
B7: ✅ OBS CLOSURE | F7: 🎓 TRAINING COMPL. | J7: 🛠️ CA CLOSURE | N7: 📅 LOST DAYS
B8: =IFERROR(COUNTIF('HSE Observations'!M$6:M$506,"Completed")/COUNTA('HSE Observations'!B$6:B$506),0) | F8: =IFERROR(COUNTIF('Training'!N$6:N$506,"Completed")/COUNTA('Training'!B$6:B$506),0) | J8: =IFERROR(COUNTIF('Corrective Actions'!N$6:N$506,"Completed")/COUNTA('Corrective Actions'!B$6:B$506),0) | N8: =SUM('Incident'!V$6:V$506)
B11: 🔺 Incident Pyramid (Heinrich)
B12: Level | C12: Count
B13: Fatality | C13: =COUNTIF('Incident'!N$6:N$506,"Fatality")
B14: Lost Time Injury | C14: =COUNTIF('Incident'!N$6:N$506,"Lost Time Injury")
B15: Restricted Work | C15: =COUNTIF('Incident'!N$6:N$506,"Restricted Work")
B16: Medical Treatment | C16: =COUNTIF('Incident'!N$6:N$506,"Medical Treatment")
B17: First Aid | C17: =COUNTIF('Incident'!N$6:N$506,"First Aid")
B18: Near Miss | C18: =COUNTIF('Incident'!N$6:N$506,"Near Miss")
B19: At-Risk Observations | C19: =COUNTIF('HSE Observations'!E$6:E$506,"Unsafe Act")+COUNTIF('HSE Observations'!E$6:E$506,"Unsafe Condition")+COUNTA('Unsafe Acts'!B$6:B$506)+COUNTA('Unsafe Conditions'!B$6:B$506)
B22: 📈 12-Month Incident Trend
B23: Jan | C23: Feb | D23: Mar | E23: Apr | F23: May | G23: Jun | H23: Jul | I23: Aug | J23: Sep | K23: Oct | L23: Nov | M23: Dec
B24: =COUNTIF('Incident'!D$6:D$506,"Jan") | C24: =COUNTIF('Incident'!D$6:D$506,"Feb") | D24: =COUNTIF('Incident'!D$6:D$506,"Mar") | E24: =COUNTIF('Incident'!D$6:D$506,"Apr") | F24: =COUNTIF('Incident'!D$6:D$506,"May") | G24: =COUNTIF('Incident'!D$6:D$506,"Jun") | H24: =COUNTIF('Incident'!D$6:D$506,"Jul") | I24: =COUNTIF('Incident'!D$6:D$506,"Aug") | J24: =COUNTIF('Incident'!D$6:D$506,"Sep") | K24: =COUNTIF('Incident'!D$6:D$506,"Oct") | L24: =COUNTIF('Incident'!D$6:D$506,"Nov") | M24: =COUNTIF('Incident'!D$6:D$506,"Dec")
B42: 🟢 Leading Indicators (Activity) | F42: 🔴 Lagging Indicators (Outcome) | K42: 🚦 RAG Compliance Scorecard
B43: Indicator | C43: Count | F43: Indicator | G43: Count | K43: Metric | L43: Actual | M43: Target | N43: Status
B44: Observations | C44: =COUNTA('HSE Observations'!B$6:B$506) | F44: Fatality | G44: =COUNTIF('Incident'!N$6:N$506,"Fatality") | K44: TRIR | L44: =IFERROR((COUNTIF('Incident'!N$6:N$506,"Medical Treatment")+COUNTIF('Incident'!N$6:N$506,"Restricted Work")+COUNTIF('Incident'!N$6:N$506,"Lost Time Injury")+COUNTIF('Incident'!N$6:N$506,"Fatality"))*TRIR_Mult/Man_Hours,0) | M44: =Tgt_TRIR | N44: =IF(IFERROR((COUNTIF('Incident'!N$6:N$506,"Medical Treatment")+COUNTIF('Incident'!N$6:N$506,"Restricted Work")+COUNTIF('Incident'!N$6:N$506,"Lost Time Injury")+COUNTIF('Incident'!N$6:N$506,"Fatality"))*TRIR_Mult/Man_Hours,0)<=Tgt_TRIR,"🟢 GREEN",IF(IFERROR((COUNTIF('Incident'!N$6:N$506,"Medical Treatment")+COUNTIF('Incident'!N$6:N$506,"Restricted Work")+COUNTIF('Incident'!N$6:N$506,"Lost Time Injury")+COUNTIF('Incident'!N$6:N$506,"Fatality"))*TRIR_Mult/Man_Hours,0)<=Tgt_TRIR/RAG_Amber,"🟡 AMBER","🔴 RED"))
B45: Toolbox Talks | C45: =COUNTA('Toolbox Talks'!B$6:B$506) | F45: Lost Time Injury | G45: =COUNTIF('Incident'!N$6:N$506,"Lost Time Injury") | K45: Observation Closure | L45: =IFERROR(COUNTIF('HSE Observations'!M$6:M$506,"Completed")/COUNTA('HSE Observations'!B$6:B$506),0) | M45: =Tgt_ObsClosure | N45: =IF(IFERROR(COUNTIF('HSE Observations'!M$6:M$506,"Completed")/COUNTA('HSE Observations'!B$6:B$506),0)>=Tgt_ObsClosure,"🟢 GREEN",IF(IFERROR(COUNTIF('HSE Observations'!M$6:M$506,"Completed")/COUNTA('HSE Observations'!B$6:B$506),0)>=Tgt_ObsClosure*RAG_Amber,"🟡 AMBER","🔴 RED"))
B46: Trainings | C46: =COUNTA('Training'!B$6:B$506) | F46: Restricted Work | G46: =COUNTIF('Incident'!N$6:N$506,"Restricted Work") | K46: Training Compliance | L46: =IFERROR(COUNTIF('Training'!N$6:N$506,"Completed")/COUNTA('Training'!B$6:B$506),0) | M46: =Tgt_Training | N46: =IF(IFERROR(COUNTIF('Training'!N$6:N$506,"Completed")/COUNTA('Training'!B$6:B$506),0)>=Tgt_Training,"🟢 GREEN",IF(IFERROR(COUNTIF('Training'!N$6:N$506,"Completed")/COUNTA('Training'!B$6:B$506),0)>=Tgt_Training*RAG_Amber,"🟡 AMBER","🔴 RED"))
B47: Inspections | C47: =COUNTA('Workplace Inspections'!B$6:B$506)+COUNTA('Equipment Inspections'!B$6:B$506)+COUNTA('Safety Walkthroughs'!B$6:B$506) | F47: Medical Treatment | G47: =COUNTIF('Incident'!N$6:N$506,"Medical Treatment") | K47: CA Closure | L47: =IFERROR(COUNTIF('Corrective Actions'!N$6:N$506,"Completed")/COUNTA('Corrective Actions'!B$6:B$506),0) | M47: =Tgt_CAClosure | N47: =IF(IFERROR(COUNTIF('Corrective Actions'!N$6:N$506,"Completed")/COUNTA('Corrective Actions'!B$6:B$506),0)>=Tgt_CAClosure,"🟢 GREEN",IF(IFERROR(COUNTIF('Corrective Actions'!N$6:N$506,"Completed")/COUNTA('Corrective Actions'!B$6:B$506),0)>=Tgt_CAClosure*RAG_Amber,"🟡 AMBER","🔴 RED"))
B48: Audits | C48: =COUNTA('Internal Audits'!B$6:B$506)+COUNTA('External Audits'!B$6:B$506) | F48: First Aid | G48: =COUNTIF('Incident'!N$6:N$506,"First Aid")
B49: Emergency Drills | C49: =COUNTA('Emergency Drills'!B$6:B$506) | F49: Near Miss | G49: =COUNTIF('Incident'!N$6:N$506,"Near Miss")
B50: PTW Audits | C50: =COUNTA('PTW Audits'!B$6:B$506)

Sheet 01_Master_Data
A1: 📚 MASTER DATA — Single source of truth for all dropdown lists
A2: Add / edit items directly under each heading. Dropdowns update automatically (up to 100 items per list).
A3: Topic | B3: Department | C3: Location | D3: Safety_Category | E3: Action_Required | F3: Risk_Level | G3: Assessment_Type | H3: Approval_Status | I3: Training_Type | J3: Mode | K3: Status | L3: Assessment_Result | M3: Observation_Type | N3: Category | O3: Overall_Rating | P3: Frequency | Q3: Type | R3: Distribution_Method | S3: Status_2 | T3: Drill_Type | U3: Overall_Rating_2 | V3: Status_3 | W3: Audit_Type | X3: Status_4 | Y3: Visit_Type | Z3: Status_5 | AA3: Violation_Type | AB3: Action_Taken | AC3: Offense_Level | AD3: Status_6 | AE3: Award_Category | AF3: Reward_Type | AG3: Status_7 | AH3: Severity | AI3: Resolution | AJ3: Test_Type | AK3: Result | AL3: Permit_Type_Audited | AM3: Verdict | AN3: Source | AO3: Source_2 | AP3: Severity_2 | AQ3: Status_8 | AR3: Immediate_Action | AT3: Area | AU3: ProdLine | AV3: Shift | AW3: IncidentType | AX3: IncClass | AY3: PersonType | AZ3: BodyPart | BA3: RootCause | BB3: RiskRating | BC3: IncStatus
A4: PPE Usage | B4: Operations | C4: Plant A | D4: BBS | E4: Yes | F4: High | G4: HIRA | H4: Approved | I4: Induction | J4: Internal | K4: Completed | L4: Pass | M4: Safe Act | N4: BBS | O4: Satisfactory | P4: Weekly | Q4: Safety Alert | R4: Email | S4: Issued | T4: Fire Evacuation | U4: Satisfactory | V4: Completed | W4: System Audit | X4: Completed | Y4: Site Walk | Z4: Completed | AA4: PPE Violation | AB4: Verbal Warning | AC4: 1st Offense | AD4: Completed | AE4: Safe Worker of Month | AF4: Certificate | AG4: Presented | AH4: Critical | AI4: Resolved | AJ4: Pre-Shift | AK4: Negative | AL4: Hot Work | AM4: Compliant | AN4: Audit Finding | AO4: Internal Audit | AP4: Major | AQ4: Closed | AR4: Corrected Immediately | AT4: Production | AU4: Line 1 | AV4: Shift A | AW4: Injury/Illness | AX4: Near Miss | AY4: Employee | AZ4: Head | BA4: Human Error | BB4: Critical | BC4: Open
A5: Fire Safety | B5: Maintenance | C5: Plant B | D5: HIRA | E5: No | F5: Medium | G5: Task RA | H5: Pending Review | I5: Refresher | J5: External | K5: In Progress | L5: Fail | M5: Unsafe Act | N5: General | O5: Needs Improvement | P5: Monthly | Q5: Bulletin | R5: Notice Board | S5: Acknowledged | T5: Chemical Spill | U5: Good | V5: Action Pending | W5: Compliance Audit | X5: In Progress | Y5: Plant Visit | Z5: Action Pending | AA5: Safety Rule Breach | AB5: Written Warning | AC5: 2nd Offense | AD5: Under Review | AE5: Best Safety Suggestion | AF5: Trophy | AG5: Scheduled | AH5: High | AI5: Under Investigation | AJ5: Random | AK5: Positive | AL5: Confined Space | AM5: Non-Compliant | AN5: Inspection Finding | AO5: External Audit | AP5: Minor | AQ5: Open | AR5: Action Raised | AT5: Warehouse | AU5: Line 2 | AV5: Shift B | AW5: Property Damage | AX5: First Aid | AY5: Contractor | AZ5: Eye | BA5: Unsafe Act | BB5: High | BC5: In Progress
A6: Working at Heights | B6: Engineering | C6: Warehouse | D6: Training | F6: Low | G6: JSA | H6: Revision Required | I6: Advanced | J6: Online | K6: Overdue | L6: N/A | M6: Safe Condition | N6: PPE | O6: Unsatisfactory | P6: Quarterly | Q6: Toolbox Topic | R6: Toolbox Talk | S6: Closed | T6: Medical Emergency | U6: Excellent | V6: Rescheduled | W6: Process Audit | X6: Scheduled | Y6: Safety Observation | AA6: Permit Violation | AB6: Suspension | AC6: 3rd Offense | AD6: Appealed | AE6: Zero Incident Award | AF6: Cash Bonus | AG6: Nominated | AH6: Medium | AI6: Permanent Fix Applied | AJ6: Post-Incident | AL6: Working at Height | AM6: Partially Compliant | AN6: Incident Follow-up | AO6: PTW Audit | AP6: Observation | AQ6: Under Review | AR6: Under Review | AT6: Utilities | AU6: Line 3 | AV6: Shift C | AW6: Environmental | AX6: Medical Treatment | AY6: Visitor | AZ6: Hand/Finger | BA6: Unsafe Condition | BB6: Medium | BC6: Closed
A7: Manual Handling | B7: Construction | C7: Workshop | D7: Audit | G7: HAZOP | H7: Rejected | I7: Certification | J7: On-the-Job | K7: Pending | M7: Unsafe Condition | N7: Housekeeping | O7: Good | P7: Ad-hoc | Q7: Lesson Learned | R7: App Notification | T7: Earthquake | U7: Needs Improvement | W7: Theme Audit | Y7: Contractor Review | AA7: Substance Abuse | AB7: Termination | AC7: Repeat | AE7: HSE Champion | AF7: Gift Voucher | AH7: Low | AJ7: Reasonable Suspicion | AL7: Excavation | AN7: Observation Follow-up | AO7: Workplace Inspection | AQ7: Overdue | AR7: Pending | AT7: QC Lab | AU7: Line 4 | AV7: General | AW7: Fire | AX7: Restricted Work | AY7: Third Party | AZ7: Arm | BA7: Inadequate Procedure | BB7: Low | BC7: Overdue
A8: Electrical Safety | B8: Safety | C8: Field Site | D8: General | G8: What-If | I8: Awareness | K8: Cancelled | M8: Near Miss | N8: Ergonomics | O8: Excellent | P8: Annual | Q8: Best Practice | R8: All Channels | T8: Gas Leak | W8: Surveillance | Y8: Project Visit | AA8: Reckless Behavior | AB8: Retraining | AE8: Best Department | AF8: Recognition Letter | AL8: Electrical | AN8: Management Review | AO8: Customer Audit | AT8: Admin Block | AU8: PET Line | AW8: Chemical Spill | AX8: Lost Time Injury | AZ8: Foot/Leg | BA8: Lack of Training
A9: Chemical Safety | B9: Logistics | C9: Control Room | D9: Emergency | G9: Bow Tie | I9: Competency | N9: Fire Safety | Q9: Advisory | T9: Confined Space Rescue | Y9: Emergency Review | AA9: Unauthorized Work | AB9: Fine | AE9: Safety Innovation | AF9: Team Lunch | AL9: Cold Work | AN9: Drill Finding | AO9: Regulatory Inspection | AT9: Loading Bay | AU9: Can Line | AW9: Vehicle | AX9: Fatality | AZ9: Back | BA9: Equipment Failure
A10: Housekeeping | B10: Quality | C10: Office | D10: PPE | N10: Environment | T10: Bomb Threat | AA10: Tampering | AE10: Observation Champion | AL10: Lifting | AT10: Tank Farm | AU10: Syrup Room | AW10: Process Safety | AZ10: Torso | BA10: PPE Not Used
A11: Heat Stress | B11: Admin | C11: Tank Farm | D11: Environment | T11: Natural Disaster | AT11: ETP Plant | AU11: CIP System | AW11: Security | AZ11: Multiple | BA11: Poor Housekeeping
A12: Slip Trip Fall | B12: Projects | AT12: Boiler House | AU12: Blow Molding | AZ12: None / NA | BA12: Design Flaw
A13: Confined Space | B13: Contractor | AT13: Workshop | AU13: Packaging | BA13: Inadequate Supervision
A14: LOTO
A15: Emergency Procedures

Sheet 08_Settings
B1: ⚙️ SYSTEM SETTINGS
B2: Central configuration — edit the blue cells. KPIs & the Executive Dashboard read these automatically.
B4: ORGANISATION
B5: Company Name | C5: RCPL — Campa Cola
B6: Plant / Site | C6: Manufacturing Plant 1
B7: Location | C7: India
B8: Reporting Year | C8: 2026
B10: EHS CALCULATION PARAMETERS
B11: Financial Year Start Month (1-12) | C11: 4 | D11: e.g. 4 = April
B12: Total Man-Hours Worked (annual) | C12: 1000000 | D12: Avg employees × hours worked
B13: TRIR Multiplier | C13: 200000 | D13: OSHA standard = 200,000
B14: LTIFR Multiplier | C14: 1000000 | D14: Per million man-hours
B16: TARGETS / RAG THRESHOLDS
B17: Observation Closure Target % | C17: 0.9 | D17: Green if ≥ target
B18: Training Compliance Target % | C18: 0.95
B19: Corrective Action Closure Target % | C19: 0.9
B20: TRIR Target (max acceptable) | C20: 1 | D20: Green if actual ≤ target
B21: RAG Amber band (% of target) | C21: 0.8 | D21: Below this vs target = Red

Sheet 09_Help
B1: ❓ HELP & USER GUIDE
B3: Enterprise Integrated EHS Management System
B4: Purpose | C4: Single-workbook EHS system: 24 data registers, per-register dashboards, and one Executive Dashboard with corporate KPIs.
B5: How to enter data
B6: Registers | C6: Open any register (colored tabs). Fill the 🔵 blue INPUT columns only. ⚫ Gray AUTO columns (S.No, Month, Week, Quarter, FY, Ageing, %) calculate themselves.
B7: Dropdowns | C7: All dropdowns are driven by 01_Master_Data. To add a Department, Location, etc., add it once there and every register updates automatically.
B8: Scalability | C8: Each register + dashboard supports up to ~500 records. Just keep typing below the sample rows — dashboards expand automatically.
B9: Dashboards
B10: Per-register | C10: Each "Dashboard – …" tab auto-summarises its register (KPI cards, trends, breakdowns, charts). No manual refresh needed.
B11: Executive | C11: 06_Executive_Dashboard aggregates ALL registers: TRIR, LTIFR, Incident Pyramid, Leading vs Lagging indicators, and a RAG compliance scorecard.
B12: Key formulas & settings
B13: TRIR | C13: =Recordable Cases × TRIR Multiplier ÷ Man-Hours. Recordable = Medical Treatment + Restricted Work + Lost Time Injury + Fatality.
B14: LTIFR | C14: =(Lost Time Injuries + Fatalities) × LTIFR Multiplier ÷ Man-Hours.
B15: Settings | C15: 08_Settings holds Man-Hours, multipliers, FY start month, and RAG targets. Edit the blue cells to match your plant.
B16: RAG logic | C16: 🟢 Green = meets target · 🟡 Amber = within the amber band · 🔴 Red = below. Bands are set in 08_Settings.
B17: Maintenance tips
B18: Recalculate | C18: Press F9 (or enable automatic calculation) if figures look stale. The file is set to full-recalculate on open.
B19: Backup | C19: Save a dated copy monthly. Never delete the 01_Master_Data or 08_Settings sheets — dropdowns and KPIs depend on them.
B20: Extending | C20: New registers follow the same pattern: register sheet + matching "Dashboard – …" sheet, lists in 01_Master_Data, KPIs wired to the Executive Dashboard.

Sheet Toolbox Talks
A1: 🗣️ TOOLBOX TALKS — DATA ENTRY
A2: 🔵 Blue = User Input | ⚫ Gray = Auto-Calculated | Use dropdowns where available
A3: IDENTIFICATION | E3: CONTENT | F3: ORGANIZATIONAL | H3: PEOPLE | I3: ATTENDANCE | L3: TIMING | M3: CLASSIFICATION | N3: FOLLOW-UP | O3: QUALITY
A4: S.No | B4: Ref No. | C4: Date | D4: Month | E4: Topic | F4: Department | G4: Location | H4: Conducted By | I4: Target Attendees | J4: Actual Attendees | K4: Attendance % | L4: Duration (min) | M4: Safety Category | N4: Action Required | O4: Effectiveness
A5: ⚙️ AUTO | B5: ✏️ INPUT | C5: ✏️ INPUT | D5: ⚙️ AUTO | E5: ✏️ INPUT | F5: ✏️ INPUT | G5: ✏️ INPUT | H5: ✏️ INPUT | I5: ✏️ INPUT | J5: ✏️ INPUT | K5: ⚙️ AUTO | L5: ✏️ INPUT | M5: ✏️ INPUT | N5: ✏️ INPUT | O5: ✏️ INPUT
A6: 1 | B6: TBT-001 | C6: 46330 | D6: =IF(C6="","",TEXT(C6,"MMM")) | E6: PPE Usage | F6: Safety | G6: Workshop | H6: Maria Garcia | I6: 12 | J6: 8 | K6: =IF(I6=0,0,J6/I6) | L6: 27 | M6: HIRA | N6: No | O6: Good
A7: 2 | B7: TBT-002 | C7: 46025 | D7: =IF(C7="","",TEXT(C7,"MMM")) | E7: Manual Handling | F7: Construction | G7: Plant A | H7: Tom Brown | I7: 14 | J7: 25 | K7: =IF(I7=0,0,J7/I7) | L7: 27 | M7: PPE | N7: Yes | O7: Needs Improvement
A8: 3 | B8: TBT-003 | C8: 46304 | D8: =IF(C8="","",TEXT(C8,"MMM")) | E8: PPE Usage | F8: Engineering | G8: Office | H8: Fatima Al-Said | I8: 16 | J8: 9 | K8: =IF(I8=0,0,J8/I8) | L8: 16 | M8: Emergency | N8: Yes | O8: Good
A9: 4 | B9: TBT-004 | C9: 46207 | D9: =IF(C9="","",TEXT(C9,"MMM")) | E9: Chemical Safety | F9: Logistics | G9: Field Site | H9: Ahmed Khan | I9: 22 | J9: 22 | K9: =IF(I9=0,0,J9/I9) | L9: 13 | M9: PPE | N9: Yes | O9: Excellent
A10: 5 | B10: TBT-005 | C10: 46346 | D10: =IF(C10="","",TEXT(C10,"MMM")) | E10: Chemical Safety | F10: Contractor | G10: Workshop | H10: Sarah Wilson | I10: 9 | J10: 12 | K10: =IF(I10=0,0,J10/I10) | L10: 19 | M10: HIRA | N10: Yes | O10: Good
A11: 6 | B11: TBT-006 | C11: 46212 | D11: =IF(C11="","",TEXT(C11,"MMM")) | E11: Heat Stress | F11: Logistics | G11: Warehouse | H11: Fatima Al-Said | I11: 19 | J11: 11 | K11: =IF(I11=0,0,J11/I11) | L11: 18 | M11: HIRA | N11: Yes | O11: Average
A12: 7 | B12: TBT-007 | C12: 46096 | D12: =IF(C12="","",TEXT(C12,"MMM")) | E12: Housekeeping | F12: Safety | G12: Workshop | H12: Fatima Al-Said | I12: 9 | J12: 12 | K12: =IF(I12=0,0,J12/I12) | L12: 11 | M12: Emergency | N12: No | O12: Excellent
A13: 8 | B13: TBT-008 | C13: 46060 | D13: =IF(C13="","",TEXT(C13,"MMM")) | E13: Confined Space | F13: Logistics | G13: Workshop | H13: Priya Sharma | I13: 20 | J13: 25 | K13: =IF(I13=0,0,J13/I13) | L13: 24 | M13: Training | N13: No | O13: Average
A14: 9 | B14: TBT-009 | C14: 46136 | D14: =IF(C14="","",TEXT(C14,"MMM")) | E14: Slip Trip Fall | F14: Projects | G14: Field Site | H14: Lisa Park | I14: 21 | J14: 23 | K14: =IF(I14=0,0,J14/I14) | L14: 22 | M14: Emergency | N14: Yes | O14: Average
A15: 10 | B15: TBT-010 | C15: 46281 | D15: =IF(C15="","",TEXT(C15,"MMM")) | E15: Fire Safety | F15: Operations | G15: Plant B | H15: Raj Patel | I15: 13 | J15: 18 | K15: =IF(I15=0,0,J15/I15) | L15: 29 | M15: HIRA | N15: No | O15: Needs Improvement
A16: 11 | B16: TBT-011 | C16: 46310 | D16: =IF(C16="","",TEXT(C16,"MMM")) | E16: Slip Trip Fall | F16: Safety | G16: Plant A | H16: Sarah Wilson | I16: 25 | J16: 13 | K16: =IF(I16=0,0,J16/I16) | L16: 30 | M16: Emergency | N16: Yes | O16: Excellent
A17: 12 | B17: TBT-012 | C17: 46209 | D17: =IF(C17="","",TEXT(C17,"MMM")) | E17: Heat Stress | F17: Operations | G17: Field Site | H17: Tom Brown | I17: 13 | J17: 21 | K17: =IF(I17=0,0,J17/I17) | L17: 13 | M17: General | N17: Yes | O17: Average
... A25: 20 | B25: TBT-020 | C25: 46130 | D25: =IF(C25="","",TEXT(C25,"MMM")) | E25: Heat Stress | F25: Engineering | G25: Office | H25: Raj Patel | I25: 16 | J25: 19 | K25: =IF(I25=0,0,J25/I25) | L25: 17 | M25: HIRA | N25: No | O25: Good
A26: =IF($B26="","",ROW()-5) | D26: =IF($B26="","",IF(C26="","",TEXT(C26,"MMM"))) | K26: =IF($B26="","",IF(I26=0,0,J26/I26))
A27: =IF($B27="","",ROW()-5) | D27: =IF($B27="","",IF(C27="","",TEXT(C27,"MMM"))) | K27: =IF($B27="","",IF(I27=0,0,J27/I27))
A28: =IF($B28="","",ROW()-5) | D28: =IF($B28="","",IF(C28="","",TEXT(C28,"MMM"))) | K28: =IF($B28="","",IF(I28=0,0,J28/I28))
A29: =IF($B29="","",ROW()-5) | D29: =IF($B29="","",IF(C29="","",TEXT(C29,"MMM"))) | K29: =IF($B29="","",IF(I29=0,0,J29/I29))
A30: =IF($B30="","",ROW()-5) | D30: =IF($B30="","",IF(C30="","",TEXT(C30,"MMM"))) | K30: =IF($B30="","",IF(I30=0,0,J30/I30))
A31: =IF($B31="","",ROW()-5) | D31: =IF($B31="","",IF(C31="","",TEXT(C31,"MMM"))) | K31: =IF($B31="","",IF(I31=0,0,J31/I31))
A32: =IF($B32="","",ROW()-5) | D32: =IF($B32="","",IF(C32="","",TEXT(C32,"MMM"))) | K32: =IF($B32="","",IF(I32=0,0,J32/I32))
A33: =IF($B33="","",ROW()-5) | D33: =IF($B33="","",IF(C33="","",TEXT(C33,"MMM"))) | K33: =IF($B33="","",IF(I33=0,0,J33/I33))
A34: =IF($B34="","",ROW()-5) | D34: =IF($B34="","",IF(C34="","",TEXT(C34,"MMM"))) | K34: =IF($B34="","",IF(I34=0,0,J34/I34))
A35: =IF($B35="","",ROW()-5) | D35: =IF($B35="","",IF(C35="","",TEXT(C35,"MMM"))) | K35: =IF($B35="","",IF(I35=0,0,J35/I35))
A36: =IF($B36="","",ROW()-5) | D36: =IF($B36="","",IF(C36="","",TEXT(C36,"MMM"))) | K36: =IF($B36="","",IF(I36=0,0,J36/I36))
A37: =IF($B37="","",ROW()-5) | D37: =IF($B37="","",IF(C37="","",TEXT(C37,"MMM"))) | K37: =IF($B37="","",IF(I37=0,0,J37/I37))
... A506: =IF($B506="","",ROW()-5) | D506: =IF($B506="","",IF(C506="","",TEXT(C506,"MMM"))) | K506: =IF($B506="","",IF(I506=0,0,J506/I506))

Sheet JSA Risk Assessment
A1: 📝 JSA / RISK ASSESSMENT — DATA ENTRY
A2: 🔵 Blue = User Input | ⚫ Gray = Auto-Calculated | Use dropdowns where available
A3: IDENTIFICATION | E3: ASSESSMENT | F3: ORGANIZATIONAL | H3: PEOPLE | J3: RISK | L3: CLASSIFICATION | M3: STATUS | N3: COMPLIANCE
A4: S.No | B4: JSA No. | C4: Date | D4: Month | E4: Task/Activity | F4: Department | G4: Location | H4: Assessed By | I4: Approved By | J4: Risk Level | K4: Hazards Identified | L4: Assessment Type | M4: Approval Status | N4: Controls Implemented | O4: Compliance
A5: ⚙️ AUTO | B5: ✏️ INPUT | C5: ✏️ INPUT | D5: ⚙️ AUTO | E5: ✏️ INPUT | F5: ✏️ INPUT | G5: ✏️ INPUT | H5: ✏️ INPUT | I5: ✏️ INPUT | J5: ✏️ INPUT | K5: ✏️ INPUT | L5: ✏️ INPUT | M5: ✏️ INPUT | N5: ✏️ INPUT | O5: ⚙️ AUTO
A6: 1 | B6: JSA-001 | C6: 46043 | D6: =IF(C6="","",TEXT(C6,"MMM")) | E6: Hot Tapping | F6: Operations | G6: Plant B | H6: Maria Garcia | I6: Raj Patel | J6: Low | K6: 10 | L6: HAZOP | M6: Approved | N6: No | O6: =IF(N6="Yes",IF(M6="Approved","✅ Compliant","⚠️ Pending"),"❌ Non-Compliant")
A7: 2 | B7: JSA-002 | C7: 46028 | D7: =IF(C7="","",TEXT(C7,"MMM")) | E7: Tank Cleaning | F7: Operations | G7: Office | H7: John Smith | I7: Priya Sharma | J7: Medium | K7: 9 | L7: Bow Tie | M7: Revision Required | N7: Yes | O7: =IF(N7="Yes",IF(M7="Approved","✅ Compliant","⚠️ Pending"),"❌ Non-Compliant")
A8: 3 | B8: JSA-003 | C8: 46122 | D8: =IF(C8="","",TEXT(C8,"MMM")) | E8: Excavation Work | F8: Operations | G8: Plant A | H8: Fatima Al-Said | I8: Ahmed Khan | J8: High | K8: 12 | L8: HAZOP | M8: Approved | N8: Yes | O8: =IF(N8="Yes",IF(M8="Approved","✅ Compliant","⚠️ Pending"),"❌ Non-Compliant")
A9: 4 | B9: JSA-004 | C9: 46268 | D9: =IF(C9="","",TEXT(C9,"MMM")) | E9: Scaffold Erection | F9: Maintenance | G9: Plant B | H9: Maria Garcia | I9: David Chen | J9: High | K9: 12 | L9: Task RA | M9: Approved | N9: Yes | O9: =IF(N9="Yes",IF(M9="Approved","✅ Compliant","⚠️ Pending"),"❌ Non-Compliant")
A10: 5 | B10: JSA-005 | C10: 46225 | D10: =IF(C10="","",TEXT(C10,"MMM")) | E10: Cable Pulling | F10: Contractor | G10: Control Room | H10: John Smith | I10: Maria Garcia | J10: Medium | K10: 6 | L10: JSA | M10: Revision Required | N10: Yes | O10: =IF(N10="Yes",IF(M10="Approved","✅ Compliant","⚠️ Pending"),"❌ Non-Compliant")
A11: 6 | B11: JSA-006 | C11: 46347 | D11: =IF(C11="","",TEXT(C11,"MMM")) | E11: Electrical Work | F11: Admin | G11: Control Room | H11: Sarah Wilson | I11: Ahmed Khan | J11: Low | K11: 12 | L11: What-If | M11: Approved | N11: Yes | O11: =IF(N11="Yes",IF(M11="Approved","✅ Compliant","⚠️ Pending"),"❌ Non-Compliant")
A12: 7 | B12: JSA-007 | C12: 46272 | D12: =IF(C12="","",TEXT(C12,"MMM")) | E12: Hot Tapping | F12: Safety | G12: Warehouse | H12: Fatima Al-Said | I12: Sarah Wilson | J12: Medium | K12: 8 | L12: JSA | M12: Approved | N12: No | O12: =IF(N12="Yes",IF(M12="Approved","✅ Compliant","⚠️ Pending"),"❌ Non-Compliant")
A13: 8 | B13: JSA-008 | C13: 46288 | D13: =IF(C13="","",TEXT(C13,"MMM")) | E13: Electrical Work | F13: Contractor | G13: Plant A | H13: Tom Brown | I13: John Smith | J13: High | K13: 5 | L13: JSA | M13: Approved | N13: Yes | O13: =IF(N13="Yes",IF(M13="Approved","✅ Compliant","⚠️ Pending"),"❌ Non-Compliant")
A14: 9 | B14: JSA-009 | C14: 46374 | D14: =IF(C14="","",TEXT(C14,"MMM")) | E14: Scaffold Erection | F14: Safety | G14: Field Site | H14: Lisa Park | I14: Maria Garcia | J14: Medium | K14: 6 | L14: Bow Tie | M14: Pending Review | N14: No | O14: =IF(N14="Yes",IF(M14="Approved","✅ Compliant","⚠️ Pending"),"❌ Non-Compliant")
A15: 10 | B15: JSA-010 | C15: 46170 | D15: =IF(C15="","",TEXT(C15,"MMM")) | E15: Welding Operation | F15: Maintenance | G15: Office | H15: John Smith | I15: Ahmed Khan | J15: High | K15: 8 | L15: Task RA | M15: Pending Review | N15: Yes | O15: =IF(N15="Yes",IF(M15="Approved","✅ Compliant","⚠️ Pending"),"❌ Non-Compliant")
A16: 11 | B16: JSA-011 | C16: 46371 | D16: =IF(C16="","",TEXT(C16,"MMM")) | E16: Hot Tapping | F16: Quality | G16: Plant A | H16: Sarah Wilson | I16: Sarah Wilson | J16: Medium | K16: 11 | L16: HIRA | M16: Pending Review | N16: Yes | O16: =IF(N16="Yes",IF(M16="Approved","✅ Compliant","⚠️ Pending"),"❌ Non-Compliant")
A17: 12 | B17: JSA-012 | C17: 46208 | D17: =IF(C17="","",TEXT(C17,"MMM")) | E17: Welding Operation | F17: Safety | G17: Control Room | H17: Ahmed Khan | I17: Fatima Al-Said | J17: Medium | K17: 6 | L17: Bow Tie | M17: Approved | N17: Yes | O17: =IF(N17="Yes",IF(M17="Approved","✅ Compliant","⚠️ Pending"),"❌ Non-Compliant")
... A23: 18 | B23: JSA-018 | C23: 46045 | D23: =IF(C23="","",TEXT(C23,"MMM")) | E23: Tank Cleaning | F23: Operations | G23: Workshop | H23: Fatima Al-Said | I23: David Chen | J23: High | K23: 8 | L23: What-If | M23: Pending Review | N23: Yes | O23: =IF(N23="Yes",IF(M23="Approved","✅ Compliant","⚠️ Pending"),"❌ Non-Compliant")
A24: =IF($B24="","",ROW()-5) | D24: =IF($B24="","",IF(C24="","",TEXT(C24,"MMM"))) | O24: =IF($B24="","",IF(N24="Yes",IF(M24="Approved","✅ Compliant","⚠️ Pending"),"❌ Non-Compliant"))
A25: =IF($B25="","",ROW()-5) | D25: =IF($B25="","",IF(C25="","",TEXT(C25,"MMM"))) | O25: =IF($B25="","",IF(N25="Yes",IF(M25="Approved","✅ Compliant","⚠️ Pending"),"❌ Non-Compliant"))
A26: =IF($B26="","",ROW()-5) | D26: =IF($B26="","",IF(C26="","",TEXT(C26,"MMM"))) | O26: =IF($B26="","",IF(N26="Yes",IF(M26="Approved","✅ Compliant","⚠️ Pending"),"❌ Non-Compliant"))
A27: =IF($B27="","",ROW()-5) | D27: =IF($B27="","",IF(C27="","",TEXT(C27,"MMM"))) | O27: =IF($B27="","",IF(N27="Yes",IF(M27="Approved","✅ Compliant","⚠️ Pending"),"❌ Non-Compliant"))
A28: =IF($B28="","",ROW()-5) | D28: =IF($B28="","",IF(C28="","",TEXT(C28,"MMM"))) | O28: =IF($B28="","",IF(N28="Yes",IF(M28="Approved","✅ Compliant","⚠️ Pending"),"❌ Non-Compliant"))
A29: =IF($B29="","",ROW()-5) | D29: =IF($B29="","",IF(C29="","",TEXT(C29,"MMM"))) | O29: =IF($B29="","",IF(N29="Yes",IF(M29="Approved","✅ Compliant","⚠️ Pending"),"❌ Non-Compliant"))
A30: =IF($B30="","",ROW()-5) | D30: =IF($B30="","",IF(C30="","",TEXT(C30,"MMM"))) | O30: =IF($B30="","",IF(N30="Yes",IF(M30="Approved","✅ Compliant","⚠️ Pending"),"❌ Non-Compliant"))
A31: =IF($B31="","",ROW()-5) | D31: =IF($B31="","",IF(C31="","",TEXT(C31,"MMM"))) | O31: =IF($B31="","",IF(N31="Yes",IF(M31="Approved","✅ Compliant","⚠️ Pending"),"❌ Non-Compliant"))
A32: =IF($B32="","",ROW()-5) | D32: =IF($B32="","",IF(C32="","",TEXT(C32,"MMM"))) | O32: =IF($B32="","",IF(N32="Yes",IF(M32="Approved","✅ Compliant","⚠️ Pending"),"❌ Non-Compliant"))
A33: =IF($B33="","",ROW()-5) | D33: =IF($B33="","",IF(C33="","",TEXT(C33,"MMM"))) | O33: =IF($B33="","",IF(N33="Yes",IF(M33="Approved","✅ Compliant","⚠️ Pending"),"❌ Non-Compliant"))
A34: =IF($B34="","",ROW()-5) | D34: =IF($B34="","",IF(C34="","",TEXT(C34,"MMM"))) | O34: =IF($B34="","",IF(N34="Yes",IF(M34="Approved","✅ Compliant","⚠️ Pending"),"❌ Non-Compliant"))
A35: =IF($B35="","",ROW()-5) | D35: =IF($B35="","",IF(C35="","",TEXT(C35,"MMM"))) | O35: =IF($B35="","",IF(N35="Yes",IF(M35="Approved","✅ Compliant","⚠️ Pending"),"❌ Non-Compliant"))
... A506: =IF($B506="","",ROW()-5) | D506: =IF($B506="","",IF(C506="","",TEXT(C506,"MMM"))) | O506: =IF($B506="","",IF(N506="Yes",IF(M506="Approved","✅ Compliant","⚠️ Pending"),"❌ Non-Compliant"))

Sheet Training
A1: 🎓 TRAINING — DATA ENTRY
A2: 🔵 Blue = User Input | ⚫ Gray = Auto-Calculated | Use dropdowns where available
A3: IDENTIFICATION | E3: CONTENT | F3: CLASSIFICATION | G3: ORGANIZATIONAL | H3: PEOPLE | I3: CLASSIFICATION | J3: ATTENDANCE | M3: TIMING | N3: STATUS | O3: QUALITY | P3: COMPLIANCE
A4: S.No | B4: Training ID | C4: Date | D4: Month | E4: Course Name | F4: Training Type | G4: Department | H4: Trainer | I4: Mode | J4: Target Attendees | K4: Actual Attendees | L4: Attendance % | M4: Duration (hrs) | N4: Status | O4: Assessment Result | P4: Certificate Issued
A5: ⚙️ AUTO | B5: ✏️ INPUT | C5: ✏️ INPUT | D5: ⚙️ AUTO | E5: ✏️ INPUT | F5: ✏️ INPUT | G5: ✏️ INPUT | H5: ✏️ INPUT | I5: ✏️ INPUT | J5: ✏️ INPUT | K5: ✏️ INPUT | L5: ⚙️ AUTO | M5: ✏️ INPUT | N5: ✏️ INPUT | O5: ✏️ INPUT | P5: ✏️ INPUT
A6: 1 | B6: TRN-001 | C6: 46366 | D6: =IF(C6="","",TEXT(C6,"MMM")) | E6: Environmental | F6: Advanced | G6: Quality | H6: Fatima Al-Said | I6: On-the-Job | J6: 19 | K6: 25 | L6: =IF(J6=0,0,K6/J6) | M6: 4 | N6: Completed | O6: Fail | P6: No
A7: 2 | B7: TRN-002 | C7: 46225 | D7: =IF(C7="","",TEXT(C7,"MMM")) | E7: Confined Space | F7: Refresher | G7: Contractor | H7: Lisa Park | I7: Online | J7: 22 | K7: 25 | L7: =IF(J7=0,0,K7/J7) | M7: 2 | N7: Completed | O7: Pass | P7: Yes
A8: 3 | B8: TRN-003 | C8: 46229 | D8: =IF(C8="","",TEXT(C8,"MMM")) | E8: Incident Investigation | F8: Awareness | G8: Logistics | H8: Priya Sharma | I8: On-the-Job | J8: 24 | K8: 29 | L8: =IF(J8=0,0,K8/J8) | M8: 4 | N8: Scheduled | O8: Fail | P8: No
A9: 4 | B9: TRN-004 | C9: 46103 | D9: =IF(C9="","",TEXT(C9,"MMM")) | E9: Fire Fighting | F9: Advanced | G9: Projects | H9: Lisa Park | I9: Online | J9: 12 | K9: 15 | L9: =IF(J9=0,0,K9/J9) | M9: 40 | N9: Completed | O9: Pass | P9: Yes
A10: 5 | B10: TRN-005 | C10: 46082 | D10: =IF(C10="","",TEXT(C10,"MMM")) | E10: First Aid | F10: Refresher | G10: Admin | H10: Lisa Park | I10: Internal | J10: 24 | K10: 21 | L10: =IF(J10=0,0,K10/J10) | M10: 40 | N10: Scheduled | O10: Pass | P10: No
A11: 6 | B11: TRN-006 | C11: 46369 | D11: =IF(C11="","",TEXT(C11,"MMM")) | E11: Crane Safety | F11: Certification | G11: Construction | H11: Raj Patel | I11: Internal | J11: 13 | K11: 21 | L11: =IF(J11=0,0,K11/J11) | M11: 4 | N11: Completed | O11: N/A | P11: Yes
A12: 7 | B12: TRN-007 | C12: 46040 | D12: =IF(C12="","",TEXT(C12,"MMM")) | E12: Defensive Driving | F12: Induction | G12: Admin | H12: Raj Patel | I12: On-the-Job | J12: 26 | K12: 25 | L12: =IF(J12=0,0,K12/J12) | M12: 24 | N12: Completed | O12: Fail | P12: No
A13: 8 | B13: TRN-008 | C13: 46373 | D13: =IF(C13="","",TEXT(C13,"MMM")) | E13: Scaffold Safety | F13: Awareness | G13: Admin | H13: Raj Patel | I13: On-the-Job | J13: 24 | K13: 16 | L13: =IF(J13=0,0,K13/J13) | M13: 4 | N13: Completed | O13: N/A | P13: Yes
A14: 9 | B14: TRN-009 | C14: 46334 | D14: =IF(C14="","",TEXT(C14,"MMM")) | E14: PTW Training | F14: Certification | G14: Maintenance | H14: John Smith | I14: External | J14: 18 | K14: 18 | L14: =IF(J14=0,0,K14/J14) | M14: 8 | N14: Scheduled | O14: Pass | P14: Yes
A15: 10 | B15: TRN-010 | C15: 46089 | D15: =IF(C15="","",TEXT(C15,"MMM")) | E15: Scaffold Safety | F15: Competency | G15: Engineering | H15: Maria Garcia | I15: Internal | J15: 23 | K15: 21 | L15: =IF(J15=0,0,K15/J15) | M15: 8 | N15: Scheduled | O15: Fail | P15: Yes
A16: 11 | B16: TRN-011 | C16: 46029 | D16: =IF(C16="","",TEXT(C16,"MMM")) | E16: Scaffold Safety | F16: Certification | G16: Contractor | H16: Ahmed Khan | I16: On-the-Job | J16: 25 | K16: 8 | L16: =IF(J16=0,0,K16/J16) | M16: 8 | N16: Completed | O16: Fail | P16: Yes
A17: 12 | B17: TRN-012 | C17: 46289 | D17: =IF(C17="","",TEXT(C17,"MMM")) | E17: Confined Space | F17: Awareness | G17: Contractor | H17: Maria Garcia | I17: On-the-Job | J17: 17 | K17: 16 | L17: =IF(J17=0,0,K17/J17) | M17: 16 | N17: In Progress | O17: Pass | P17: Yes
... A25: 20 | B25: TRN-020 | C25: 46176 | D25: =IF(C25="","",TEXT(C25,"MMM")) | E25: Environmental | F25: Competency | G25: Logistics | H25: Ahmed Khan | I25: On-the-Job | J25: 25 | K25: 11 | L25: =IF(J25=0,0,K25/J25) | M25: 16 | N25: Completed | O25: Fail | P25: No
A26: =IF($B26="","",ROW()-5) | D26: =IF($B26="","",IF(C26="","",TEXT(C26,"MMM"))) | L26: =IF($B26="","",IF(J26=0,0,K26/J26))
A27: =IF($B27="","",ROW()-5) | D27: =IF($B27="","",IF(C27="","",TEXT(C27,"MMM"))) | L27: =IF($B27="","",IF(J27=0,0,K27/J27))
A28: =IF($B28="","",ROW()-5) | D28: =IF($B28="","",IF(C28="","",TEXT(C28,"MMM"))) | L28: =IF($B28="","",IF(J28=0,0,K28/J28))
A29: =IF($B29="","",ROW()-5) | D29: =IF($B29="","",IF(C29="","",TEXT(C29,"MMM"))) | L29: =IF($B29="","",IF(J29=0,0,K29/J29))
A30: =IF($B30="","",ROW()-5) | D30: =IF($B30="","",IF(C30="","",TEXT(C30,"MMM"))) | L30: =IF($B30="","",IF(J30=0,0,K30/J30))
A31: =IF($B31="","",ROW()-5) | D31: =IF($B31="","",IF(C31="","",TEXT(C31,"MMM"))) | L31: =IF($B31="","",IF(J31=0,0,K31/J31))
A32: =IF($B32="","",ROW()-5) | D32: =IF($B32="","",IF(C32="","",TEXT(C32,"MMM"))) | L32: =IF($B32="","",IF(J32=0,0,K32/J32))
A33: =IF($B33="","",ROW()-5) | D33: =IF($B33="","",IF(C33="","",TEXT(C33,"MMM"))) | L33: =IF($B33="","",IF(J33=0,0,K33/J33))
A34: =IF($B34="","",ROW()-5) | D34: =IF($B34="","",IF(C34="","",TEXT(C34,"MMM"))) | L34: =IF($B34="","",IF(J34=0,0,K34/J34))
A35: =IF($B35="","",ROW()-5) | D35: =IF($B35="","",IF(C35="","",TEXT(C35,"MMM"))) | L35: =IF($B35="","",IF(J35=0,0,K35/J35))
A36: =IF($B36="","",ROW()-5) | D36: =IF($B36="","",IF(C36="","",TEXT(C36,"MMM"))) | L36: =IF($B36="","",IF(J36=0,0,K36/J36))
A37: =IF($B37="","",ROW()-5) | D37: =IF($B37="","",IF(C37="","",TEXT(C37,"MMM"))) | L37: =IF($B37="","",IF(J37=0,0,K37/J37))
... A506: =IF($B506="","",ROW()-5) | D506: =IF($B506="","",IF(C506="","",TEXT(C506,"MMM"))) | L506: =IF($B506="","",IF(J506=0,0,K506/J506))

Sheet HSE Observations
A1: 👁️ HSE OBSERVATIONS — DATA ENTRY
A2: 🔵 Blue = User Input | ⚫ Gray = Auto-Calculated | Use dropdowns where available
A3: IDENTIFICATION | E3: CLASSIFICATION | F3: CONTENT | G3: ORGANIZATIONAL | I3: PEOPLE | K3: CLASSIFICATION | L3: RISK | M3: STATUS | N3: FOLLOW-UP
A4: S.No | B4: Obs No. | C4: Date | D4: Month | E4: Observation Type | F4: Description | G4: Department | H4: Location | I4: Observed By | J4: Responsible Person | K4: Category | L4: Risk Level | M4: Status | N4: Action Taken | O4: Due Date
A5: ⚙️ AUTO | B5: ✏️ INPUT | C5: ✏️ INPUT | D5: ⚙️ AUTO | E5: ✏️ INPUT | F5: ✏️ INPUT | G5: ✏️ INPUT | H5: ✏️ INPUT | I5: ✏️ INPUT | J5: ✏️ INPUT | K5: ✏️ INPUT | L5: ✏️ INPUT | M5: ✏️ INPUT | N5: ✏️ INPUT | O5: ✏️ INPUT
A6: 1 | B6: OBS-001 | C6: 46095 | D6: =IF(C6="","",TEXT(C6,"MMM")) | E6: Unsafe Act | F6: Unsafe Act - Improper Lifting | G6: Contractor | H6: Tank Farm | I6: Priya Sharma | J6: David Chen | K6: Environment | L6: Low | M6: Overdue | N6: Fix condition | O6: 46083
A7: 2 | B7: OBS-002 | C7: 46137 | D7: =IF(C7="","",TEXT(C7,"MMM")) | E7: Unsafe Condition | F7: Unsafe Condition - Poor Lighting | G7: Logistics | H7: Plant A | I7: Priya Sharma | J7: Fatima Al-Said | K7: General | L7: Medium | M7: In Progress | N7: Fix condition | O7: 46208
A8: 3 | B8: OBS-003 | C8: 46365 | D8: =IF(C8="","",TEXT(C8,"MMM")) | E8: Near Miss | F8: Unsafe Act - No PPE | G8: Projects | H8: Workshop | I8: Sarah Wilson | J8: Maria Garcia | K8: Fire Safety | L8: Medium | M8: Pending | N8: Recognize employee | O8: 46399
A9: 4 | B9: OBS-004 | C9: 46372 | D9: =IF(C9="","",TEXT(C9,"MMM")) | E9: Unsafe Condition | F9: Unsafe Act - No PPE | G9: Maintenance | H9: Field Site | I9: Maria Garcia | J9: David Chen | K9: Fire Safety | L9: High | M9: Overdue | N9: Recognize employee | O9: 46300
A10: 5 | B10: OBS-005 | C10: 46227 | D10: =IF(C10="","",TEXT(C10,"MMM")) | E10: Near Miss | F10: Safe Behavior - Barricading | G10: Logistics | H10: Tank Farm | I10: John Smith | J10: John Smith | K10: PPE | L10: High | M10: Completed | N10: Retrain worker | O10: 46403
A11: 6 | B11: OBS-006 | C11: 46088 | D11: =IF(C11="","",TEXT(C11,"MMM")) | E11: Unsafe Act | F11: Near Miss - Falling Object | G11: Safety | H11: Field Site | I11: Sarah Wilson | J11: Maria Garcia | K11: PPE | L11: High | M11: Overdue | N11: Retrain worker | O11: 46385
A12: 7 | B12: OBS-007 | C12: 46144 | D12: =IF(C12="","",TEXT(C12,"MMM")) | E12: Safe Act | F12: Unsafe Act - Improper Lifting | G12: Engineering | H12: Tank Farm | I12: Sarah Wilson | J12: Ahmed Khan | K12: Ergonomics | L12: Medium | M12: Pending | N12: Install signage | O12: 46098
A13: 8 | B13: OBS-008 | C13: 46238 | D13: =IF(C13="","",TEXT(C13,"MMM")) | E13: Safe Act | F13: Unsafe Condition - Poor Lighting | G13: Admin | H13: Plant B | I13: Lisa Park | J13: Ahmed Khan | K13: General | L13: High | M13: Overdue | O13: 46091
A14: 9 | B14: OBS-009 | C14: 46315 | D14: =IF(C14="","",TEXT(C14,"MMM")) | E14: Near Miss | F14: Positive - Good Housekeeping | G14: Projects | H14: Office | I14: Priya Sharma | J14: Priya Sharma | K14: PPE | L14: Low | M14: Pending | N14: Fix condition | O14: 46072
A15: 10 | B15: OBS-010 | C15: 46078 | D15: =IF(C15="","",TEXT(C15,"MMM")) | E15: Unsafe Act | F15: Positive - Good Housekeeping | G15: Safety | H15: Plant B | I15: Raj Patel | J15: Maria Garcia | K15: General | L15: Low | M15: Completed | N15: Retrain worker
A16: 11 | B16: OBS-011 | C16: 46257 | D16: =IF(C16="","",TEXT(C16,"MMM")) | E16: Near Miss | F16: Near Miss - Falling Object | G16: Safety | H16: Plant A | I16: Maria Garcia | J16: John Smith | K16: Fire Safety | L16: Medium | M16: Pending | O16: 46195
A17: 12 | B17: OBS-012 | C17: 46317 | D17: =IF(C17="","",TEXT(C17,"MMM")) | E17: Unsafe Act | F17: Unsafe Condition - Poor Lighting | G17: Maintenance | H17: Workshop | I17: Raj Patel | J17: John Smith | K17: Environment | L17: High | M17: Completed
A18: 13 | B18: OBS-013 | C18: 46162 | D18: =IF(C18="","",TEXT(C18,"MMM")) | E18: Near Miss | F18: Unsafe Act - Improper Lifting | G18: Admin | H18: Plant B | I18: Priya Sharma | J18: John Smith | K18: Fire Safety | L18: Medium | M18: Overdue | N18: Recognize employee | O18: 46263
A19: 14 | B19: OBS-014 | C19: 46036 | D19: =IF(C19="","",TEXT(C19,"MMM")) | E19: Safe Condition | F19: Unsafe Act - Improper Lifting | G19: Operations | H19: Plant B | I19: Maria Garcia | J19: Lisa Park | K19: Ergonomics | L19: High | M19: Overdue | N19: Recognize employee
A20: 15 | B20: OBS-015 | C20: 46097 | D20: =IF(C20="","",TEXT(C20,"MMM")) | E20: Near Miss | F20: Near Miss - Falling Object | G20: Safety | H20: Warehouse | I20: Lisa Park | J20: David Chen | K20: Fire Safety | L20: Medium | M20: Completed | N20: Install signage | O20: 46212
A21: 16 | B21: OBS-016 | C21: 46081 | D21: =IF(C21="","",TEXT(C21,"MMM")) | E21: Unsafe Act | F21: Safe Behavior - Barricading | G21: Quality | H21: Tank Farm | I21: John Smith | J21: David Chen | K21: Environment | L21: Low | M21: Completed | N21: Install signage
A22: 17 | B22: OBS-017 | C22: 46153 | D22: =IF(C22="","",TEXT(C22,"MMM")) | E22: Safe Act | F22: Unsafe Condition - Poor Lighting | G22: Projects | H22: Plant A | I22: Tom Brown | J22: Priya Sharma | K22: Housekeeping | L22: High | M22: In Progress | N22: Recognize employee | O22: 46276
A23: 18 | B23: OBS-018 | C23: 46029 | D23: =IF(C23="","",TEXT(C23,"MMM")) | E23: Safe Condition | F23: Unsafe Condition - Spill | G23: Safety | H23: Tank Farm | I23: Priya Sharma | J23: Sarah Wilson | K23: BBS | L23: Low | M23: In Progress | N23: Retrain worker | O23: 46060
A24: 19 | B24: OBS-019 | C24: 46061 | D24: =IF(C24="","",TEXT(C24,"MMM")) | E24: Safe Act | F24: Near Miss - Falling Object | G24: Maintenance | H24: Warehouse | I24: Priya Sharma | J24: John Smith | K24: Ergonomics | L24: Low | M24: Overdue | N24: Install signage | O24: 46263
A25: 20 | B25: OBS-020 | C25: 46270 | D25: =IF(C25="","",TEXT(C25,"MMM")) | E25: Unsafe Condition | F25: Positive - Good Housekeeping | G25: Contractor | H25: Warehouse | I25: Sarah Wilson | J25: John Smith | K25: Environment | L25: Medium | M25: Overdue | N25: Recognize employee
A26: =IF($B26="","",ROW()-5) | D26: =IF($B26="","",IF(C26="","",TEXT(C26,"MMM")))
A27: =IF($B27="","",ROW()-5) | D27: =IF($B27="","",IF(C27="","",TEXT(C27,"MMM")))
A28: =IF($B28="","",ROW()-5) | D28: =IF($B28="","",IF(C28="","",TEXT(C28,"MMM")))
A29: =IF($B29="","",ROW()-5) | D29: =IF($B29="","",IF(C29="","",TEXT(C29,"MMM")))
A30: =IF($B30="","",ROW()-5) | D30: =IF($B30="","",IF(C30="","",TEXT(C30,"MMM")))
A31: =IF($B31="","",ROW()-5) | D31: =IF($B31="","",IF(C31="","",TEXT(C31,"MMM")))
A32: =IF($B32="","",ROW()-5) | D32: =IF($B32="","",IF(C32="","",TEXT(C32,"MMM")))
A33: =IF($B33="","",ROW()-5) | D33: =IF($B33="","",IF(C33="","",TEXT(C33,"MMM")))
A34: =IF($B34="","",ROW()-5) | D34: =IF($B34="","",IF(C34="","",TEXT(C34,"MMM")))
A35: =IF($B35="","",ROW()-5) | D35: =IF($B35="","",IF(C35="","",TEXT(C35,"MMM")))
A36: =IF($B36="","",ROW()-5) | D36: =IF($B36="","",IF(C36="","",TEXT(C36,"MMM")))
A37: =IF($B37="","",ROW()-5) | D37: =IF($B37="","",IF(C37="","",TEXT(C37,"MMM")))
... A506: =IF($B506="","",ROW()-5) | D506: =IF($B506="","",IF(C506="","",TEXT(C506,"MMM")))

Sheet Workplace Inspections
A1: 🔍 WORKPLACE INSPECTIONS — DATA ENTRY
A2: 🔵 Blue = User Input | ⚫ Gray = Auto-Calculated | Use dropdowns where available
A3: IDENTIFICATION | E3: SCOPE | F3: ORGANIZATIONAL | H3: PEOPLE | I3: FINDINGS | L3: QUALITY | M3: STATUS | N3: FOLLOW-UP
A4: S.No | B4: Ref No. | C4: Date | D4: Month | E4: Inspection Area/Item | F4: Department | G4: Location | H4: Inspector | I4: Checkpoints Inspected | J4: Non-Conformances | K4: Critical Findings | L4: Overall Rating | M4: Status | N4: Corrective Action | O4: Due Date
A5: ⚙️ AUTO | B5: ✏️ INPUT | C5: ✏️ INPUT | D5: ⚙️ AUTO | E5: ✏️ INPUT | F5: ✏️ INPUT | G5: ✏️ INPUT | H5: ✏️ INPUT | I5: ✏️ INPUT | J5: ✏️ INPUT | K5: ✏️ INPUT | L5: ✏️ INPUT | M5: ✏️ INPUT | N5: ✏️ INPUT | O5: ✏️ INPUT
A6: 1 | B6: WPI-001 | C6: 46032 | D6: =IF(C6="","",TEXT(C6,"MMM")) | E6: Chemical Storage | F6: Contractor | G6: Tank Farm | H6: Raj Patel | I6: 19 | J6: 4 | K6: 3 | L6: Unsatisfactory | M6: Overdue | N6: Install guard | O6: 46235
A7: 2 | B7: WPI-002 | C7: 46135 | D7: =IF(C7="","",TEXT(C7,"MMM")) | E7: Emergency Exit | F7: Contractor | G7: Office | H7: Maria Garcia | I7: 18 | J7: 0 | K7: 2 | L7: Good | M7: Pending | N7: Clean area | O7: 46353
A8: 3 | B8: WPI-003 | C8: 46027 | D8: =IF(C8="","",TEXT(C8,"MMM")) | E8: Ventilation | F8: Contractor | G8: Control Room | H8: Sarah Wilson | I8: 19 | J8: 0 | K8: 3 | L8: Satisfactory | M8: In Progress | N8: Clean area | O8: 46106
A9: 4 | B9: WPI-004 | C9: 46153 | D9: =IF(C9="","",TEXT(C9,"MMM")) | E9: Lighting | F9: Quality | G9: Plant B | H9: Fatima Al-Said | I9: 17 | J9: 2 | K9: 3 | L9: Excellent | M9: Completed | N9: Install guard
A10: 5 | B10: WPI-005 | C10: 46348 | D10: =IF(C10="","",TEXT(C10,"MMM")) | E10: Chemical Storage | F10: Construction | G10: Plant B | H10: David Chen | I10: 8 | J10: 5 | K10: 0 | L10: Good | M10: In Progress | N10: Replace equipment | O10: 46041
A11: 6 | B11: WPI-006 | C11: 46154 | D11: =IF(C11="","",TEXT(C11,"MMM")) | E11: Electrical Panel | F11: Quality | G11: Warehouse | H11: Maria Garcia | I11: 18 | J11: 4 | K11: 1 | L11: Needs Improvement | M11: In Progress | O11: 46251
A12: 7 | B12: WPI-007 | C12: 46128 | D12: =IF(C12="","",TEXT(C12,"MMM")) | E12: Lighting | F12: Engineering | G12: Workshop | H12: Priya Sharma | I12: 13 | J12: 3 | K12: 2 | L12: Satisfactory | M12: Pending | N12: Replace equipment | O12: 46105
A13: 8 | B13: WPI-008 | C13: 46192 | D13: =IF(C13="","",TEXT(C13,"MMM")) | E13: Chemical Storage | F13: Quality | G13: Field Site | H13: Priya Sharma | I13: 14 | J13: 1 | K13: 3 | L13: Good | M13: Completed | N13: Fix issue | O13: 46208
A14: 9 | B14: WPI-009 | C14: 46366 | D14: =IF(C14="","",TEXT(C14,"MMM")) | E14: Fire Equipment | F14: Quality | G14: Field Site | H14: Ahmed Khan | I14: 6 | J14: 4 | K14: 3 | L14: Unsatisfactory | M14: In Progress | N14: Install guard | O14: 46146
A15: 10 | B15: WPI-010 | C15: 46304 | D15: =IF(C15="","",TEXT(C15,"MMM")) | E15: PPE Station | F15: Maintenance | G15: Plant A | H15: John Smith | I15: 19 | J15: 0 | K15: 2 | L15: Needs Improvement | M15: Completed | N15: Replace equipment | O15: 46222
A16: 11 | B16: WPI-011 | C16: 46107 | D16: =IF(C16="","",TEXT(C16,"MMM")) | E16: Ventilation | F16: Logistics | G16: Field Site | H16: Raj Patel | I16: 13 | J16: 3 | K16: 2 | L16: Unsatisfactory | M16: Completed | N16: Clean area | O16: 46120
A17: 12 | B17: WPI-012 | C17: 46350 | D17: =IF(C17="","",TEXT(C17,"MMM")) | E17: First Aid Kit | F17: Projects | G17: Control Room | H17: Sarah Wilson | I17: 17 | J17: 0 | K17: 2 | L17: Excellent | M17: Completed | N17: Clean area | O17: 46393
A18: 13 | B18: WPI-013 | C18: 46308 | D18: =IF(C18="","",TEXT(C18,"MMM")) | E18: Electrical Panel | F18: Maintenance | G18: Workshop | H18: Priya Sharma | I18: 5 | J18: 4 | K18: 2 | L18: Excellent | M18: In Progress | O18: 46273
A19: 14 | B19: WPI-014 | C19: 46340 | D19: =IF(C19="","",TEXT(C19,"MMM")) | E19: Housekeeping | F19: Engineering | G19: Plant A | H19: Ahmed Khan | I19: 14 | J19: 3 | K19: 0 | L19: Satisfactory | M19: In Progress | N19: Install guard
A20: 15 | B20: WPI-015 | C20: 46246 | D20: =IF(C20="","",TEXT(C20,"MMM")) | E20: Ventilation | F20: Quality | G20: Warehouse | H20: David Chen | I20: 8 | J20: 3 | K20: 3 | L20: Unsatisfactory | M20: Completed | N20: Replace equipment
A21: 16 | B21: WPI-016 | C21: 46242 | D21: =IF(C21="","",TEXT(C21,"MMM")) | E21: Electrical Panel | F21: Maintenance | G21: Control Room | H21: Tom Brown | I21: 16 | J21: 0 | K21: 3 | L21: Unsatisfactory | M21: In Progress | O21: 46265
A22: 17 | B22: WPI-017 | C22: 46133 | D22: =IF(C22="","",TEXT(C22,"MMM")) | E22: Lighting | F22: Operations | G22: Plant A | H22: Fatima Al-Said | I22: 12 | J22: 1 | K22: 1 | L22: Satisfactory | M22: Cancelled | N22: Fix issue | O22: 46134
A23: 18 | B23: WPI-018 | C23: 46296 | D23: =IF(C23="","",TEXT(C23,"MMM")) | E23: Chemical Storage | F23: Engineering | G23: Warehouse | H23: Tom Brown | I23: 13 | J23: 1 | K23: 0 | L23: Satisfactory | M23: In Progress | O23: 46148
A24: =IF($B24="","",ROW()-5) | D24: =IF($B24="","",IF(C24="","",TEXT(C24,"MMM")))
A25: =IF($B25="","",ROW()-5) | D25: =IF($B25="","",IF(C25="","",TEXT(C25,"MMM")))
A26: =IF($B26="","",ROW()-5) | D26: =IF($B26="","",IF(C26="","",TEXT(C26,"MMM")))
A27: =IF($B27="","",ROW()-5) | D27: =IF($B27="","",IF(C27="","",TEXT(C27,"MMM")))
A28: =IF($B28="","",ROW()-5) | D28: =IF($B28="","",IF(C28="","",TEXT(C28,"MMM")))
A29: =IF($B29="","",ROW()-5) | D29: =IF($B29="","",IF(C29="","",TEXT(C29,"MMM")))
A30: =IF($B30="","",ROW()-5) | D30: =IF($B30="","",IF(C30="","",TEXT(C30,"MMM")))
A31: =IF($B31="","",ROW()-5) | D31: =IF($B31="","",IF(C31="","",TEXT(C31,"MMM")))
A32: =IF($B32="","",ROW()-5) | D32: =IF($B32="","",IF(C32="","",TEXT(C32,"MMM")))
A33: =IF($B33="","",ROW()-5) | D33: =IF($B33="","",IF(C33="","",TEXT(C33,"MMM")))
A34: =IF($B34="","",ROW()-5) | D34: =IF($B34="","",IF(C34="","",TEXT(C34,"MMM")))
A35: =IF($B35="","",ROW()-5) | D35: =IF($B35="","",IF(C35="","",TEXT(C35,"MMM")))
... A506: =IF($B506="","",ROW()-5) | D506: =IF($B506="","",IF(C506="","",TEXT(C506,"MMM")))

Sheet Equipment Inspections
A1: 🔧 EQUIPMENT INSPECTIONS — DATA ENTRY
A2: 🔵 Blue = User Input | ⚫ Gray = Auto-Calculated | Use dropdowns where available
A3: IDENTIFICATION | E3: SCOPE | F3: ORGANIZATIONAL | H3: PEOPLE | I3: FINDINGS | L3: QUALITY | M3: STATUS | N3: FOLLOW-UP
A4: S.No | B4: Ref No. | C4: Date | D4: Month | E4: Inspection Area/Item | F4: Department | G4: Location | H4: Inspector | I4: Checkpoints Inspected | J4: Non-Conformances | K4: Critical Findings | L4: Overall Rating | M4: Status | N4: Corrective Action | O4: Due Date
A5: ⚙️ AUTO | B5: ✏️ INPUT | C5: ✏️ INPUT | D5: ⚙️ AUTO | E5: ✏️ INPUT | F5: ✏️ INPUT | G5: ✏️ INPUT | H5: ✏️ INPUT | I5: ✏️ INPUT | J5: ✏️ INPUT | K5: ✏️ INPUT | L5: ✏️ INPUT | M5: ✏️ INPUT | N5: ✏️ INPUT | O5: ✏️ INPUT
A6: 1 | B6: EQI-001 | C6: 46028 | D6: =IF(C6="","",TEXT(C6,"MMM")) | E6: Compressor | F6: Operations | G6: Warehouse | H6: David Chen | I6: 8 | J6: 5 | K6: 0 | L6: Good | M6: Pending | N6: Replace equipment | O6: 46091
A7: 2 | B7: EQI-002 | C7: 46132 | D7: =IF(C7="","",TEXT(C7,"MMM")) | E7: Crane | F7: Projects | G7: Field Site | H7: Priya Sharma | I7: 5 | J7: 0 | K7: 3 | L7: Good | M7: Pending | O7: 46246
A8: 3 | B8: EQI-003 | C8: 46193 | D8: =IF(C8="","",TEXT(C8,"MMM")) | E8: Scaffold | F8: Maintenance | G8: Warehouse | H8: John Smith | I8: 15 | J8: 3 | K8: 2 | L8: Good | M8: Cancelled | N8: Install guard | O8: 46387
A9: 4 | B9: EQI-004 | C9: 46351 | D9: =IF(C9="","",TEXT(C9,"MMM")) | E9: Hoist | F9: Construction | G9: Office | H9: Priya Sharma | I9: 12 | J9: 3 | K9: 2 | L9: Good | M9: Pending | N9: Clean area | O9: 46204
A10: 5 | B10: EQI-005 | C10: 46335 | D10: =IF(C10="","",TEXT(C10,"MMM")) | E10: Generator | F10: Engineering | G10: Tank Farm | H10: Sarah Wilson | I10: 7 | J10: 0 | K10: 0 | L10: Good | M10: Completed | N10: Replace equipment | O10: 46292
A11: 6 | B11: EQI-006 | C11: 46283 | D11: =IF(C11="","",TEXT(C11,"MMM")) | E11: Generator | F11: Maintenance | G11: Office | H11: Fatima Al-Said | I11: 18 | J11: 5 | K11: 0 | L11: Unsatisfactory | M11: Cancelled | N11: Replace equipment | O11: 46325
A12: 7 | B12: EQI-007 | C12: 46103 | D12: =IF(C12="","",TEXT(C12,"MMM")) | E12: Conveyor | F12: Construction | G12: Plant B | H12: Fatima Al-Said | I12: 16 | J12: 0 | K12: 2 | L12: Excellent | M12: In Progress | N12: Clean area | O12: 46343
A13: 8 | B13: EQI-008 | C13: 46344 | D13: =IF(C13="","",TEXT(C13,"MMM")) | E13: Crane | F13: Contractor | G13: Field Site | H13: Ahmed Khan | I13: 10 | J13: 2 | K13: 2 | L13: Unsatisfactory | M13: Overdue
A14: 9 | B14: EQI-009 | C14: 46100 | D14: =IF(C14="","",TEXT(C14,"MMM")) | E14: Pump | F14: Maintenance | G14: Warehouse | H14: Ahmed Khan | I14: 7 | J14: 5 | K14: 1 | L14: Good | M14: Pending | N14: Clean area | O14: 46213
A15: 10 | B15: EQI-010 | C15: 46198 | D15: =IF(C15="","",TEXT(C15,"MMM")) | E15: Welding Machine | F15: Contractor | G15: Plant B | H15: Ahmed Khan | I15: 9 | J15: 1 | K15: 0 | L15: Satisfactory | M15: Overdue | N15: Clean area | O15: 46275
A16: 11 | B16: EQI-011 | C16: 46212 | D16: =IF(C16="","",TEXT(C16,"MMM")) | E16: Pressure Vessel | F16: Projects | G16: Plant B | H16: Fatima Al-Said | I16: 18 | J16: 0 | K16: 2 | L16: Excellent | M16: Pending | N16: Install guard | O16: 46049
A17: 12 | B17: EQI-012 | C17: 46297 | D17: =IF(C17="","",TEXT(C17,"MMM")) | E17: Crane | F17: Construction | G17: Field Site | H17: Maria Garcia | I17: 9 | J17: 2 | K17: 2 | L17: Unsatisfactory | M17: Completed | O17: 46220
A18: 13 | B18: EQI-013 | C18: 46221 | D18: =IF(C18="","",TEXT(C18,"MMM")) | E18: Pressure Vessel | F18: Projects | G18: Control Room | H18: Sarah Wilson | I18: 17 | J18: 5 | K18: 0 | L18: Good | M18: Completed | N18: Clean area | O18: 46212
A19: 14 | B19: EQI-014 | C19: 46308 | D19: =IF(C19="","",TEXT(C19,"MMM")) | E19: Pump | F19: Safety | G19: Plant B | H19: David Chen | I19: 5 | J19: 2 | K19: 1 | L19: Excellent | M19: Pending | N19: Replace equipment
A20: 15 | B20: EQI-015 | C20: 46061 | D20: =IF(C20="","",TEXT(C20,"MMM")) | E20: Pump | F20: Contractor | G20: Office | H20: Tom Brown | I20: 7 | J20: 3 | K20: 2 | L20: Unsatisfactory | M20: In Progress | N20: Replace equipment | O20: 46097
A21: 16 | B21: EQI-016 | C21: 46070 | D21: =IF(C21="","",TEXT(C21,"MMM")) | E21: Hoist | F21: Construction | G21: Control Room | H21: Fatima Al-Said | I21: 9 | J21: 1 | K21: 0 | L21: Needs Improvement | M21: Overdue | N21: Fix issue
A22: 17 | B22: EQI-017 | C22: 46106 | D22: =IF(C22="","",TEXT(C22,"MMM")) | E22: Forklift | F22: Engineering | G22: Tank Farm | H22: Priya Sharma | I22: 19 | J22: 5 | K22: 2 | L22: Unsatisfactory | M22: In Progress | N22: Clean area
A23: 18 | B23: EQI-018 | C23: 46255 | D23: =IF(C23="","",TEXT(C23,"MMM")) | E23: Compressor | F23: Safety | G23: Plant A | H23: Fatima Al-Said | I23: 7 | J23: 2 | K23: 3 | L23: Good | M23: Completed | O23: 46172
A24: =IF($B24="","",ROW()-5) | D24: =IF($B24="","",IF(C24="","",TEXT(C24,"MMM")))
A25: =IF($B25="","",ROW()-5) | D25: =IF($B25="","",IF(C25="","",TEXT(C25,"MMM")))
A26: =IF($B26="","",ROW()-5) | D26: =IF($B26="","",IF(C26="","",TEXT(C26,"MMM")))
A27: =IF($B27="","",ROW()-5) | D27: =IF($B27="","",IF(C27="","",TEXT(C27,"MMM")))
A28: =IF($B28="","",ROW()-5) | D28: =IF($B28="","",IF(C28="","",TEXT(C28,"MMM")))
A29: =IF($B29="","",ROW()-5) | D29: =IF($B29="","",IF(C29="","",TEXT(C29,"MMM")))
A30: =IF($B30="","",ROW()-5) | D30: =IF($B30="","",IF(C30="","",TEXT(C30,"MMM")))
A31: =IF($B31="","",ROW()-5) | D31: =IF($B31="","",IF(C31="","",TEXT(C31,"MMM")))
A32: =IF($B32="","",ROW()-5) | D32: =IF($B32="","",IF(C32="","",TEXT(C32,"MMM")))
A33: =IF($B33="","",ROW()-5) | D33: =IF($B33="","",IF(C33="","",TEXT(C33,"MMM")))
A34: =IF($B34="","",ROW()-5) | D34: =IF($B34="","",IF(C34="","",TEXT(C34,"MMM")))
A35: =IF($B35="","",ROW()-5) | D35: =IF($B35="","",IF(C35="","",TEXT(C35,"MMM")))
... A506: =IF($B506="","",ROW()-5) | D506: =IF($B506="","",IF(C506="","",TEXT(C506,"MMM")))

Sheet Safety Walkthroughs
A1: 🚶 SAFETY WALKTHROUGHS — DATA ENTRY
A2: 🔵 Blue = User Input | ⚫ Gray = Auto-Calculated | Use dropdowns where available
A3: IDENTIFICATION | E3: SCOPE | F3: ORGANIZATIONAL | H3: PEOPLE | I3: FINDINGS | L3: QUALITY | M3: STATUS | N3: FOLLOW-UP
A4: S.No | B4: Ref No. | C4: Date | D4: Month | E4: Inspection Area/Item | F4: Department | G4: Location | H4: Inspector | I4: Checkpoints Inspected | J4: Non-Conformances | K4: Critical Findings | L4: Overall Rating | M4: Status | N4: Corrective Action | O4: Due Date
A5: ⚙️ AUTO | B5: ✏️ INPUT | C5: ✏️ INPUT | D5: ⚙️ AUTO | E5: ✏️ INPUT | F5: ✏️ INPUT | G5: ✏️ INPUT | H5: ✏️ INPUT | I5: ✏️ INPUT | J5: ✏️ INPUT | K5: ✏️ INPUT | L5: ✏️ INPUT | M5: ✏️ INPUT | N5: ✏️ INPUT | O5: ✏️ INPUT
A6: 1 | B6: SWT-001 | C6: 46073 | D6: =IF(C6="","",TEXT(C6,"MMM")) | E6: Perimeter | F6: Projects | G6: Office | H6: Priya Sharma | I6: 6 | J6: 3 | K6: 1 | L6: Unsatisfactory | M6: Cancelled | N6: Clean area | O6: 46047
A7: 2 | B7: SWT-002 | C7: 46196 | D7: =IF(C7="","",TEXT(C7,"MMM")) | E7: Storage Yard | F7: Projects | G7: Warehouse | H7: Ahmed Khan | I7: 12 | J7: 5 | K7: 3 | L7: Good | M7: Cancelled | N7: Install guard | O7: 46201
A8: 3 | B8: SWT-003 | C8: 46217 | D8: =IF(C8="","",TEXT(C8,"MMM")) | E8: Parking Area | F8: Contractor | G8: Plant A | H8: Fatima Al-Said | I8: 7 | J8: 2 | K8: 0 | L8: Excellent | M8: Pending | N8: Replace equipment
A9: 4 | B9: SWT-004 | C9: 46346 | D9: =IF(C9="","",TEXT(C9,"MMM")) | E9: Workshop Floor | F9: Logistics | G9: Plant B | H9: Lisa Park | I9: 9 | J9: 2 | K9: 2 | L9: Good | M9: In Progress | N9: Install guard | O9: 46087
A10: 5 | B10: SWT-005 | C10: 46224 | D10: =IF(C10="","",TEXT(C10,"MMM")) | E10: Parking Area | F10: Engineering | G10: Plant B | H10: David Chen | I10: 16 | J10: 0 | K10: 2 | L10: Unsatisfactory | M10: In Progress | N10: Fix issue | O10: 46255
A11: 6 | B11: SWT-006 | C11: 46086 | D11: =IF(C11="","",TEXT(C11,"MMM")) | E11: Storage Yard | F11: Safety | G11: Plant B | H11: Tom Brown | I11: 6 | J11: 5 | K11: 2 | L11: Excellent | M11: In Progress | N11: Install guard | O11: 46116
A12: 7 | B12: SWT-007 | C12: 46321 | D12: =IF(C12="","",TEXT(C12,"MMM")) | E12: Workshop Floor | F12: Admin | G12: Plant A | H12: David Chen | I12: 16 | J12: 5 | K12: 1 | L12: Good | M12: Cancelled | N12: Replace equipment | O12: 46266
A13: 8 | B13: SWT-008 | C13: 46122 | D13: =IF(C13="","",TEXT(C13,"MMM")) | E13: Restrooms | F13: Construction | G13: Control Room | H13: Lisa Park | I13: 19 | J13: 3 | K13: 2 | L13: Good | M13: Cancelled | N13: Install guard | O13: 46121
A14: 9 | B14: SWT-009 | C14: 46300 | D14: =IF(C14="","",TEXT(C14,"MMM")) | E14: Loading Dock | F14: Operations | G14: Tank Farm | H14: Fatima Al-Said | I14: 8 | J14: 5 | K14: 0 | L14: Unsatisfactory | M14: Completed | N14: Fix issue
A15: 10 | B15: SWT-010 | C15: 46270 | D15: =IF(C15="","",TEXT(C15,"MMM")) | E15: Canteen | F15: Maintenance | G15: Workshop | H15: Priya Sharma | I15: 16 | J15: 0 | K15: 3 | L15: Satisfactory | M15: Pending | N15: Install guard | O15: 46224
A16: 11 | B16: SWT-011 | C16: 46113 | D16: =IF(C16="","",TEXT(C16,"MMM")) | E16: Parking Area | F16: Maintenance | G16: Control Room | H16: Raj Patel | I16: 9 | J16: 0 | K16: 2 | L16: Good | M16: In Progress | N16: Clean area | O16: 46032
A17: 12 | B17: SWT-012 | C17: 46149 | D17: =IF(C17="","",TEXT(C17,"MMM")) | E17: Workshop Floor | F17: Projects | G17: Office | H17: Sarah Wilson | I17: 14 | J17: 1 | K17: 2 | L17: Satisfactory | M17: Completed | N17: Fix issue | O17: 46319
A18: 13 | B18: SWT-013 | C18: 46080 | D18: =IF(C18="","",TEXT(C18,"MMM")) | E18: Restrooms | F18: Contractor | G18: Plant A | H18: Tom Brown | I18: 12 | J18: 5 | K18: 1 | L18: Unsatisfactory | M18: Pending | O18: 46151
A19: 14 | B19: SWT-014 | C19: 46103 | D19: =IF(C19="","",TEXT(C19,"MMM")) | E19: Storage Yard | F19: Projects | G19: Control Room | H19: Sarah Wilson | I19: 5 | J19: 3 | K19: 3 | L19: Satisfactory | M19: Pending | N19: Replace equipment
A20: 15 | B20: SWT-015 | C20: 46034 | D20: =IF(C20="","",TEXT(C20,"MMM")) | E20: Storage Yard | F20: Logistics | G20: Workshop | H20: Sarah Wilson | I20: 15 | J20: 1 | K20: 0 | L20: Unsatisfactory | M20: Cancelled | N20: Replace equipment | O20: 46136
A21: =IF($B21="","",ROW()-5) | D21: =IF($B21="","",IF(C21="","",TEXT(C21,"MMM")))
A22: =IF($B22="","",ROW()-5) | D22: =IF($B22="","",IF(C22="","",TEXT(C22,"MMM")))
A23: =IF($B23="","",ROW()-5) | D23: =IF($B23="","",IF(C23="","",TEXT(C23,"MMM")))
A24: =IF($B24="","",ROW()-5) | D24: =IF($B24="","",IF(C24="","",TEXT(C24,"MMM")))
A25: =IF($B25="","",ROW()-5) | D25: =IF($B25="","",IF(C25="","",TEXT(C25,"MMM")))
A26: =IF($B26="","",ROW()-5) | D26: =IF($B26="","",IF(C26="","",TEXT(C26,"MMM")))
A27: =IF($B27="","",ROW()-5) | D27: =IF($B27="","",IF(C27="","",TEXT(C27,"MMM")))
A28: =IF($B28="","",ROW()-5) | D28: =IF($B28="","",IF(C28="","",TEXT(C28,"MMM")))
A29: =IF($B29="","",ROW()-5) | D29: =IF($B29="","",IF(C29="","",TEXT(C29,"MMM")))
A30: =IF($B30="","",ROW()-5) | D30: =IF($B30="","",IF(C30="","",TEXT(C30,"MMM")))
A31: =IF($B31="","",ROW()-5) | D31: =IF($B31="","",IF(C31="","",TEXT(C31,"MMM")))
A32: =IF($B32="","",ROW()-5) | D32: =IF($B32="","",IF(C32="","",TEXT(C32,"MMM")))
... A506: =IF($B506="","",ROW()-5) | D506: =IF($B506="","",IF(C506="","",TEXT(C506,"MMM")))

Sheet Safety Meetings
A1: 🤝 SAFETY MEETINGS — DATA ENTRY
A2: 🔵 Blue = User Input | ⚫ Gray = Auto-Calculated | Use dropdowns where available
A3: IDENTIFICATION | E3: CLASSIFICATION | F3: CONTENT | G3: ORGANIZATIONAL | H3: PEOPLE | I3: ATTENDANCE | L3: TIMING | M3: ACTIONS | P3: COMPLIANCE
A4: S.No | B4: Meeting ID | C4: Date | D4: Month | E4: Frequency | F4: Topic/Agenda | G4: Department | H4: Chaired By | I4: Invited | J4: Attended | K4: Attendance % | L4: Duration (min) | M4: Action Items Raised | N4: Actions Closed | O4: Close-out % | P4: MoM Circulated
A5: ⚙️ AUTO | B5: ✏️ INPUT | C5: ✏️ INPUT | D5: ⚙️ AUTO | E5: ✏️ INPUT | F5: ✏️ INPUT | G5: ✏️ INPUT | H5: ✏️ INPUT | I5: ✏️ INPUT | J5: ✏️ INPUT | K5: ⚙️ AUTO | L5: ✏️ INPUT | M5: ✏️ INPUT | N5: ✏️ INPUT | O5: ⚙️ AUTO | P5: ✏️ INPUT
A6: 1 | B6: MTG-001 | C6: 46257 | D6: =IF(C6="","",TEXT(C6,"MMM")) | E6: Ad-hoc | F6: Safety Committee | G6: Engineering | H6: Sarah Wilson | I6: 19 | J6: 4 | K6: =IF(I6=0,0,J6/I6) | L6: 67 | M6: 4 | N6: 0 | O6: =IF(M6=0,0,N6/M6) | P6: Yes
A7: 2 | B7: MTG-002 | C7: 46033 | D7: =IF(C7="","",TEXT(C7,"MMM")) | E7: Quarterly | F7: Emergency Planning | G7: Projects | H7: Priya Sharma | I7: 13 | J7: 4 | K7: =IF(I7=0,0,J7/I7) | L7: 112 | M7: 4 | N7: 4 | O7: =IF(M7=0,0,N7/M7) | P7: No
A8: 3 | B8: MTG-003 | C8: 46050 | D8: =IF(C8="","",TEXT(C8,"MMM")) | E8: Quarterly | F8: Management Review | G8: Maintenance | H8: Fatima Al-Said | I8: 18 | J8: 15 | K8: =IF(I8=0,0,J8/I8) | L8: 86 | M8: 7 | N8: 5 | O8: =IF(M8=0,0,N8/M8) | P8: Yes
A9: 4 | B9: MTG-004 | C9: 46257 | D9: =IF(C9="","",TEXT(C9,"MMM")) | E9: Ad-hoc | F9: Incident Debrief | G9: Projects | H9: John Smith | I9: 7 | J9: 16 | K9: =IF(I9=0,0,J9/I9) | L9: 40 | M9: 7 | N9: 2 | O9: =IF(M9=0,0,N9/M9) | P9: No
A10: 5 | B10: MTG-005 | C10: 46177 | D10: =IF(C10="","",TEXT(C10,"MMM")) | E10: Weekly | F10: Incident Debrief | G10: Safety | H10: John Smith | I10: 19 | J10: 16 | K10: =IF(I10=0,0,J10/I10) | L10: 51 | M10: 8 | N10: 5 | O10: =IF(M10=0,0,N10/M10) | P10: No
A11: 6 | B11: MTG-006 | C11: 46046 | D11: =IF(C11="","",TEXT(C11,"MMM")) | E11: Quarterly | F11: Emergency Planning | G11: Safety | H11: Ahmed Khan | I11: 7 | J11: 15 | K11: =IF(I11=0,0,J11/I11) | L11: 76 | M11: 3 | N11: 0 | O11: =IF(M11=0,0,N11/M11) | P11: Yes
A12: 7 | B12: MTG-007 | C12: 46317 | D12: =IF(C12="","",TEXT(C12,"MMM")) | E12: Ad-hoc | F12: Monthly HSE Review | G12: Engineering | H12: Sarah Wilson | I12: 12 | J12: 14 | K12: =IF(I12=0,0,J12/I12) | L12: 76 | M12: 7 | N12: 0 | O12: =IF(M12=0,0,N12/M12) | P12: Yes
A13: 8 | B13: MTG-008 | C13: 46341 | D13: =IF(C13="","",TEXT(C13,"MMM")) | E13: Quarterly | F13: Incident Debrief | G13: Admin | H13: Sarah Wilson | I13: 9 | J13: 19 | K13: =IF(I13=0,0,J13/I13) | L13: 76 | M13: 7 | N13: 5 | O13: =IF(M13=0,0,N13/M13) | P13: No
A14: 9 | B14: MTG-009 | C14: 46116 | D14: =IF(C14="","",TEXT(C14,"MMM")) | E14: Weekly | F14: Safety Committee | G14: Admin | H14: Tom Brown | I14: 17 | J14: 20 | K14: =IF(I14=0,0,J14/I14) | L14: 45 | M14: 5 | N14: 4 | O14: =IF(M14=0,0,N14/M14) | P14: No
A15: 10 | B15: MTG-010 | C15: 46132 | D15: =IF(C15="","",TEXT(C15,"MMM")) | E15: Quarterly | F15: Audit Follow-up | G15: Construction | H15: Sarah Wilson | I15: 9 | J15: 5 | K15: =IF(I15=0,0,J15/I15) | L15: 87 | M15: 3 | N15: 7 | O15: =IF(M15=0,0,N15/M15) | P15: Yes
A16: 11 | B16: MTG-011 | C16: 46354 | D16: =IF(C16="","",TEXT(C16,"MMM")) | E16: Quarterly | F16: Incident Debrief | G16: Maintenance | H16: Tom Brown | I16: 14 | J16: 12 | K16: =IF(I16=0,0,J16/I16) | L16: 50 | M16: 3 | N16: 5 | O16: =IF(M16=0,0,N16/M16) | P16: Yes
A17: 12 | B17: MTG-012 | C17: 46060 | D17: =IF(C17="","",TEXT(C17,"MMM")) | E17: Monthly | F17: Contractor Briefing | G17: Admin | H17: Ahmed Khan | I17: 16 | J17: 20 | K17: =IF(I17=0,0,J17/I17) | L17: 103 | M17: 6 | N17: 7 | O17: =IF(M17=0,0,N17/M17) | P17: Yes
... A23: 18 | B23: MTG-018 | C23: 46333 | D23: =IF(C23="","",TEXT(C23,"MMM")) | E23: Annual | F23: Emergency Planning | G23: Contractor | H23: Ahmed Khan | I23: 20 | J23: 20 | K23: =IF(I23=0,0,J23/I23) | L23: 67 | M23: 5 | N23: 7 | O23: =IF(M23=0,0,N23/M23) | P23: Yes
A24: =IF($B24="","",ROW()-5) | D24: =IF($B24="","",IF(C24="","",TEXT(C24,"MMM"))) | K24: =IF($B24="","",IF(I24=0,0,J24/I24)) | O24: =IF($B24="","",IF(M24=0,0,N24/M24))
A25: =IF($B25="","",ROW()-5) | D25: =IF($B25="","",IF(C25="","",TEXT(C25,"MMM"))) | K25: =IF($B25="","",IF(I25=0,0,J25/I25)) | O25: =IF($B25="","",IF(M25=0,0,N25/M25))
A26: =IF($B26="","",ROW()-5) | D26: =IF($B26="","",IF(C26="","",TEXT(C26,"MMM"))) | K26: =IF($B26="","",IF(I26=0,0,J26/I26)) | O26: =IF($B26="","",IF(M26=0,0,N26/M26))
A27: =IF($B27="","",ROW()-5) | D27: =IF($B27="","",IF(C27="","",TEXT(C27,"MMM"))) | K27: =IF($B27="","",IF(I27=0,0,J27/I27)) | O27: =IF($B27="","",IF(M27=0,0,N27/M27))
A28: =IF($B28="","",ROW()-5) | D28: =IF($B28="","",IF(C28="","",TEXT(C28,"MMM"))) | K28: =IF($B28="","",IF(I28=0,0,J28/I28)) | O28: =IF($B28="","",IF(M28=0,0,N28/M28))
A29: =IF($B29="","",ROW()-5) | D29: =IF($B29="","",IF(C29="","",TEXT(C29,"MMM"))) | K29: =IF($B29="","",IF(I29=0,0,J29/I29)) | O29: =IF($B29="","",IF(M29=0,0,N29/M29))
A30: =IF($B30="","",ROW()-5) | D30: =IF($B30="","",IF(C30="","",TEXT(C30,"MMM"))) | K30: =IF($B30="","",IF(I30=0,0,J30/I30)) | O30: =IF($B30="","",IF(M30=0,0,N30/M30))
A31: =IF($B31="","",ROW()-5) | D31: =IF($B31="","",IF(C31="","",TEXT(C31,"MMM"))) | K31: =IF($B31="","",IF(I31=0,0,J31/I31)) | O31: =IF($B31="","",IF(M31=0,0,N31/M31))
A32: =IF($B32="","",ROW()-5) | D32: =IF($B32="","",IF(C32="","",TEXT(C32,"MMM"))) | K32: =IF($B32="","",IF(I32=0,0,J32/I32)) | O32: =IF($B32="","",IF(M32=0,0,N32/M32))
A33: =IF($B33="","",ROW()-5) | D33: =IF($B33="","",IF(C33="","",TEXT(C33,"MMM"))) | K33: =IF($B33="","",IF(I33=0,0,J33/I33)) | O33: =IF($B33="","",IF(M33=0,0,N33/M33))
A34: =IF($B34="","",ROW()-5) | D34: =IF($B34="","",IF(C34="","",TEXT(C34,"MMM"))) | K34: =IF($B34="","",IF(I34=0,0,J34/I34)) | O34: =IF($B34="","",IF(M34=0,0,N34/M34))
A35: =IF($B35="","",ROW()-5) | D35: =IF($B35="","",IF(C35="","",TEXT(C35,"MMM"))) | K35: =IF($B35="","",IF(I35=0,0,J35/I35)) | O35: =IF($B35="","",IF(M35=0,0,N35/M35))
... A506: =IF($B506="","",ROW()-5) | D506: =IF($B506="","",IF(C506="","",TEXT(C506,"MMM"))) | K506: =IF($B506="","",IF(I506=0,0,J506/I506)) | O506: =IF($B506="","",IF(M506=0,0,N506/M506))

Sheet Safety Bulletins
A1: 📢 SAFETY BULLETINS / ALERTS — DATA ENTRY
A2: 🔵 Blue = User Input | ⚫ Gray = Auto-Calculated | Use dropdowns where available
A3: IDENTIFICATION | E3: CLASSIFICATION | F3: CONTENT | G3: ORGANIZATIONAL | H3: PEOPLE | I3: DISTRIBUTION | J3: CLASSIFICATION | K3: STATUS | L3: REACH
A4: S.No | B4: Bulletin No. | C4: Date Issued | D4: Month | E4: Type | F4: Subject/Title | G4: Target Audience | H4: Issued By | I4: Distribution Method | J4: Priority | K4: Status | L4: Target Reach | M4: Actual Reach | N4: Reach %
A5: ⚙️ AUTO | B5: ✏️ INPUT | C5: ✏️ INPUT | D5: ⚙️ AUTO | E5: ✏️ INPUT | F5: ✏️ INPUT | G5: ✏️ INPUT | H5: ✏️ INPUT | I5: ✏️ INPUT | J5: ✏️ INPUT | K5: ✏️ INPUT | L5: ✏️ INPUT | M5: ✏️ INPUT | N5: ⚙️ AUTO
A6: 1 | B6: BUL-001 | C6: 46339 | D6: =IF(C6="","",TEXT(C6,"MMM")) | E6: Toolbox Topic | F6: Fire Prevention | G6: Operations | H6: Ahmed Khan | I6: Notice Board | J6: Medium | K6: Acknowledged | L6: 143 | M6: 133 | N6: =IF(L6=0,0,M6/L6)
A7: 2 | B7: BUL-002 | C7: 46123 | D7: =IF(C7="","",TEXT(C7,"MMM")) | E7: Best Practice | F7: H2S Awareness | G7: Safety | H7: Fatima Al-Said | I7: Toolbox Talk | J7: Medium | K7: Issued | L7: 114 | M7: 146 | N7: =IF(L7=0,0,M7/L7)
A8: 3 | B8: BUL-003 | C8: 46269 | D8: =IF(C8="","",TEXT(C8,"MMM")) | E8: Toolbox Topic | F8: PPE Compliance | G8: Quality | H8: Sarah Wilson | I8: Toolbox Talk | J8: Medium | K8: Issued | L8: 56 | M8: 39 | N8: =IF(L8=0,0,M8/L8)
A9: 4 | B9: BUL-004 | C9: 46032 | D9: =IF(C9="","",TEXT(C9,"MMM")) | E9: Lesson Learned | F9: COVID Protocol | G9: Logistics | H9: Maria Garcia | I9: Notice Board | J9: Medium | K9: Closed | L9: 100 | M9: 63 | N9: =IF(L9=0,0,M9/L9)
A10: 5 | B10: BUL-005 | C10: 46097 | D10: =IF(C10="","",TEXT(C10,"MMM")) | E10: Best Practice | F10: Fire Prevention | G10: Quality | H10: John Smith | I10: App Notification | J10: High | K10: Issued | L10: 120 | M10: 144 | N10: =IF(L10=0,0,M10/L10)
A11: 6 | B11: BUL-006 | C11: 46242 | D11: =IF(C11="","",TEXT(C11,"MMM")) | E11: Bulletin | F11: COVID Protocol | G11: Safety | H11: Ahmed Khan | I11: Email | J11: Medium | K11: Acknowledged | L11: 140 | M11: 88 | N11: =IF(L11=0,0,M11/L11)
A12: 7 | B12: BUL-007 | C12: 46266 | D12: =IF(C12="","",TEXT(C12,"MMM")) | E12: Safety Alert | F12: Road Safety Week | G12: Maintenance | H12: John Smith | I12: Toolbox Talk | J12: Medium | K12: Acknowledged | L12: 31 | M12: 117 | N12: =IF(L12=0,0,M12/L12)
A13: 8 | B13: BUL-008 | C13: 46041 | D13: =IF(C13="","",TEXT(C13,"MMM")) | E13: Best Practice | F13: PPE Compliance | G13: Safety | H13: Tom Brown | I13: Toolbox Talk | J13: High | K13: Acknowledged | L13: 149 | M13: 130 | N13: =IF(L13=0,0,M13/L13)
A14: 9 | B14: BUL-009 | C14: 46274 | D14: =IF(C14="","",TEXT(C14,"MMM")) | E14: Best Practice | F14: COVID Protocol | G14: Operations | H14: Raj Patel | I14: Email | J14: Medium | K14: Acknowledged | L14: 106 | M14: 108 | N14: =IF(L14=0,0,M14/L14)
A15: 10 | B15: BUL-010 | C15: 46088 | D15: =IF(C15="","",TEXT(C15,"MMM")) | E15: Best Practice | F15: Chemical Spill Alert | G15: Logistics | H15: Tom Brown | I15: Email | J15: High | K15: Issued | L15: 55 | M15: 100 | N15: =IF(L15=0,0,M15/L15)
A16: 11 | B16: BUL-011 | C16: 46251 | D16: =IF(C16="","",TEXT(C16,"MMM")) | E16: Lesson Learned | F16: H2S Awareness | G16: Projects | H16: Tom Brown | I16: Notice Board | J16: Medium | K16: Closed | L16: 101 | M16: 56 | N16: =IF(L16=0,0,M16/L16)
A17: 12 | B17: BUL-012 | C17: 46223 | D17: =IF(C17="","",TEXT(C17,"MMM")) | E17: Advisory | F17: Scaffold Safety | G17: Projects | H17: Fatima Al-Said | I17: All Channels | J17: Low | K17: Closed | L17: 145 | M17: 91 | N17: =IF(L17=0,0,M17/L17)
... A20: 15 | B20: BUL-015 | C20: 46334 | D20: =IF(C20="","",TEXT(C20,"MMM")) | E20: Safety Alert | F20: COVID Protocol | G20: Operations | H20: Maria Garcia | I20: Email | J20: Medium | K20: Acknowledged | L20: 127 | M20: 53 | N20: =IF(L20=0,0,M20/L20)
A21: =IF($B21="","",ROW()-5) | D21: =IF($B21="","",IF(C21="","",TEXT(C21,"MMM"))) | N21: =IF($B21="","",IF(L21=0,0,M21/L21))
A22: =IF($B22="","",ROW()-5) | D22: =IF($B22="","",IF(C22="","",TEXT(C22,"MMM"))) | N22: =IF($B22="","",IF(L22=0,0,M22/L22))
A23: =IF($B23="","",ROW()-5) | D23: =IF($B23="","",IF(C23="","",TEXT(C23,"MMM"))) | N23: =IF($B23="","",IF(L23=0,0,M23/L23))
A24: =IF($B24="","",ROW()-5) | D24: =IF($B24="","",IF(C24="","",TEXT(C24,"MMM"))) | N24: =IF($B24="","",IF(L24=0,0,M24/L24))
A25: =IF($B25="","",ROW()-5) | D25: =IF($B25="","",IF(C25="","",TEXT(C25,"MMM"))) | N25: =IF($B25="","",IF(L25=0,0,M25/L25))
A26: =IF($B26="","",ROW()-5) | D26: =IF($B26="","",IF(C26="","",TEXT(C26,"MMM"))) | N26: =IF($B26="","",IF(L26=0,0,M26/L26))
A27: =IF($B27="","",ROW()-5) | D27: =IF($B27="","",IF(C27="","",TEXT(C27,"MMM"))) | N27: =IF($B27="","",IF(L27=0,0,M27/L27))
A28: =IF($B28="","",ROW()-5) | D28: =IF($B28="","",IF(C28="","",TEXT(C28,"MMM"))) | N28: =IF($B28="","",IF(L28=0,0,M28/L28))
A29: =IF($B29="","",ROW()-5) | D29: =IF($B29="","",IF(C29="","",TEXT(C29,"MMM"))) | N29: =IF($B29="","",IF(L29=0,0,M29/L29))
A30: =IF($B30="","",ROW()-5) | D30: =IF($B30="","",IF(C30="","",TEXT(C30,"MMM"))) | N30: =IF($B30="","",IF(L30=0,0,M30/L30))
A31: =IF($B31="","",ROW()-5) | D31: =IF($B31="","",IF(C31="","",TEXT(C31,"MMM"))) | N31: =IF($B31="","",IF(L31=0,0,M31/L31))
A32: =IF($B32="","",ROW()-5) | D32: =IF($B32="","",IF(C32="","",TEXT(C32,"MMM"))) | N32: =IF($B32="","",IF(L32=0,0,M32/L32))
... A506: =IF($B506="","",ROW()-5) | D506: =IF($B506="","",IF(C506="","",TEXT(C506,"MMM"))) | N506: =IF($B506="","",IF(L506=0,0,M506/L506))

Sheet Emergency Drills
A1: 🚨 EMERGENCY DRILLS — DATA ENTRY
A2: 🔵 Blue = User Input | ⚫ Gray = Auto-Calculated | Use dropdowns where available
A3: IDENTIFICATION | E3: CLASSIFICATION | F3: ORGANIZATIONAL | G3: PEOPLE | H3: PARTICIPATION | K3: PERFORMANCE | M3: QUALITY | N3: FOLLOW-UP | O3: STATUS
A4: S.No | B4: Drill ID | C4: Date | D4: Month | E4: Drill Type | F4: Location | G4: Drill Leader | H4: Target Participants | I4: Actual Participants | J4: Participation % | K4: Target Response (min) | L4: Actual Response (min) | M4: Overall Rating | N4: Improvement Areas | O4: Status
A5: ⚙️ AUTO | B5: ✏️ INPUT | C5: ✏️ INPUT | D5: ⚙️ AUTO | E5: ✏️ INPUT | F5: ✏️ INPUT | G5: ✏️ INPUT | H5: ✏️ INPUT | I5: ✏️ INPUT | J5: ⚙️ AUTO | K5: ✏️ INPUT | L5: ✏️ INPUT | M5: ✏️ INPUT | N5: ✏️ INPUT | O5: ✏️ INPUT
A6: 1 | B6: DRL-001 | C6: 46226 | D6: =IF(C6="","",TEXT(C6,"MMM")) | E6: Earthquake | F6: Office | G6: Tom Brown | H6: 98 | I6: 75 | J6: =IF(H6=0,0,I6/H6) | K6: 14 | L6: 2 | M6: Good | N6: 4 | O6: Completed
A7: 2 | B7: DRL-002 | C7: 46276 | D7: =IF(C7="","",TEXT(C7,"MMM")) | E7: Bomb Threat | F7: Office | G7: Fatima Al-Said | H7: 42 | I7: 73 | J7: =IF(H7=0,0,I7/H7) | K7: 11 | L7: 7 | M7: Excellent | N7: 5 | O7: Action Pending
A8: 3 | B8: DRL-003 | C8: 46347 | D8: =IF(C8="","",TEXT(C8,"MMM")) | E8: Gas Leak | F8: Tank Farm | G8: Maria Garcia | H8: 51 | I8: 50 | J8: =IF(H8=0,0,I8/H8) | K8: 11 | L8: 6 | M8: Good | N8: 2 | O8: Completed
A9: 4 | B9: DRL-004 | C9: 46363 | D9: =IF(C9="","",TEXT(C9,"MMM")) | E9: Bomb Threat | F9: Control Room | G9: Priya Sharma | H9: 64 | I9: 86 | J9: =IF(H9=0,0,I9/H9) | K9: 15 | L9: 6 | M9: Excellent | N9: 0 | O9: Action Pending
A10: 5 | B10: DRL-005 | C10: 46344 | D10: =IF(C10="","",TEXT(C10,"MMM")) | E10: Man Overboard | F10: Office | G10: Fatima Al-Said | H10: 38 | I10: 52 | J10: =IF(H10=0,0,I10/H10) | K10: 3 | L10: 6 | M10: Satisfactory | N10: 2 | O10: Completed
A11: 6 | B11: DRL-006 | C11: 46335 | D11: =IF(C11="","",TEXT(C11,"MMM")) | E11: Bomb Threat | F11: Workshop | G11: Maria Garcia | H11: 88 | I11: 49 | J11: =IF(H11=0,0,I11/H11) | K11: 11 | L11: 6 | M11: Good | N11: 0 | O11: Action Pending
A12: 7 | B12: DRL-007 | C12: 46375 | D12: =IF(C12="","",TEXT(C12,"MMM")) | E12: Earthquake | F12: Workshop | G12: Ahmed Khan | H12: 87 | I12: 43 | J12: =IF(H12=0,0,I12/H12) | K12: 13 | L12: 5 | M12: Satisfactory | N12: 0 | O12: Completed
A13: 8 | B13: DRL-008 | C13: 46196 | D13: =IF(C13="","",TEXT(C13,"MMM")) | E13: Bomb Threat | F13: Plant B | G13: Raj Patel | H13: 20 | I13: 85 | J13: =IF(H13=0,0,I13/H13) | K13: 5 | L13: 8 | M13: Needs Improvement | N13: 3 | O13: Action Pending
A14: 9 | B14: DRL-009 | C14: 46137 | D14: =IF(C14="","",TEXT(C14,"MMM")) | E14: Gas Leak | F14: Control Room | G14: John Smith | H14: 27 | I14: 26 | J14: =IF(H14=0,0,I14/H14) | K14: 13 | L14: 11 | M14: Good | N14: 4 | O14: Action Pending
A15: 10 | B15: DRL-010 | C15: 46384 | D15: =IF(C15="","",TEXT(C15,"MMM")) | E15: Fire Evacuation | F15: Warehouse | G15: David Chen | H15: 42 | I15: 19 | J15: =IF(H15=0,0,I15/H15) | K15: 9 | L15: 9 | M15: Good | N15: 5 | O15: Completed
A16: 11 | B16: DRL-011 | C16: 46023 | D16: =IF(C16="","",TEXT(C16,"MMM")) | E16: Gas Leak | F16: Plant B | G16: Fatima Al-Said | H16: 56 | I16: 73 | J16: =IF(H16=0,0,I16/H16) | K16: 13 | L16: 10 | M16: Needs Improvement | N16: 1 | O16: Action Pending
A17: 12 | B17: DRL-012 | C17: 46243 | D17: =IF(C17="","",TEXT(C17,"MMM")) | E17: Earthquake | F17: Plant B | G17: Fatima Al-Said | H17: 40 | I17: 73 | J17: =IF(H17=0,0,I17/H17) | K17: 13 | L17: 6 | M17: Good | N17: 0 | O17: Action Pending
A18: =IF($B18="","",ROW()-5) | D18: =IF($B18="","",IF(C18="","",TEXT(C18,"MMM"))) | J18: =IF($B18="","",IF(H18=0,0,I18/H18))
A19: =IF($B19="","",ROW()-5) | D19: =IF($B19="","",IF(C19="","",TEXT(C19,"MMM"))) | J19: =IF($B19="","",IF(H19=0,0,I19/H19))
A20: =IF($B20="","",ROW()-5) | D20: =IF($B20="","",IF(C20="","",TEXT(C20,"MMM"))) | J20: =IF($B20="","",IF(H20=0,0,I20/H20))
A21: =IF($B21="","",ROW()-5) | D21: =IF($B21="","",IF(C21="","",TEXT(C21,"MMM"))) | J21: =IF($B21="","",IF(H21=0,0,I21/H21))
A22: =IF($B22="","",ROW()-5) | D22: =IF($B22="","",IF(C22="","",TEXT(C22,"MMM"))) | J22: =IF($B22="","",IF(H22=0,0,I22/H22))
A23: =IF($B23="","",ROW()-5) | D23: =IF($B23="","",IF(C23="","",TEXT(C23,"MMM"))) | J23: =IF($B23="","",IF(H23=0,0,I23/H23))
A24: =IF($B24="","",ROW()-5) | D24: =IF($B24="","",IF(C24="","",TEXT(C24,"MMM"))) | J24: =IF($B24="","",IF(H24=0,0,I24/H24))
A25: =IF($B25="","",ROW()-5) | D25: =IF($B25="","",IF(C25="","",TEXT(C25,"MMM"))) | J25: =IF($B25="","",IF(H25=0,0,I25/H25))
A26: =IF($B26="","",ROW()-5) | D26: =IF($B26="","",IF(C26="","",TEXT(C26,"MMM"))) | J26: =IF($B26="","",IF(H26=0,0,I26/H26))
A27: =IF($B27="","",ROW()-5) | D27: =IF($B27="","",IF(C27="","",TEXT(C27,"MMM"))) | J27: =IF($B27="","",IF(H27=0,0,I27/H27))
A28: =IF($B28="","",ROW()-5) | D28: =IF($B28="","",IF(C28="","",TEXT(C28,"MMM"))) | J28: =IF($B28="","",IF(H28=0,0,I28/H28))
A29: =IF($B29="","",ROW()-5) | D29: =IF($B29="","",IF(C29="","",TEXT(C29,"MMM"))) | J29: =IF($B29="","",IF(H29=0,0,I29/H29))
... A506: =IF($B506="","",ROW()-5) | D506: =IF($B506="","",IF(C506="","",TEXT(C506,"MMM"))) | J506: =IF($B506="","",IF(H506=0,0,I506/H506))

Sheet Internal Audits
A1: 📑 INTERNAL AUDITS — DATA ENTRY
A2: 🔵 Blue = User Input | ⚫ Gray = Auto-Calculated | Use dropdowns where available
A3: IDENTIFICATION | E3: SCOPE | F3: CLASSIFICATION | G3: ORGANIZATIONAL | I3: PEOPLE | K3: FINDINGS | P3: STATUS
A4: S.No | B4: Audit No. | C4: Date | D4: Month | E4: Audit Scope | F4: Audit Type | G4: Department | H4: Location | I4: Lead Auditor | J4: Approved By | K4: Checklist Items | L4: Minor NC | M4: Major NC | N4: Observations | O4: Recommendations | P4: Status
A5: ⚙️ AUTO | B5: ✏️ INPUT | C5: ✏️ INPUT | D5: ⚙️ AUTO | E5: ✏️ INPUT | F5: ✏️ INPUT | G5: ✏️ INPUT | H5: ✏️ INPUT | I5: ✏️ INPUT | J5: ✏️ INPUT | K5: ✏️ INPUT | L5: ✏️ INPUT | M5: ✏️ INPUT | N5: ✏️ INPUT | O5: ✏️ INPUT | P5: ✏️ INPUT
A6: 1 | B6: IA-001 | C6: 46199 | D6: =IF(C6="","",TEXT(C6,"MMM")) | E6: Contractor Safety | F6: Surveillance | G6: Construction | H6: Warehouse | I6: Lisa Park | J6: David Chen | K6: 23 | L6: 8 | M6: 2 | N6: 0 | O6: 3 | P6: Scheduled
A7: 2 | B7: IA-002 | C7: 46059 | D7: =IF(C7="","",TEXT(C7,"MMM")) | E7: Fire Safety | F7: Theme Audit | G7: Logistics | H7: Workshop | I7: Ahmed Khan | J7: John Smith | K7: 22 | L7: 3 | M7: 3 | N7: 2 | O7: 2 | P7: In Progress
A8: 3 | B8: IA-003 | C8: 46319 | D8: =IF(C8="","",TEXT(C8,"MMM")) | E8: Housekeeping | F8: System Audit | G8: Safety | H8: Control Room | I8: Maria Garcia | J8: Ahmed Khan | K8: 13 | L8: 7 | M8: 2 | N8: 1 | O8: 3 | P8: Scheduled
A9: 4 | B9: IA-004 | C9: 46288 | D9: =IF(C9="","",TEXT(C9,"MMM")) | E9: Contractor Safety | F9: System Audit | G9: Safety | H9: Control Room | I9: Lisa Park | J9: Maria Garcia | K9: 17 | L9: 2 | M9: 3 | N9: 1 | O9: 3 | P9: Scheduled
A10: 5 | B10: IA-005 | C10: 46307 | D10: =IF(C10="","",TEXT(C10,"MMM")) | E10: Waste Management | F10: Surveillance | G10: Admin | H10: Workshop | I10: Maria Garcia | J10: Lisa Park | K10: 12 | L10: 8 | M10: 3 | N10: 4 | O10: 2 | P10: Completed
A11: 6 | B11: IA-006 | C11: 46299 | D11: =IF(C11="","",TEXT(C11,"MMM")) | E11: ISO 45001 | F11: Surveillance | G11: Projects | H11: Workshop | I11: Lisa Park | J11: Tom Brown | K11: 14 | L11: 2 | M11: 2 | N11: 4 | O11: 3 | P11: Completed
A12: 7 | B12: IA-007 | C12: 46333 | D12: =IF(C12="","",TEXT(C12,"MMM")) | E12: Housekeeping | F12: Theme Audit | G12: Maintenance | H12: Tank Farm | I12: Ahmed Khan | J12: Priya Sharma | K12: 14 | L12: 8 | M12: 3 | N12: 3 | O12: 4 | P12: Completed
A13: 8 | B13: IA-008 | C13: 46280 | D13: =IF(C13="","",TEXT(C13,"MMM")) | E13: Contractor Safety | F13: System Audit | G13: Quality | H13: Field Site | I13: Ahmed Khan | J13: Maria Garcia | K13: 28 | L13: 1 | M13: 0 | N13: 3 | O13: 2 | P13: Scheduled
A14: 9 | B14: IA-009 | C14: 46071 | D14: =IF(C14="","",TEXT(C14,"MMM")) | E14: ISO 45001 | F14: System Audit | G14: Admin | H14: Plant A | I14: John Smith | J14: David Chen | K14: 15 | L14: 2 | M14: 3 | N14: 2 | O14: 3 | P14: In Progress
A15: 10 | B15: IA-010 | C15: 46216 | D15: =IF(C15="","",TEXT(C15,"MMM")) | E15: ISO 14001 | F15: Surveillance | G15: Engineering | H15: Control Room | I15: Sarah Wilson | J15: Raj Patel | K15: 27 | L15: 6 | M15: 1 | N15: 5 | O15: 1 | P15: Completed
A16: 11 | B16: IA-011 | C16: 46032 | D16: =IF(C16="","",TEXT(C16,"MMM")) | E16: Emergency Preparedness | F16: Surveillance | G16: Quality | H16: Office | I16: Maria Garcia | J16: Maria Garcia | K16: 24 | L16: 5 | M16: 1 | N16: 2 | O16: 1 | P16: Scheduled
A17: 12 | B17: IA-012 | C17: 46055 | D17: =IF(C17="","",TEXT(C17,"MMM")) | E17: Waste Management | F17: Surveillance | G17: Operations | H17: Workshop | I17: Maria Garcia | J17: Sarah Wilson | K17: 13 | L17: 0 | M17: 3 | N17: 4 | O17: 0 | P17: Completed
A18: =IF($B18="","",ROW()-5) | D18: =IF($B18="","",IF(C18="","",TEXT(C18,"MMM")))
A19: =IF($B19="","",ROW()-5) | D19: =IF($B19="","",IF(C19="","",TEXT(C19,"MMM")))
A20: =IF($B20="","",ROW()-5) | D20: =IF($B20="","",IF(C20="","",TEXT(C20,"MMM")))
A21: =IF($B21="","",ROW()-5) | D21: =IF($B21="","",IF(C21="","",TEXT(C21,"MMM")))
A22: =IF($B22="","",ROW()-5) | D22: =IF($B22="","",IF(C22="","",TEXT(C22,"MMM")))
A23: =IF($B23="","",ROW()-5) | D23: =IF($B23="","",IF(C23="","",TEXT(C23,"MMM")))
A24: =IF($B24="","",ROW()-5) | D24: =IF($B24="","",IF(C24="","",TEXT(C24,"MMM")))
A25: =IF($B25="","",ROW()-5) | D25: =IF($B25="","",IF(C25="","",TEXT(C25,"MMM")))
A26: =IF($B26="","",ROW()-5) | D26: =IF($B26="","",IF(C26="","",TEXT(C26,"MMM")))
A27: =IF($B27="","",ROW()-5) | D27: =IF($B27="","",IF(C27="","",TEXT(C27,"MMM")))
A28: =IF($B28="","",ROW()-5) | D28: =IF($B28="","",IF(C28="","",TEXT(C28,"MMM")))
A29: =IF($B29="","",ROW()-5) | D29: =IF($B29="","",IF(C29="","",TEXT(C29,"MMM")))
... A506: =IF($B506="","",ROW()-5) | D506: =IF($B506="","",IF(C506="","",TEXT(C506,"MMM")))

Sheet External Audits
A1: 📋 EXTERNAL AUDITS — DATA ENTRY
A2: 🔵 Blue = User Input | ⚫ Gray = Auto-Calculated | Use dropdowns where available
A3: IDENTIFICATION | E3: SCOPE | F3: CLASSIFICATION | G3: ORGANIZATIONAL | I3: PEOPLE | K3: FINDINGS | P3: STATUS
A4: S.No | B4: Audit No. | C4: Date | D4: Month | E4: Audit Scope | F4: Audit Type | G4: Department | H4: Location | I4: Lead Auditor | J4: Approved By | K4: Checklist Items | L4: Minor NC | M4: Major NC | N4: Observations | O4: Recommendations | P4: Status
A5: ⚙️ AUTO | B5: ✏️ INPUT | C5: ✏️ INPUT | D5: ⚙️ AUTO | E5: ✏️ INPUT | F5: ✏️ INPUT | G5: ✏️ INPUT | H5: ✏️ INPUT | I5: ✏️ INPUT | J5: ✏️ INPUT | K5: ✏️ INPUT | L5: ✏️ INPUT | M5: ✏️ INPUT | N5: ✏️ INPUT | O5: ✏️ INPUT | P5: ✏️ INPUT
A6: 1 | B6: EA-001 | C6: 46358 | D6: =IF(C6="","",TEXT(C6,"MMM")) | E6: Waste Management | F6: Theme Audit | G6: Construction | H6: Workshop | I6: Ahmed Khan | J6: Raj Patel | K6: 26 | L6: 4 | M6: 1 | N6: 5 | O6: 4 | P6: In Progress
A7: 2 | B7: EA-002 | C7: 46315 | D7: =IF(C7="","",TEXT(C7,"MMM")) | E7: Environmental | F7: Compliance Audit | G7: Safety | H7: Warehouse | I7: Tom Brown | J7: Maria Garcia | K7: 23 | L7: 4 | M7: 2 | N7: 0 | O7: 4 | P7: Scheduled
A8: 3 | B8: EA-003 | C8: 46362 | D8: =IF(C8="","",TEXT(C8,"MMM")) | E8: Waste Management | F8: Surveillance | G8: Admin | H8: Plant A | I8: Fatima Al-Said | J8: David Chen | K8: 26 | L8: 5 | M8: 3 | N8: 3 | O8: 1 | P8: In Progress
A9: 4 | B9: EA-004 | C9: 46209 | D9: =IF(C9="","",TEXT(C9,"MMM")) | E9: PPE Compliance | F9: Theme Audit | G9: Construction | H9: Workshop | I9: John Smith | J9: Raj Patel | K9: 24 | L9: 0 | M9: 3 | N9: 3 | O9: 4 | P9: Scheduled
A10: 5 | B10: EA-005 | C10: 46094 | D10: =IF(C10="","",TEXT(C10,"MMM")) | E10: PTW System | F10: Process Audit | G10: Construction | H10: Control Room | I10: Sarah Wilson | J10: Priya Sharma | K10: 21 | L10: 1 | M10: 1 | N10: 0 | O10: 2 | P10: In Progress
A11: 6 | B11: EA-006 | C11: 46346 | D11: =IF(C11="","",TEXT(C11,"MMM")) | E11: Housekeeping | F11: System Audit | G11: Maintenance | H11: Workshop | I11: Lisa Park | J11: Tom Brown | K11: 16 | L11: 7 | M11: 1 | N11: 2 | O11: 2 | P11: Completed
A12: 7 | B12: EA-007 | C12: 46119 | D12: =IF(C12="","",TEXT(C12,"MMM")) | E12: ISO 14001 | F12: Theme Audit | G12: Construction | H12: Workshop | I12: David Chen | J12: Maria Garcia | K12: 27 | L12: 5 | M12: 2 | N12: 3 | O12: 3 | P12: Scheduled
A13: 8 | B13: EA-008 | C13: 46338 | D13: =IF(C13="","",TEXT(C13,"MMM")) | E13: Contractor Safety | F13: Process Audit | G13: Logistics | H13: Tank Farm | I13: Priya Sharma | J13: Sarah Wilson | K13: 25 | L13: 5 | M13: 1 | N13: 2 | O13: 2 | P13: In Progress
A14: =IF($B14="","",ROW()-5) | D14: =IF($B14="","",IF(C14="","",TEXT(C14,"MMM")))
A15: =IF($B15="","",ROW()-5) | D15: =IF($B15="","",IF(C15="","",TEXT(C15,"MMM")))
A16: =IF($B16="","",ROW()-5) | D16: =IF($B16="","",IF(C16="","",TEXT(C16,"MMM")))
A17: =IF($B17="","",ROW()-5) | D17: =IF($B17="","",IF(C17="","",TEXT(C17,"MMM")))
A18: =IF($B18="","",ROW()-5) | D18: =IF($B18="","",IF(C18="","",TEXT(C18,"MMM")))
A19: =IF($B19="","",ROW()-5) | D19: =IF($B19="","",IF(C19="","",TEXT(C19,"MMM")))
A20: =IF($B20="","",ROW()-5) | D20: =IF($B20="","",IF(C20="","",TEXT(C20,"MMM")))
A21: =IF($B21="","",ROW()-5) | D21: =IF($B21="","",IF(C21="","",TEXT(C21,"MMM")))
A22: =IF($B22="","",ROW()-5) | D22: =IF($B22="","",IF(C22="","",TEXT(C22,"MMM")))
A23: =IF($B23="","",ROW()-5) | D23: =IF($B23="","",IF(C23="","",TEXT(C23,"MMM")))
A24: =IF($B24="","",ROW()-5) | D24: =IF($B24="","",IF(C24="","",TEXT(C24,"MMM")))
A25: =IF($B25="","",ROW()-5) | D25: =IF($B25="","",IF(C25="","",TEXT(C25,"MMM")))
... A506: =IF($B506="","",ROW()-5) | D506: =IF($B506="","",IF(C506="","",TEXT(C506,"MMM")))

Sheet Management Visits
A1: 👔 MANAGEMENT VISITS — DATA ENTRY
A2: 🔵 Blue = User Input | ⚫ Gray = Auto-Calculated | Use dropdowns where available
A3: IDENTIFICATION | E3: CLASSIFICATION | F3: ORGANIZATIONAL | H3: PEOPLE | I3: TIMING | J3: FINDINGS | K3: ACTIONS | N3: STATUS
A4: S.No | B4: Visit ID | C4: Date | D4: Month | E4: Visit Type | F4: Department | G4: Location | H4: Visited By | I4: Duration (min) | J4: Observations Made | K4: Actions Raised | L4: Actions Closed | M4: Close-out % | N4: Status
A5: ⚙️ AUTO | B5: ✏️ INPUT | C5: ✏️ INPUT | D5: ⚙️ AUTO | E5: ✏️ INPUT | F5: ✏️ INPUT | G5: ✏️ INPUT | H5: ✏️ INPUT | I5: ✏️ INPUT | J5: ✏️ INPUT | K5: ✏️ INPUT | L5: ✏️ INPUT | M5: ⚙️ AUTO | N5: ✏️ INPUT
A6: 1 | B6: MV-001 | C6: 46041 | D6: =IF(C6="","",TEXT(C6,"MMM")) | E6: Plant Visit | F6: Engineering | G6: Plant A | H6: John Smith | I6: 171 | J6: 6 | K6: 2 | L6: 1 | M6: =IF((J6+K6)=0,0,L6/(J6+K6)) | N6: Completed
A7: 2 | B7: MV-002 | C7: 46181 | D7: =IF(C7="","",TEXT(C7,"MMM")) | E7: Contractor Review | F7: Contractor | G7: Workshop | H7: Priya Sharma | I7: 170 | J7: 5 | K7: 2 | L7: 3 | M7: =IF((J7+K7)=0,0,L7/(J7+K7)) | N7: Action Pending
A8: 3 | B8: MV-003 | C8: 46350 | D8: =IF(C8="","",TEXT(C8,"MMM")) | E8: Contractor Review | F8: Admin | G8: Warehouse | H8: Fatima Al-Said | I8: 73 | J8: 2 | K8: 5 | L8: 4 | M8: =IF((J8+K8)=0,0,L8/(J8+K8)) | N8: Completed
A9: 4 | B9: MV-004 | C9: 46099 | D9: =IF(C9="","",TEXT(C9,"MMM")) | E9: Emergency Review | F9: Operations | G9: Plant A | H9: Sarah Wilson | I9: 42 | J9: 0 | K9: 3 | L9: 1 | M9: =IF((J9+K9)=0,0,L9/(J9+K9)) | N9: Action Pending
A10: 5 | B10: MV-005 | C10: 46115 | D10: =IF(C10="","",TEXT(C10,"MMM")) | E10: Emergency Review | F10: Engineering | G10: Plant A | H10: Maria Garcia | I10: 159 | J10: 7 | K10: 2 | L10: 0 | M10: =IF((J10+K10)=0,0,L10/(J10+K10)) | N10: Action Pending
A11: 6 | B11: MV-006 | C11: 46348 | D11: =IF(C11="","",TEXT(C11,"MMM")) | E11: Project Visit | F11: Admin | G11: Tank Farm | H11: Ahmed Khan | I11: 31 | J11: 8 | K11: 4 | L11: 3 | M11: =IF((J11+K11)=0,0,L11/(J11+K11)) | N11: Completed
A12: 7 | B12: MV-007 | C12: 46039 | D12: =IF(C12="","",TEXT(C12,"MMM")) | E12: Emergency Review | F12: Safety | G12: Field Site | H12: Ahmed Khan | I12: 158 | J12: 6 | K12: 1 | L12: 0 | M12: =IF((J12+K12)=0,0,L12/(J12+K12)) | N12: Completed
A13: 8 | B13: MV-008 | C13: 46270 | D13: =IF(C13="","",TEXT(C13,"MMM")) | E13: Plant Visit | F13: Construction | G13: Field Site | H13: Fatima Al-Said | I13: 98 | J13: 6 | K13: 0 | L13: 2 | M13: =IF((J13+K13)=0,0,L13/(J13+K13)) | N13: Completed
A14: 9 | B14: MV-009 | C14: 46253 | D14: =IF(C14="","",TEXT(C14,"MMM")) | E14: Plant Visit | F14: Construction | G14: Field Site | H14: Sarah Wilson | I14: 38 | J14: 1 | K14: 3 | L14: 3 | M14: =IF((J14+K14)=0,0,L14/(J14+K14)) | N14: Completed
A15: 10 | B15: MV-010 | C15: 46281 | D15: =IF(C15="","",TEXT(C15,"MMM")) | E15: Site Walk | F15: Operations | G15: Warehouse | H15: Sarah Wilson | I15: 157 | J15: 6 | K15: 5 | L15: 2 | M15: =IF((J15+K15)=0,0,L15/(J15+K15)) | N15: Action Pending
A16: 11 | B16: MV-011 | C16: 46070 | D16: =IF(C16="","",TEXT(C16,"MMM")) | E16: Site Walk | F16: Construction | G16: Workshop | H16: Lisa Park | I16: 151 | J16: 4 | K16: 0 | L16: 0 | M16: =IF((J16+K16)=0,0,L16/(J16+K16)) | N16: Action Pending
A17: 12 | B17: MV-012 | C17: 46160 | D17: =IF(C17="","",TEXT(C17,"MMM")) | E17: Project Visit | F17: Operations | G17: Warehouse | H17: Fatima Al-Said | I17: 34 | J17: 3 | K17: 4 | L17: 1 | M17: =IF((J17+K17)=0,0,L17/(J17+K17)) | N17: Action Pending
A18: =IF($B18="","",ROW()-5) | D18: =IF($B18="","",IF(C18="","",TEXT(C18,"MMM"))) | M18: =IF($B18="","",IF((J18+K18)=0,0,L18/(J18+K18)))
A19: =IF($B19="","",ROW()-5) | D19: =IF($B19="","",IF(C19="","",TEXT(C19,"MMM"))) | M19: =IF($B19="","",IF((J19+K19)=0,0,L19/(J19+K19)))
A20: =IF($B20="","",ROW()-5) | D20: =IF($B20="","",IF(C20="","",TEXT(C20,"MMM"))) | M20: =IF($B20="","",IF((J20+K20)=0,0,L20/(J20+K20)))
A21: =IF($B21="","",ROW()-5) | D21: =IF($B21="","",IF(C21="","",TEXT(C21,"MMM"))) | M21: =IF($B21="","",IF((J21+K21)=0,0,L21/(J21+K21)))
A22: =IF($B22="","",ROW()-5) | D22: =IF($B22="","",IF(C22="","",TEXT(C22,"MMM"))) | M22: =IF($B22="","",IF((J22+K22)=0,0,L22/(J22+K22)))
A23: =IF($B23="","",ROW()-5) | D23: =IF($B23="","",IF(C23="","",TEXT(C23,"MMM"))) | M23: =IF($B23="","",IF((J23+K23)=0,0,L23/(J23+K23)))
A24: =IF($B24="","",ROW()-5) | D24: =IF($B24="","",IF(C24="","",TEXT(C24,"MMM"))) | M24: =IF($B24="","",IF((J24+K24)=0,0,L24/(J24+K24)))
A25: =IF($B25="","",ROW()-5) | D25: =IF($B25="","",IF(C25="","",TEXT(C25,"MMM"))) | M25: =IF($B25="","",IF((J25+K25)=0,0,L25/(J25+K25)))
A26: =IF($B26="","",ROW()-5) | D26: =IF($B26="","",IF(C26="","",TEXT(C26,"MMM"))) | M26: =IF($B26="","",IF((J26+K26)=0,0,L26/(J26+K26)))
A27: =IF($B27="","",ROW()-5) | D27: =IF($B27="","",IF(C27="","",TEXT(C27,"MMM"))) | M27: =IF($B27="","",IF((J27+K27)=0,0,L27/(J27+K27)))
A28: =IF($B28="","",ROW()-5) | D28: =IF($B28="","",IF(C28="","",TEXT(C28,"MMM"))) | M28: =IF($B28="","",IF((J28+K28)=0,0,L28/(J28+K28)))
A29: =IF($B29="","",ROW()-5) | D29: =IF($B29="","",IF(C29="","",TEXT(C29,"MMM"))) | M29: =IF($B29="","",IF((J29+K29)=0,0,L29/(J29+K29)))
... A506: =IF($B506="","",ROW()-5) | D506: =IF($B506="","",IF(C506="","",TEXT(C506,"MMM"))) | M506: =IF($B506="","",IF((J506+K506)=0,0,L506/(J506+K506)))

Sheet Management Reviews
A1: 📊 MANAGEMENT REVIEWS — DATA ENTRY
A2: 🔵 Blue = User Input | ⚫ Gray = Auto-Calculated | Use dropdowns where available
A3: IDENTIFICATION | E3: CONTENT | F3: PEOPLE | G3: ATTENDANCE | J3: TIMING | K3: ACTIONS | N3: COMPLIANCE | O3: STATUS
A4: S.No | B4: Review ID | C4: Date | D4: Month | E4: Review Topic | F4: Chaired By | G4: Members Invited | H4: Members Attended | I4: Attendance % | J4: Duration (min) | K4: Decisions Made | L4: Actions Assigned | M4: Close-out % | N4: MoM Distributed | O4: Status
A5: ⚙️ AUTO | B5: ✏️ INPUT | C5: ✏️ INPUT | D5: ⚙️ AUTO | E5: ✏️ INPUT | F5: ✏️ INPUT | G5: ✏️ INPUT | H5: ✏️ INPUT | I5: ⚙️ AUTO | J5: ✏️ INPUT | K5: ✏️ INPUT | L5: ✏️ INPUT | M5: ⚙️ AUTO | N5: ✏️ INPUT | O5: ✏️ INPUT
A6: 1 | B6: MR-001 | C6: 46206 | D6: =IF(C6="","",TEXT(C6,"MMM")) | E6: KPI Performance Review | F6: Raj Patel | G6: 14 | H6: 6 | I6: =IF(G6=0,0,H6/G6) | J6: 205 | K6: 9 | L6: 11 | M6: =IF(K6=0,0,L6/K6) | N6: No | O6: In Progress
A7: 2 | B7: MR-002 | C7: 46361 | D7: =IF(C7="","",TEXT(C7,"MMM")) | E7: Budget Review | F7: Sarah Wilson | G7: 13 | H7: 14 | I7: =IF(G7=0,0,H7/G7) | J7: 148 | K7: 3 | L7: 2 | M7: =IF(K7=0,0,L7/K7) | N7: No | O7: Completed
A8: 3 | B8: MR-003 | C8: 46064 | D8: =IF(C8="","",TEXT(C8,"MMM")) | E8: Compliance Review | F8: Lisa Park | G8: 14 | H8: 9 | I8: =IF(G8=0,0,H8/G8) | J8: 143 | K8: 3 | L8: 11 | M8: =IF(K8=0,0,L8/K8) | N8: No | O8: In Progress
A9: 4 | B9: MR-004 | C9: 46242 | D9: =IF(C9="","",TEXT(C9,"MMM")) | E9: KPI Performance Review | F9: Tom Brown | G9: 11 | H9: 9 | I9: =IF(G9=0,0,H9/G9) | J9: 107 | K9: 13 | L9: 10 | M9: =IF(K9=0,0,L9/K9) | N9: No | O9: Completed
A10: 5 | B10: MR-005 | C10: 46305 | D10: =IF(C10="","",TEXT(C10,"MMM")) | E10: Annual Management Review | F10: Sarah Wilson | G10: 6 | H10: 7 | I10: =IF(G10=0,0,H10/G10) | J10: 99 | K10: 9 | L10: 12 | M10: =IF(K10=0,0,L10/K10) | N10: Yes | O10: In Progress
A11: 6 | B11: MR-006 | C11: 46185 | D11: =IF(C11="","",TEXT(C11,"MMM")) | E11: Quarterly HSE Review | F11: Sarah Wilson | G11: 5 | H11: 7 | I11: =IF(G11=0,0,H11/G11) | J11: 173 | K11: 8 | L11: 5 | M11: =IF(K11=0,0,L11/K11) | N11: Yes | O11: Completed
A12: 7 | B12: MR-007 | C12: 46059 | D12: =IF(C12="","",TEXT(C12,"MMM")) | E12: Incident Trend Review | F12: Priya Sharma | G12: 13 | H12: 11 | I12: =IF(G12=0,0,H12/G12) | J12: 191 | K12: 9 | L12: 2 | M12: =IF(K12=0,0,L12/K12) | N12: Yes | O12: Completed
A13: 8 | B13: MR-008 | C13: 46191 | D13: =IF(C13="","",TEXT(C13,"MMM")) | E13: Quarterly HSE Review | F13: Lisa Park | G13: 14 | H13: 15 | I13: =IF(G13=0,0,H13/G13) | J13: 143 | K13: 9 | L13: 1 | M13: =IF(K13=0,0,L13/K13) | N13: No | O13: In Progress
A14: =IF($B14="","",ROW()-5) | D14: =IF($B14="","",IF(C14="","",TEXT(C14,"MMM"))) | I14: =IF($B14="","",IF(G14=0,0,H14/G14)) | M14: =IF($B14="","",IF(K14=0,0,L14/K14))
A15: =IF($B15="","",ROW()-5) | D15: =IF($B15="","",IF(C15="","",TEXT(C15,"MMM"))) | I15: =IF($B15="","",IF(G15=0,0,H15/G15)) | M15: =IF($B15="","",IF(K15=0,0,L15/K15))
A16: =IF($B16="","",ROW()-5) | D16: =IF($B16="","",IF(C16="","",TEXT(C16,"MMM"))) | I16: =IF($B16="","",IF(G16=0,0,H16/G16)) | M16: =IF($B16="","",IF(K16=0,0,L16/K16))
A17: =IF($B17="","",ROW()-5) | D17: =IF($B17="","",IF(C17="","",TEXT(C17,"MMM"))) | I17: =IF($B17="","",IF(G17=0,0,H17/G17)) | M17: =IF($B17="","",IF(K17=0,0,L17/K17))
A18: =IF($B18="","",ROW()-5) | D18: =IF($B18="","",IF(C18="","",TEXT(C18,"MMM"))) | I18: =IF($B18="","",IF(G18=0,0,H18/G18)) | M18: =IF($B18="","",IF(K18=0,0,L18/K18))
A19: =IF($B19="","",ROW()-5) | D19: =IF($B19="","",IF(C19="","",TEXT(C19,"MMM"))) | I19: =IF($B19="","",IF(G19=0,0,H19/G19)) | M19: =IF($B19="","",IF(K19=0,0,L19/K19))
A20: =IF($B20="","",ROW()-5) | D20: =IF($B20="","",IF(C20="","",TEXT(C20,"MMM"))) | I20: =IF($B20="","",IF(G20=0,0,H20/G20)) | M20: =IF($B20="","",IF(K20=0,0,L20/K20))
A21: =IF($B21="","",ROW()-5) | D21: =IF($B21="","",IF(C21="","",TEXT(C21,"MMM"))) | I21: =IF($B21="","",IF(G21=0,0,H21/G21)) | M21: =IF($B21="","",IF(K21=0,0,L21/K21))
A22: =IF($B22="","",ROW()-5) | D22: =IF($B22="","",IF(C22="","",TEXT(C22,"MMM"))) | I22: =IF($B22="","",IF(G22=0,0,H22/G22)) | M22: =IF($B22="","",IF(K22=0,0,L22/K22))
A23: =IF($B23="","",ROW()-5) | D23: =IF($B23="","",IF(C23="","",TEXT(C23,"MMM"))) | I23: =IF($B23="","",IF(G23=0,0,H23/G23)) | M23: =IF($B23="","",IF(K23=0,0,L23/K23))
A24: =IF($B24="","",ROW()-5) | D24: =IF($B24="","",IF(C24="","",TEXT(C24,"MMM"))) | I24: =IF($B24="","",IF(G24=0,0,H24/G24)) | M24: =IF($B24="","",IF(K24=0,0,L24/K24))
A25: =IF($B25="","",ROW()-5) | D25: =IF($B25="","",IF(C25="","",TEXT(C25,"MMM"))) | I25: =IF($B25="","",IF(G25=0,0,H25/G25)) | M25: =IF($B25="","",IF(K25=0,0,L25/K25))
... A506: =IF($B506="","",ROW()-5) | D506: =IF($B506="","",IF(C506="","",TEXT(C506,"MMM"))) | I506: =IF($B506="","",IF(G506=0,0,H506/G506)) | M506: =IF($B506="","",IF(K506=0,0,L506/K506))

Sheet Disciplinary Actions
A1: ⚖️ DISCIPLINARY ACTIONS — DATA ENTRY
A2: 🔵 Blue = User Input | ⚫ Gray = Auto-Calculated | Use dropdowns where available
A3: IDENTIFICATION | E3: CLASSIFICATION | F3: ORGANIZATIONAL | G3: PEOPLE | H3: ACTION | I3: CLASSIFICATION | J3: PEOPLE | K3: STATUS
A4: S.No | B4: Case No. | C4: Date | D4: Month | E4: Violation Type | F4: Department | G4: Employee Name | H4: Action Taken | I4: Offense Level | J4: Approved By | K4: Status
A5: ⚙️ AUTO | B5: ✏️ INPUT | C5: ✏️ INPUT | D5: ⚙️ AUTO | E5: ✏️ INPUT | F5: ✏️ INPUT | G5: ✏️ INPUT | H5: ✏️ INPUT | I5: ✏️ INPUT | J5: ✏️ INPUT | K5: ✏️ INPUT
A6: 1 | B6: DA-001 | C6: 46228 | D6: =IF(C6="","",TEXT(C6,"MMM")) | E6: PPE Violation | F6: Projects | G6: Maria Garcia | H6: Retraining | I6: 2nd Offense | J6: David Chen | K6: Completed
A7: 2 | B7: DA-002 | C7: 46090 | D7: =IF(C7="","",TEXT(C7,"MMM")) | E7: Permit Violation | F7: Safety | G7: Priya Sharma | H7: Written Warning | I7: 1st Offense | J7: Raj Patel | K7: Under Review
A8: 3 | B8: DA-003 | C8: 46156 | D8: =IF(C8="","",TEXT(C8,"MMM")) | E8: Permit Violation | F8: Admin | G8: Sarah Wilson | H8: Suspension | I8: 3rd Offense | J8: Maria Garcia | K8: Appealed
A9: 4 | B9: DA-004 | C9: 46342 | D9: =IF(C9="","",TEXT(C9,"MMM")) | E9: Reckless Behavior | F9: Contractor | G9: Maria Garcia | H9: Termination | I9: 1st Offense | J9: Raj Patel | K9: Under Review
A10: 5 | B10: DA-005 | C10: 46035 | D10: =IF(C10="","",TEXT(C10,"MMM")) | E10: Permit Violation | F10: Contractor | G10: David Chen | H10: Suspension | I10: Repeat | J10: Fatima Al-Said | K10: Under Review
A11: 6 | B11: DA-006 | C11: 46346 | D11: =IF(C11="","",TEXT(C11,"MMM")) | E11: Safety Rule Breach | F11: Safety | G11: Fatima Al-Said | H11: Retraining | I11: 2nd Offense | J11: Priya Sharma | K11: Under Review
A12: 7 | B12: DA-007 | C12: 46094 | D12: =IF(C12="","",TEXT(C12,"MMM")) | E12: Permit Violation | F12: Safety | G12: Priya Sharma | H12: Retraining | I12: 2nd Offense | J12: Fatima Al-Said | K12: Under Review
A13: 8 | B13: DA-008 | C13: 46169 | D13: =IF(C13="","",TEXT(C13,"MMM")) | E13: Tampering with Safety Equipment | F13: Quality | G13: Fatima Al-Said | H13: Verbal Warning | I13: 2nd Offense | J13: Lisa Park | K13: Appealed
A14: 9 | B14: DA-009 | C14: 46103 | D14: =IF(C14="","",TEXT(C14,"MMM")) | E14: Tampering with Safety Equipment | F14: Projects | G14: Ahmed Khan | H14: Fine | I14: Repeat | J14: Maria Garcia | K14: Under Review
A15: 10 | B15: DA-010 | C15: 46169 | D15: =IF(C15="","",TEXT(C15,"MMM")) | E15: Unauthorized Work | F15: Maintenance | G15: David Chen | H15: Fine | I15: Repeat | J15: Raj Patel | K15: Appealed
A16: =IF($B16="","",ROW()-5) | D16: =IF($B16="","",IF(C16="","",TEXT(C16,"MMM")))
A17: =IF($B17="","",ROW()-5) | D17: =IF($B17="","",IF(C17="","",TEXT(C17,"MMM")))
A18: =IF($B18="","",ROW()-5) | D18: =IF($B18="","",IF(C18="","",TEXT(C18,"MMM")))
A19: =IF($B19="","",ROW()-5) | D19: =IF($B19="","",IF(C19="","",TEXT(C19,"MMM")))
A20: =IF($B20="","",ROW()-5) | D20: =IF($B20="","",IF(C20="","",TEXT(C20,"MMM")))
A21: =IF($B21="","",ROW()-5) | D21: =IF($B21="","",IF(C21="","",TEXT(C21,"MMM")))
A22: =IF($B22="","",ROW()-5) | D22: =IF($B22="","",IF(C22="","",TEXT(C22,"MMM")))
A23: =IF($B23="","",ROW()-5) | D23: =IF($B23="","",IF(C23="","",TEXT(C23,"MMM")))
A24: =IF($B24="","",ROW()-5) | D24: =IF($B24="","",IF(C24="","",TEXT(C24,"MMM")))
A25: =IF($B25="","",ROW()-5) | D25: =IF($B25="","",IF(C25="","",TEXT(C25,"MMM")))
A26: =IF($B26="","",ROW()-5) | D26: =IF($B26="","",IF(C26="","",TEXT(C26,"MMM")))
A27: =IF($B27="","",ROW()-5) | D27: =IF($B27="","",IF(C27="","",TEXT(C27,"MMM")))
... A506: =IF($B506="","",ROW()-5) | D506: =IF($B506="","",IF(C506="","",TEXT(C506,"MMM")))

Sheet Safety Awards
A1: 🏆 SAFETY AWARDS — DATA ENTRY
A2: 🔵 Blue = User Input | ⚫ Gray = Auto-Calculated | Use dropdowns where available
A3: IDENTIFICATION | E3: CLASSIFICATION | F3: ORGANIZATIONAL | G3: PEOPLE | H3: CLASSIFICATION | I3: PEOPLE | J3: STATUS
A4: S.No | B4: Award ID | C4: Date | D4: Month | E4: Award Category | F4: Department | G4: Recipient | H4: Reward Type | I4: Presented By | J4: Status
A5: ⚙️ AUTO | B5: ✏️ INPUT | C5: ✏️ INPUT | D5: ⚙️ AUTO | E5: ✏️ INPUT | F5: ✏️ INPUT | G5: ✏️ INPUT | H5: ✏️ INPUT | I5: ✏️ INPUT | J5: ✏️ INPUT
A6: 1 | B6: SA-001 | C6: 46150 | D6: =IF(C6="","",TEXT(C6,"MMM")) | E6: Zero Incident Award | F6: Engineering | G6: David Chen | H6: Gift Voucher | I6: Sarah Wilson | J6: Scheduled
A7: 2 | B7: SA-002 | C7: 46311 | D7: =IF(C7="","",TEXT(C7,"MMM")) | E7: Best Department | F7: Quality | G7: Tom Brown | H7: Recognition Letter | I7: David Chen | J7: Nominated
A8: 3 | B8: SA-003 | C8: 46048 | D8: =IF(C8="","",TEXT(C8,"MMM")) | E8: Zero Incident Award | F8: Projects | G8: Lisa Park | H8: Team Lunch | I8: Sarah Wilson | J8: Presented
A9: 4 | B9: SA-004 | C9: 46134 | D9: =IF(C9="","",TEXT(C9,"MMM")) | E9: Safety Innovation | F9: Logistics | G9: Raj Patel | H9: Team Lunch | I9: Lisa Park | J9: Presented
A10: 5 | B10: SA-005 | C10: 46316 | D10: =IF(C10="","",TEXT(C10,"MMM")) | E10: Safety Innovation | F10: Quality | G10: Fatima Al-Said | H10: Gift Voucher | I10: Sarah Wilson | J10: Presented
A11: 6 | B11: SA-006 | C11: 46062 | D11: =IF(C11="","",TEXT(C11,"MMM")) | E11: Best Safety Suggestion | F11: Projects | G11: Tom Brown | H11: Recognition Letter | I11: Lisa Park | J11: Nominated
A12: 7 | B12: SA-007 | C12: 46303 | D12: =IF(C12="","",TEXT(C12,"MMM")) | E12: HSE Champion | F12: Logistics | G12: David Chen | H12: Gift Voucher | I12: Lisa Park | J12: Nominated
A13: 8 | B13: SA-008 | C13: 46270 | D13: =IF(C13="","",TEXT(C13,"MMM")) | E13: Zero Incident Award | F13: Operations | G13: Priya Sharma | H13: Certificate | I13: John Smith | J13: Scheduled
A14: 9 | B14: SA-009 | C14: 46057 | D14: =IF(C14="","",TEXT(C14,"MMM")) | E14: Observation Champion | F14: Engineering | G14: Fatima Al-Said | H14: Cash Bonus | I14: Fatima Al-Said | J14: Scheduled
A15: 10 | B15: SA-010 | C15: 46129 | D15: =IF(C15="","",TEXT(C15,"MMM")) | E15: HSE Champion | F15: Logistics | G15: Priya Sharma | H15: Certificate | I15: Priya Sharma | J15: Nominated
A16: =IF($B16="","",ROW()-5) | D16: =IF($B16="","",IF(C16="","",TEXT(C16,"MMM")))
A17: =IF($B17="","",ROW()-5) | D17: =IF($B17="","",IF(C17="","",TEXT(C17,"MMM")))
A18: =IF($B18="","",ROW()-5) | D18: =IF($B18="","",IF(C18="","",TEXT(C18,"MMM")))
A19: =IF($B19="","",ROW()-5) | D19: =IF($B19="","",IF(C19="","",TEXT(C19,"MMM")))
A20: =IF($B20="","",ROW()-5) | D20: =IF($B20="","",IF(C20="","",TEXT(C20,"MMM")))
A21: =IF($B21="","",ROW()-5) | D21: =IF($B21="","",IF(C21="","",TEXT(C21,"MMM")))
A22: =IF($B22="","",ROW()-5) | D22: =IF($B22="","",IF(C22="","",TEXT(C22,"MMM")))
A23: =IF($B23="","",ROW()-5) | D23: =IF($B23="","",IF(C23="","",TEXT(C23,"MMM")))
A24: =IF($B24="","",ROW()-5) | D24: =IF($B24="","",IF(C24="","",TEXT(C24,"MMM")))
A25: =IF($B25="","",ROW()-5) | D25: =IF($B25="","",IF(C25="","",TEXT(C25,"MMM")))
A26: =IF($B26="","",ROW()-5) | D26: =IF($B26="","",IF(C26="","",TEXT(C26,"MMM")))
A27: =IF($B27="","",ROW()-5) | D27: =IF($B27="","",IF(C27="","",TEXT(C27,"MMM")))
... A506: =IF($B506="","",ROW()-5) | D506: =IF($B506="","",IF(C506="","",TEXT(C506,"MMM")))

Sheet Stop Work Authority
A1: 🛑 STOP WORK AUTHORITY — DATA ENTRY
A2: 🔵 Blue = User Input | ⚫ Gray = Auto-Calculated | Use dropdowns where available
A3: IDENTIFICATION | E3: DETAILS | F3: ORGANIZATIONAL | H3: PEOPLE | J3: IMPACT | K3: CLASSIFICATION | L3: STATUS | M3: COMPLIANCE
A4: S.No | B4: SWA No. | C4: Date | D4: Month | E4: Reason for Stop Work | F4: Department | G4: Location | H4: Initiated By | I4: Authorized By | J4: Downtime (min) | K4: Severity | L4: Resolution | M4: Investigation Done
A5: ⚙️ AUTO | B5: ✏️ INPUT | C5: ✏️ INPUT | D5: ⚙️ AUTO | E5: ✏️ INPUT | F5: ✏️ INPUT | G5: ✏️ INPUT | H5: ✏️ INPUT | I5: ✏️ INPUT | J5: ✏️ INPUT | K5: ✏️ INPUT | L5: ✏️ INPUT | M5: ✏️ INPUT
A6: 1 | B6: SWA-001 | C6: 46371 | D6: =IF(C6="","",TEXT(C6,"MMM")) | E6: Weather Condition | F6: Maintenance | G6: Field Site | H6: Ahmed Khan | I6: Sarah Wilson | J6: 26 | K6: Medium | L6: Permanent Fix Applied | M6: Yes
A7: 2 | B7: SWA-002 | C7: 46352 | D7: =IF(C7="","",TEXT(C7,"MMM")) | E7: Permit Expired | F7: Construction | G7: Warehouse | H7: Tom Brown | I7: Raj Patel | J7: 184 | K7: Critical | L7: Under Investigation | M7: Yes
A8: 3 | B8: SWA-003 | C8: 46224 | D8: =IF(C8="","",TEXT(C8,"MMM")) | E8: Permit Expired | F8: Engineering | G8: Office | H8: David Chen | I8: Ahmed Khan | J8: 392 | K8: High | L8: Under Investigation | M8: No
A9: 4 | B9: SWA-004 | C9: 46204 | D9: =IF(C9="","",TEXT(C9,"MMM")) | E9: PPE Non-Compliance | F9: Construction | G9: Field Site | H9: Sarah Wilson | I9: Lisa Park | J9: 67 | K9: High | L9: Under Investigation | M9: No
A10: 5 | B10: SWA-005 | C10: 46127 | D10: =IF(C10="","",TEXT(C10,"MMM")) | E10: Unsafe Condition | F10: Safety | G10: Tank Farm | H10: Tom Brown | I10: Fatima Al-Said | J10: 320 | K10: Critical | L10: Permanent Fix Applied | M10: No
A11: 6 | B11: SWA-006 | C11: 46299 | D11: =IF(C11="","",TEXT(C11,"MMM")) | E11: Weather Condition | F11: Logistics | G11: Tank Farm | H11: Lisa Park | I11: Raj Patel | J11: 431 | K11: Medium | L11: Permanent Fix Applied | M11: Yes
A12: 7 | B12: SWA-007 | C12: 46331 | D12: =IF(C12="","",TEXT(C12,"MMM")) | E12: Weather Condition | F12: Maintenance | G12: Workshop | H12: John Smith | I12: Sarah Wilson | J12: 108 | K12: Medium | L12: Permanent Fix Applied | M12: Yes
A13: 8 | B13: SWA-008 | C13: 46278 | D13: =IF(C13="","",TEXT(C13,"MMM")) | E13: Gas Detection | F13: Contractor | G13: Warehouse | H13: Lisa Park | I13: David Chen | J13: 231 | K13: High | L13: Under Investigation | M13: Yes
A14: 9 | B14: SWA-009 | C14: 46271 | D14: =IF(C14="","",TEXT(C14,"MMM")) | E14: Structural Concern | F14: Safety | G14: Warehouse | H14: Raj Patel | I14: Fatima Al-Said | J14: 446 | K14: Critical | L14: Permanent Fix Applied | M14: Yes
A15: 10 | B15: SWA-010 | C15: 46174 | D15: =IF(C15="","",TEXT(C15,"MMM")) | E15: Structural Concern | F15: Engineering | G15: Workshop | H15: David Chen | I15: Tom Brown | J15: 273 | K15: Critical | L15: Under Investigation | M15: No
A16: =IF($B16="","",ROW()-5) | D16: =IF($B16="","",IF(C16="","",TEXT(C16,"MMM")))
A17: =IF($B17="","",ROW()-5) | D17: =IF($B17="","",IF(C17="","",TEXT(C17,"MMM")))
A18: =IF($B18="","",ROW()-5) | D18: =IF($B18="","",IF(C18="","",TEXT(C18,"MMM")))
A19: =IF($B19="","",ROW()-5) | D19: =IF($B19="","",IF(C19="","",TEXT(C19,"MMM")))
A20: =IF($B20="","",ROW()-5) | D20: =IF($B20="","",IF(C20="","",TEXT(C20,"MMM")))
A21: =IF($B21="","",ROW()-5) | D21: =IF($B21="","",IF(C21="","",TEXT(C21,"MMM")))
A22: =IF($B22="","",ROW()-5) | D22: =IF($B22="","",IF(C22="","",TEXT(C22,"MMM")))
A23: =IF($B23="","",ROW()-5) | D23: =IF($B23="","",IF(C23="","",TEXT(C23,"MMM")))
A24: =IF($B24="","",ROW()-5) | D24: =IF($B24="","",IF(C24="","",TEXT(C24,"MMM")))
A25: =IF($B25="","",ROW()-5) | D25: =IF($B25="","",IF(C25="","",TEXT(C25,"MMM")))
A26: =IF($B26="","",ROW()-5) | D26: =IF($B26="","",IF(C26="","",TEXT(C26,"MMM")))
A27: =IF($B27="","",ROW()-5) | D27: =IF($B27="","",IF(C27="","",TEXT(C27,"MMM")))
... A506: =IF($B506="","",ROW()-5) | D506: =IF($B506="","",IF(C506="","",TEXT(C506,"MMM")))

Sheet Alcohol Tests
A1: 🧪 RANDOM ALCOHOL TESTS — DATA ENTRY
A2: 🔵 Blue = User Input | ⚫ Gray = Auto-Calculated | Use dropdowns where available
A3: IDENTIFICATION | E3: ORGANIZATIONAL | F3: PEOPLE | G3: CLASSIFICATION | H3: RESULT | I3: PEOPLE | J3: STATUS
A4: S.No | B4: Test ID | C4: Date | D4: Month | E4: Department | F4: Employee Tested | G4: Test Type | H4: Result | I4: Tested By | J4: Status
A5: ⚙️ AUTO | B5: ✏️ INPUT | C5: ✏️ INPUT | D5: ⚙️ AUTO | E5: ✏️ INPUT | F5: ✏️ INPUT | G5: ✏️ INPUT | H5: ✏️ INPUT | I5: ✏️ INPUT | J5: ⚙️ AUTO
A6: 1 | B6: RAT-001 | C6: 46226 | D6: =IF(C6="","",TEXT(C6,"MMM")) | E6: Admin | F6: Priya Sharma | G6: Random | H6: Negative | I6: Lisa Park | J6: =IF(H6="Negative","✅ Clear","🚨 Action Required")
A7: 2 | B7: RAT-002 | C7: 46048 | D7: =IF(C7="","",TEXT(C7,"MMM")) | E7: Construction | F7: John Smith | G7: Pre-Shift | H7: Negative | I7: Maria Garcia | J7: =IF(H7="Negative","✅ Clear","🚨 Action Required")
A8: 3 | B8: RAT-003 | C8: 46275 | D8: =IF(C8="","",TEXT(C8,"MMM")) | E8: Engineering | F8: Priya Sharma | G8: Reasonable Suspicion | H8: Negative | I8: Tom Brown | J8: =IF(H8="Negative","✅ Clear","🚨 Action Required")
A9: 4 | B9: RAT-004 | C9: 46072 | D9: =IF(C9="","",TEXT(C9,"MMM")) | E9: Maintenance | F9: John Smith | G9: Post-Incident | H9: Negative | I9: Ahmed Khan | J9: =IF(H9="Negative","✅ Clear","🚨 Action Required")
A10: 5 | B10: RAT-005 | C10: 46371 | D10: =IF(C10="","",TEXT(C10,"MMM")) | E10: Projects | F10: Maria Garcia | G10: Reasonable Suspicion | H10: Negative | I10: Maria Garcia | J10: =IF(H10="Negative","✅ Clear","🚨 Action Required")
A11: 6 | B11: RAT-006 | C11: 46170 | D11: =IF(C11="","",TEXT(C11,"MMM")) | E11: Operations | F11: Priya Sharma | G11: Post-Incident | H11: Negative | I11: Sarah Wilson | J11: =IF(H11="Negative","✅ Clear","🚨 Action Required")
A12: 7 | B12: RAT-007 | C12: 46262 | D12: =IF(C12="","",TEXT(C12,"MMM")) | E12: Maintenance | F12: Maria Garcia | G12: Random | H12: Positive | I12: Lisa Park | J12: =IF(H12="Negative","✅ Clear","🚨 Action Required")
A13: 8 | B13: RAT-008 | C13: 46368 | D13: =IF(C13="","",TEXT(C13,"MMM")) | E13: Contractor | F13: David Chen | G13: Random | H13: Negative | I13: Raj Patel | J13: =IF(H13="Negative","✅ Clear","🚨 Action Required")
A14: 9 | B14: RAT-009 | C14: 46139 | D14: =IF(C14="","",TEXT(C14,"MMM")) | E14: Construction | F14: Ahmed Khan | G14: Post-Incident | H14: Negative | I14: John Smith | J14: =IF(H14="Negative","✅ Clear","🚨 Action Required")
A15: 10 | B15: RAT-010 | C15: 46313 | D15: =IF(C15="","",TEXT(C15,"MMM")) | E15: Engineering | F15: Fatima Al-Said | G15: Post-Incident | H15: Negative | I15: Lisa Park | J15: =IF(H15="Negative","✅ Clear","🚨 Action Required")
A16: 11 | B16: RAT-011 | C16: 46170 | D16: =IF(C16="","",TEXT(C16,"MMM")) | E16: Projects | F16: Sarah Wilson | G16: Random | H16: Negative | I16: Ahmed Khan | J16: =IF(H16="Negative","✅ Clear","🚨 Action Required")
A17: 12 | B17: RAT-012 | C17: 46170 | D17: =IF(C17="","",TEXT(C17,"MMM")) | E17: Engineering | F17: Raj Patel | G17: Random | H17: Negative | I17: Fatima Al-Said | J17: =IF(H17="Negative","✅ Clear","🚨 Action Required")
... A20: 15 | B20: RAT-015 | C20: 46220 | D20: =IF(C20="","",TEXT(C20,"MMM")) | E20: Safety | F20: Fatima Al-Said | G20: Reasonable Suspicion | H20: Negative | I20: Fatima Al-Said | J20: =IF(H20="Negative","✅ Clear","🚨 Action Required")
A21: =IF($B21="","",ROW()-5) | D21: =IF($B21="","",IF(C21="","",TEXT(C21,"MMM"))) | J21: =IF($B21="","",IF(H21="Negative","✅ Clear","🚨 Action Required"))
A22: =IF($B22="","",ROW()-5) | D22: =IF($B22="","",IF(C22="","",TEXT(C22,"MMM"))) | J22: =IF($B22="","",IF(H22="Negative","✅ Clear","🚨 Action Required"))
A23: =IF($B23="","",ROW()-5) | D23: =IF($B23="","",IF(C23="","",TEXT(C23,"MMM"))) | J23: =IF($B23="","",IF(H23="Negative","✅ Clear","🚨 Action Required"))
A24: =IF($B24="","",ROW()-5) | D24: =IF($B24="","",IF(C24="","",TEXT(C24,"MMM"))) | J24: =IF($B24="","",IF(H24="Negative","✅ Clear","🚨 Action Required"))
A25: =IF($B25="","",ROW()-5) | D25: =IF($B25="","",IF(C25="","",TEXT(C25,"MMM"))) | J25: =IF($B25="","",IF(H25="Negative","✅ Clear","🚨 Action Required"))
A26: =IF($B26="","",ROW()-5) | D26: =IF($B26="","",IF(C26="","",TEXT(C26,"MMM"))) | J26: =IF($B26="","",IF(H26="Negative","✅ Clear","🚨 Action Required"))
A27: =IF($B27="","",ROW()-5) | D27: =IF($B27="","",IF(C27="","",TEXT(C27,"MMM"))) | J27: =IF($B27="","",IF(H27="Negative","✅ Clear","🚨 Action Required"))
A28: =IF($B28="","",ROW()-5) | D28: =IF($B28="","",IF(C28="","",TEXT(C28,"MMM"))) | J28: =IF($B28="","",IF(H28="Negative","✅ Clear","🚨 Action Required"))
A29: =IF($B29="","",ROW()-5) | D29: =IF($B29="","",IF(C29="","",TEXT(C29,"MMM"))) | J29: =IF($B29="","",IF(H29="Negative","✅ Clear","🚨 Action Required"))
A30: =IF($B30="","",ROW()-5) | D30: =IF($B30="","",IF(C30="","",TEXT(C30,"MMM"))) | J30: =IF($B30="","",IF(H30="Negative","✅ Clear","🚨 Action Required"))
A31: =IF($B31="","",ROW()-5) | D31: =IF($B31="","",IF(C31="","",TEXT(C31,"MMM"))) | J31: =IF($B31="","",IF(H31="Negative","✅ Clear","🚨 Action Required"))
A32: =IF($B32="","",ROW()-5) | D32: =IF($B32="","",IF(C32="","",TEXT(C32,"MMM"))) | J32: =IF($B32="","",IF(H32="Negative","✅ Clear","🚨 Action Required"))
... A506: =IF($B506="","",ROW()-5) | D506: =IF($B506="","",IF(C506="","",TEXT(C506,"MMM"))) | J506: =IF($B506="","",IF(H506="Negative","✅ Clear","🚨 Action Required"))

Sheet PTW Audits
A1: 🔎 PERMIT TO WORK AUDITS — DATA ENTRY
A2: 🔵 Blue = User Input | ⚫ Gray = Auto-Calculated | Use dropdowns where available
A3: IDENTIFICATION | E3: SCOPE | F3: ORGANIZATIONAL | H3: PEOPLE | I3: FINDINGS | L3: COMPLIANCE | M3: STATUS | N3: FOLLOW-UP
A4: S.No | B4: Audit No. | C4: Date | D4: Month | E4: Permit Type Audited | F4: Department | G4: Location | H4: Auditor | I4: Permits Reviewed | J4: Deviations Found | K4: Total Checkpoints | L4: Compliance % | M4: Verdict | N4: Action Required
A5: ⚙️ AUTO | B5: ✏️ INPUT | C5: ✏️ INPUT | D5: ⚙️ AUTO | E5: ✏️ INPUT | F5: ✏️ INPUT | G5: ✏️ INPUT | H5: ✏️ INPUT | I5: ✏️ INPUT | J5: ✏️ INPUT | K5: ✏️ INPUT | L5: ⚙️ AUTO | M5: ✏️ INPUT | N5: ✏️ INPUT
A6: 1 | B6: PTWA-001 | C6: 46296 | D6: =IF(C6="","",TEXT(C6,"MMM")) | E6: Lifting | F6: Maintenance | G6: Tank Farm | H6: Fatima Al-Said | I6: 9 | J6: 4 | K6: 17 | L6: =IF(K6=0,0,(K6-J6)/K6) | M6: Compliant | N6: Add checklist item
A7: 2 | B7: PTWA-002 | C7: 46128 | D7: =IF(C7="","",TEXT(C7,"MMM")) | E7: Working at Height | F7: Logistics | G7: Field Site | H7: Fatima Al-Said | I7: 16 | J7: 4 | K7: 9 | L7: =IF(K7=0,0,(K7-J7)/K7) | M7: Partially Compliant | N7: Add checklist item
A8: 3 | B8: PTWA-003 | C8: 46195 | D8: =IF(C8="","",TEXT(C8,"MMM")) | E8: Lifting | F8: Operations | G8: Plant A | H8: Sarah Wilson | I8: 18 | J8: 3 | K8: 5 | L8: =IF(K8=0,0,(K8-J8)/K8) | M8: Compliant | N8: Update procedure
A9: 4 | B9: PTWA-004 | C9: 46249 | D9: =IF(C9="","",TEXT(C9,"MMM")) | E9: Hot Work | F9: Quality | G9: Workshop | H9: Raj Patel | I9: 18 | J9: 2 | K9: 10 | L9: =IF(K9=0,0,(K9-J9)/K9) | M9: Non-Compliant
A10: 5 | B10: PTWA-005 | C10: 46338 | D10: =IF(C10="","",TEXT(C10,"MMM")) | E10: Working at Height | F10: Maintenance | G10: Control Room | H10: Raj Patel | I10: 8 | J10: 3 | K10: 14 | L10: =IF(K10=0,0,(K10-J10)/K10) | M10: Partially Compliant | N10: Update procedure
A11: 6 | B11: PTWA-006 | C11: 46224 | D11: =IF(C11="","",TEXT(C11,"MMM")) | E11: Hot Work | F11: Maintenance | G11: Plant A | H11: Maria Garcia | I11: 15 | J11: 0 | K11: 9 | L11: =IF(K11=0,0,(K11-J11)/K11) | M11: Partially Compliant | N11: Update procedure
A12: 7 | B12: PTWA-007 | C12: 46287 | D12: =IF(C12="","",TEXT(C12,"MMM")) | E12: Excavation | F12: Operations | G12: Plant A | H12: Fatima Al-Said | I12: 9 | J12: 3 | K12: 9 | L12: =IF(K12=0,0,(K12-J12)/K12) | M12: Non-Compliant
A13: 8 | B13: PTWA-008 | C13: 46125 | D13: =IF(C13="","",TEXT(C13,"MMM")) | E13: Hot Work | F13: Maintenance | G13: Plant B | H13: Fatima Al-Said | I13: 13 | J13: 2 | K13: 9 | L13: =IF(K13=0,0,(K13-J13)/K13) | M13: Non-Compliant | N13: Update procedure
A14: 9 | B14: PTWA-009 | C14: 46348 | D14: =IF(C14="","",TEXT(C14,"MMM")) | E14: Confined Space | F14: Maintenance | G14: Plant A | H14: Lisa Park | I14: 18 | J14: 1 | K14: 19 | L14: =IF(K14=0,0,(K14-J14)/K14) | M14: Non-Compliant | N14: Update procedure
A15: 10 | B15: PTWA-010 | C15: 46350 | D15: =IF(C15="","",TEXT(C15,"MMM")) | E15: Confined Space | F15: Quality | G15: Tank Farm | H15: Maria Garcia | I15: 9 | J15: 0 | K15: 9 | L15: =IF(K15=0,0,(K15-J15)/K15) | M15: Compliant | N15: Add checklist item
A16: 11 | B16: PTWA-011 | C16: 46187 | D16: =IF(C16="","",TEXT(C16,"MMM")) | E16: Working at Height | F16: Engineering | G16: Workshop | H16: John Smith | I16: 18 | J16: 0 | K16: 12 | L16: =IF(K16=0,0,(K16-J16)/K16) | M16: Partially Compliant | N16: Retrain issuer
A17: 12 | B17: PTWA-012 | C17: 46357 | D17: =IF(C17="","",TEXT(C17,"MMM")) | E17: Lifting | F17: Safety | G17: Workshop | H17: Tom Brown | I17: 17 | J17: 4 | K17: 11 | L17: =IF(K17=0,0,(K17-J17)/K17) | M17: Partially Compliant | N17: Add checklist item
A18: =IF($B18="","",ROW()-5) | D18: =IF($B18="","",IF(C18="","",TEXT(C18,"MMM"))) | L18: =IF($B18="","",IF(K18=0,0,(K18-J18)/K18))
A19: =IF($B19="","",ROW()-5) | D19: =IF($B19="","",IF(C19="","",TEXT(C19,"MMM"))) | L19: =IF($B19="","",IF(K19=0,0,(K19-J19)/K19))
A20: =IF($B20="","",ROW()-5) | D20: =IF($B20="","",IF(C20="","",TEXT(C20,"MMM"))) | L20: =IF($B20="","",IF(K20=0,0,(K20-J20)/K20))
A21: =IF($B21="","",ROW()-5) | D21: =IF($B21="","",IF(C21="","",TEXT(C21,"MMM"))) | L21: =IF($B21="","",IF(K21=0,0,(K21-J21)/K21))
A22: =IF($B22="","",ROW()-5) | D22: =IF($B22="","",IF(C22="","",TEXT(C22,"MMM"))) | L22: =IF($B22="","",IF(K22=0,0,(K22-J22)/K22))
A23: =IF($B23="","",ROW()-5) | D23: =IF($B23="","",IF(C23="","",TEXT(C23,"MMM"))) | L23: =IF($B23="","",IF(K23=0,0,(K23-J23)/K23))
A24: =IF($B24="","",ROW()-5) | D24: =IF($B24="","",IF(C24="","",TEXT(C24,"MMM"))) | L24: =IF($B24="","",IF(K24=0,0,(K24-J24)/K24))
A25: =IF($B25="","",ROW()-5) | D25: =IF($B25="","",IF(C25="","",TEXT(C25,"MMM"))) | L25: =IF($B25="","",IF(K25=0,0,(K25-J25)/K25))
A26: =IF($B26="","",ROW()-5) | D26: =IF($B26="","",IF(C26="","",TEXT(C26,"MMM"))) | L26: =IF($B26="","",IF(K26=0,0,(K26-J26)/K26))
A27: =IF($B27="","",ROW()-5) | D27: =IF($B27="","",IF(C27="","",TEXT(C27,"MMM"))) | L27: =IF($B27="","",IF(K27=0,0,(K27-J27)/K27))
A28: =IF($B28="","",ROW()-5) | D28: =IF($B28="","",IF(C28="","",TEXT(C28,"MMM"))) | L28: =IF($B28="","",IF(K28=0,0,(K28-J28)/K28))
A29: =IF($B29="","",ROW()-5) | D29: =IF($B29="","",IF(C29="","",TEXT(C29,"MMM"))) | L29: =IF($B29="","",IF(K29=0,0,(K29-J29)/K29))
... A506: =IF($B506="","",ROW()-5) | D506: =IF($B506="","",IF(C506="","",TEXT(C506,"MMM"))) | L506: =IF($B506="","",IF(K506=0,0,(K506-J506)/K506))

Sheet Corrective Actions
A1: 🔧 CORRECTIVE ACTIONS — DATA ENTRY
A2: 🔵 Blue = User Input | ⚫ Gray = Auto-Calculated | Use dropdowns where available
A3: IDENTIFICATION | E3: CLASSIFICATION | F3: ORGANIZATIONAL | H3: ACTION | I3: CLASSIFICATION | J3: PEOPLE | L3: TRACKING | N3: STATUS
A4: S.No | B4: CA No. | C4: Date Raised | D4: Month | E4: Source | F4: Department | G4: Location | H4: Corrective Action | I4: Priority | J4: Assigned To | K4: Verified By | L4: Due Date | M4: Completion Date | N4: Status | O4: Timeliness
A5: ⚙️ AUTO | B5: ✏️ INPUT | C5: ✏️ INPUT | D5: ⚙️ AUTO | E5: ✏️ INPUT | F5: ✏️ INPUT | G5: ✏️ INPUT | H5: ✏️ INPUT | I5: ✏️ INPUT | J5: ✏️ INPUT | K5: ✏️ INPUT | L5: ✏️ INPUT | M5: ✏️ INPUT | N5: ✏️ INPUT | O5: ⚙️ AUTO
A6: 1 | B6: CA-001 | C6: 46163 | D6: =IF(C6="","",TEXT(C6,"MMM")) | E6: Audit Finding | F6: Construction | G6: Tank Farm | H6: Implement LOTO | I6: High | J6: Maria Garcia | K6: Priya Sharma | L6: 46357 | N6: In Progress | O6: =IF(M6="","",IF(M6<=L6,"On Time","Delayed"))
A7: 2 | B7: CA-002 | C7: 46231 | D7: =IF(C7="","",TEXT(C7,"MMM")) | E7: Management Review | F7: Quality | G7: Control Room | H7: Conduct training | I7: Medium | J7: Sarah Wilson | K7: Ahmed Khan | L7: 46305 | M7: 46161 | N7: Pending | O7: =IF(M7="","",IF(M7<=L7,"On Time","Delayed"))
A8: 3 | B8: CA-003 | C8: 46275 | D8: =IF(C8="","",TEXT(C8,"MMM")) | E8: Drill Finding | F8: Projects | G8: Office | H8: Implement LOTO | I8: Low | J8: David Chen | K8: Sarah Wilson | L8: 46385 | M8: 46327 | N8: Overdue | O8: =IF(M8="","",IF(M8<=L8,"On Time","Delayed"))
A9: 4 | B9: CA-004 | C9: 46070 | D9: =IF(C9="","",TEXT(C9,"MMM")) | E9: Inspection Finding | F9: Engineering | G9: Control Room | H9: Implement LOTO | I9: Low | J9: Sarah Wilson | K9: John Smith | L9: 46423 | M9: 46139 | N9: Pending | O9: =IF(M9="","",IF(M9<=L9,"On Time","Delayed"))
A10: 5 | B10: CA-005 | C10: 46068 | D10: =IF(C10="","",TEXT(C10,"MMM")) | E10: Management Review | F10: Contractor | G10: Plant A | H10: Add signage | I10: Low | J10: Raj Patel | K10: Sarah Wilson | L10: 46060 | N10: Overdue | O10: =IF(M10="","",IF(M10<=L10,"On Time","Delayed"))
A11: 6 | B11: CA-006 | C11: 46282 | D11: =IF(C11="","",TEXT(C11,"MMM")) | E11: Drill Finding | F11: Safety | G11: Warehouse | H11: Fix ventilation | I11: High | J11: John Smith | K11: Sarah Wilson | L11: 46091 | M11: 46255 | N11: Overdue | O11: =IF(M11="","",IF(M11<=L11,"On Time","Delayed"))
A12: 7 | B12: CA-007 | C12: 46375 | D12: =IF(C12="","",TEXT(C12,"MMM")) | E12: Drill Finding | F12: Maintenance | G12: Tank Farm | H12: Repair floor | I12: Low | J12: Fatima Al-Said | K12: Ahmed Khan | L12: 46305 | N12: Completed | O12: =IF(M12="","",IF(M12<=L12,"On Time","Delayed"))
A13: 8 | B13: CA-008 | C13: 46317 | D13: =IF(C13="","",TEXT(C13,"MMM")) | E13: Drill Finding | F13: Maintenance | G13: Workshop | H13: Install guard rail | I13: High | J13: Ahmed Khan | K13: Maria Garcia | L13: 46068 | M13: 46229 | N13: Pending | O13: =IF(M13="","",IF(M13<=L13,"On Time","Delayed"))
A14: 9 | B14: CA-009 | C14: 46123 | D14: =IF(C14="","",TEXT(C14,"MMM")) | E14: Inspection Finding | F14: Quality | G14: Control Room | H14: Add signage | I14: High | J14: Lisa Park | K14: Fatima Al-Said | L14: 46120 | N14: Completed | O14: =IF(M14="","",IF(M14<=L14,"On Time","Delayed"))
A15: 10 | B15: CA-010 | C15: 46206 | D15: =IF(C15="","",TEXT(C15,"MMM")) | E15: Observation Follow-up | F15: Safety | G15: Field Site | H15: Fix ventilation | I15: High | J15: Tom Brown | K15: Priya Sharma | L15: 46053 | N15: In Progress | O15: =IF(M15="","",IF(M15<=L15,"On Time","Delayed"))
A16: 11 | B16: CA-011 | C16: 46246 | D16: =IF(C16="","",TEXT(C16,"MMM")) | E16: Management Review | F16: Admin | G16: Workshop | H16: Replace equipment | I16: High | J16: Ahmed Khan | K16: David Chen | L16: 46071 | N16: Completed | O16: =IF(M16="","",IF(M16<=L16,"On Time","Delayed"))
A17: 12 | B17: CA-012 | C17: 46174 | D17: =IF(C17="","",TEXT(C17,"MMM")) | E17: Drill Finding | F17: Quality | G17: Field Site | H17: Update procedure | I17: High | J17: Tom Brown | K17: Maria Garcia | L17: 46229 | M17: 46131 | N17: Completed | O17: =IF(M17="","",IF(M17<=L17,"On Time","Delayed"))
A18: 13 | B18: CA-013 | C18: 46140 | D18: =IF(C18="","",TEXT(C18,"MMM")) | E18: Management Review | F18: Quality | G18: Control Room | H18: Repair floor | I18: Low | J18: Sarah Wilson | K18: Lisa Park | L18: 46085 | M18: 46388 | N18: Completed | O18: =IF(M18="","",IF(M18<=L18,"On Time","Delayed"))
A19: 14 | B19: CA-014 | C19: 46225 | D19: =IF(C19="","",TEXT(C19,"MMM")) | E19: Inspection Finding | F19: Construction | G19: Field Site | H19: Add signage | I19: Medium | J19: David Chen | K19: Fatima Al-Said | L19: 46212 | M19: 46185 | N19: In Progress | O19: =IF(M19="","",IF(M19<=L19,"On Time","Delayed"))
A20: 15 | B20: CA-015 | C20: 46299 | D20: =IF(C20="","",TEXT(C20,"MMM")) | E20: Inspection Finding | F20: Maintenance | G20: Warehouse | H20: Repair floor | I20: Medium | J20: Fatima Al-Said | K20: David Chen | L20: 46100 | N20: Overdue | O20: =IF(M20="","",IF(M20<=L20,"On Time","Delayed"))
A21: 16 | B21: CA-016 | C21: 46056 | D21: =IF(C21="","",TEXT(C21,"MMM")) | E21: Inspection Finding | F21: Safety | G21: Plant A | H21: Replace equipment | I21: Medium | J21: Raj Patel | K21: Sarah Wilson | L21: 46393 | N21: Overdue | O21: =IF(M21="","",IF(M21<=L21,"On Time","Delayed"))
A22: 17 | B22: CA-017 | C22: 46169 | D22: =IF(C22="","",TEXT(C22,"MMM")) | E22: Inspection Finding | F22: Operations | G22: Office | H22: Repair floor | I22: Low | J22: Tom Brown | K22: Maria Garcia | L22: 46081 | M22: 46095 | N22: In Progress | O22: =IF(M22="","",IF(M22<=L22,"On Time","Delayed"))
A23: 18 | B23: CA-018 | C23: 46088 | D23: =IF(C23="","",TEXT(C23,"MMM")) | E23: Observation Follow-up | F23: Logistics | G23: Plant B | H23: Add signage | I23: High | J23: Ahmed Khan | K23: Sarah Wilson | L23: 46168 | N23: Completed | O23: =IF(M23="","",IF(M23<=L23,"On Time","Delayed"))
A24: 19 | B24: CA-019 | C24: 46037 | D24: =IF(C24="","",TEXT(C24,"MMM")) | E24: Audit Finding | F24: Engineering | G24: Office | H24: Implement LOTO | I24: Medium | J24: Ahmed Khan | K24: David Chen | L24: 46358 | M24: 46248 | N24: Overdue | O24: =IF(M24="","",IF(M24<=L24,"On Time","Delayed"))
A25: 20 | B25: CA-020 | C25: 46157 | D25: =IF(C25="","",TEXT(C25,"MMM")) | E25: Inspection Finding | F25: Operations | G25: Workshop | H25: Add signage | I25: Medium | J25: David Chen | K25: Tom Brown | L25: 46248 | N25: In Progress | O25: =IF(M25="","",IF(M25<=L25,"On Time","Delayed"))
A26: =IF($B26="","",ROW()-5) | D26: =IF($B26="","",IF(C26="","",TEXT(C26,"MMM"))) | O26: =IF($B26="","",IF(M26="","",IF(M26<=L26,"On Time","Delayed")))
A27: =IF($B27="","",ROW()-5) | D27: =IF($B27="","",IF(C27="","",TEXT(C27,"MMM"))) | O27: =IF($B27="","",IF(M27="","",IF(M27<=L27,"On Time","Delayed")))
A28: =IF($B28="","",ROW()-5) | D28: =IF($B28="","",IF(C28="","",TEXT(C28,"MMM"))) | O28: =IF($B28="","",IF(M28="","",IF(M28<=L28,"On Time","Delayed")))
A29: =IF($B29="","",ROW()-5) | D29: =IF($B29="","",IF(C29="","",TEXT(C29,"MMM"))) | O29: =IF($B29="","",IF(M29="","",IF(M29<=L29,"On Time","Delayed")))
A30: =IF($B30="","",ROW()-5) | D30: =IF($B30="","",IF(C30="","",TEXT(C30,"MMM"))) | O30: =IF($B30="","",IF(M30="","",IF(M30<=L30,"On Time","Delayed")))
A31: =IF($B31="","",ROW()-5) | D31: =IF($B31="","",IF(C31="","",TEXT(C31,"MMM"))) | O31: =IF($B31="","",IF(M31="","",IF(M31<=L31,"On Time","Delayed")))
A32: =IF($B32="","",ROW()-5) | D32: =IF($B32="","",IF(C32="","",TEXT(C32,"MMM"))) | O32: =IF($B32="","",IF(M32="","",IF(M32<=L32,"On Time","Delayed")))
A33: =IF($B33="","",ROW()-5) | D33: =IF($B33="","",IF(C33="","",TEXT(C33,"MMM"))) | O33: =IF($B33="","",IF(M33="","",IF(M33<=L33,"On Time","Delayed")))
A34: =IF($B34="","",ROW()-5) | D34: =IF($B34="","",IF(C34="","",TEXT(C34,"MMM"))) | O34: =IF($B34="","",IF(M34="","",IF(M34<=L34,"On Time","Delayed")))
A35: =IF($B35="","",ROW()-5) | D35: =IF($B35="","",IF(C35="","",TEXT(C35,"MMM"))) | O35: =IF($B35="","",IF(M35="","",IF(M35<=L35,"On Time","Delayed")))
A36: =IF($B36="","",ROW()-5) | D36: =IF($B36="","",IF(C36="","",TEXT(C36,"MMM"))) | O36: =IF($B36="","",IF(M36="","",IF(M36<=L36,"On Time","Delayed")))
A37: =IF($B37="","",ROW()-5) | D37: =IF($B37="","",IF(C37="","",TEXT(C37,"MMM"))) | O37: =IF($B37="","",IF(M37="","",IF(M37<=L37,"On Time","Delayed")))
... A506: =IF($B506="","",ROW()-5) | D506: =IF($B506="","",IF(C506="","",TEXT(C506,"MMM"))) | O506: =IF($B506="","",IF(M506="","",IF(M506<=L506,"On Time","Delayed")))

Sheet NC Management
A1: 📌 NON-CONFORMANCE MANAGEMENT — DATA ENTRY
A2: 🔵 Blue = User Input | ⚫ Gray = Auto-Calculated | Use dropdowns where available
A3: IDENTIFICATION | E3: CLASSIFICATION | G3: ORGANIZATIONAL | H3: DETAILS | I3: PEOPLE | K3: TRACKING | M3: STATUS | N3: ANALYSIS
A4: S.No | B4: NC No. | C4: Date Raised | D4: Month | E4: Source | F4: Severity | G4: Department | H4: NC Description | I4: Assigned To | J4: Approved By | K4: Target Close Date | L4: Actual Close Date | M4: Status | N4: Root Cause / CAPA
A5: ⚙️ AUTO | B5: ✏️ INPUT | C5: ✏️ INPUT | D5: ⚙️ AUTO | E5: ✏️ INPUT | F5: ✏️ INPUT | G5: ✏️ INPUT | H5: ✏️ INPUT | I5: ✏️ INPUT | J5: ✏️ INPUT | K5: ✏️ INPUT | L5: ✏️ INPUT | M5: ✏️ INPUT | N5: ✏️ INPUT
A6: 1 | B6: NC-001 | C6: 46352 | D6: =IF(C6="","",TEXT(C6,"MMM")) | E6: Customer Audit | F6: Major | G6: Projects | H6: Communication Gap | I6: Ahmed Khan | J6: David Chen | K6: 46443 | M6: Under Review | N6: Equipment Replaced
A7: 2 | B7: NC-002 | C7: 46148 | D7: =IF(C7="","",TEXT(C7,"MMM")) | E7: Internal Audit | F7: Minor | G7: Contractor | H7: Training Deficiency | I7: Ahmed Khan | J7: John Smith | K7: 46122 | L7: 46326 | M7: Closed | N7: Procedure Update
A8: 3 | B8: NC-003 | C8: 46334 | D8: =IF(C8="","",TEXT(C8,"MMM")) | E8: PTW Audit | F8: Observation | G8: Operations | H8: Communication Gap | I8: Maria Garcia | J8: Lisa Park | K8: 46251 | M8: Under Review | N8: Process Change
A9: 4 | B9: NC-004 | C9: 46045 | D9: =IF(C9="","",TEXT(C9,"MMM")) | E9: Regulatory Inspection | F9: Minor | G9: Contractor | H9: PPE Non-Compliance | I9: Raj Patel | J9: Lisa Park | K9: 46216 | M9: Closed | N9: Root Cause Analysis
A10: 5 | B10: NC-005 | C10: 46030 | D10: =IF(C10="","",TEXT(C10,"MMM")) | E10: Customer Audit | F10: Major | G10: Operations | H10: PPE Non-Compliance | I10: Priya Sharma | J10: Ahmed Khan | K10: 46232 | M10: Closed | N10: Root Cause Analysis
A11: 6 | B11: NC-006 | C11: 46100 | D11: =IF(C11="","",TEXT(C11,"MMM")) | E11: Regulatory Inspection | F11: Major | G11: Maintenance | H11: Communication Gap | I11: Tom Brown | J11: Fatima Al-Said | K11: 46129 | M11: Under Review | N11: Procedure Update
A12: 7 | B12: NC-007 | C12: 46105 | D12: =IF(C12="","",TEXT(C12,"MMM")) | E12: Workplace Inspection | F12: Observation | G12: Admin | H12: Housekeeping | I12: Fatima Al-Said | J12: Raj Patel | K12: 46433 | M12: Under Review | N12: Training Conducted
A13: 8 | B13: NC-008 | C13: 46087 | D13: =IF(C13="","",TEXT(C13,"MMM")) | E13: Regulatory Inspection | F13: Major | G13: Contractor | H13: Documentation Gap | I13: Lisa Park | J13: Ahmed Khan | K13: 46155 | M13: Open | N13: Training Conducted
A14: 9 | B14: NC-009 | C14: 46359 | D14: =IF(C14="","",TEXT(C14,"MMM")) | E14: External Audit | F14: Minor | G14: Logistics | H14: Training Deficiency | I14: Sarah Wilson | J14: Fatima Al-Said | K14: 46282 | M14: Under Review | N14: Root Cause Analysis
A15: 10 | B15: NC-010 | C15: 46357 | D15: =IF(C15="","",TEXT(C15,"MMM")) | E15: Internal Audit | F15: Minor | G15: Admin | H15: Housekeeping | I15: David Chen | J15: Raj Patel | K15: 46281 | L15: 46259 | M15: Overdue | N15: Process Change
A16: 11 | B16: NC-011 | C16: 46351 | D16: =IF(C16="","",TEXT(C16,"MMM")) | E16: Regulatory Inspection | F16: Major | G16: Engineering | H16: Documentation Gap | I16: Sarah Wilson | J16: Ahmed Khan | K16: 46197 | M16: Open | N16: Equipment Replaced
A17: 12 | B17: NC-012 | C17: 46105 | D17: =IF(C17="","",TEXT(C17,"MMM")) | E17: Internal Audit | F17: Observation | G17: Maintenance | H17: Equipment Issue | I17: Lisa Park | J17: Lisa Park | K17: 46274 | M17: Overdue | N17: Procedure Update
A18: 13 | B18: NC-013 | C18: 46026 | D18: =IF(C18="","",TEXT(C18,"MMM")) | E18: PTW Audit | F18: Major | G18: Construction | H18: Documentation Gap | I18: Tom Brown | J18: Tom Brown | K18: 46214 | L18: 46182 | M18: Overdue | N18: Process Change
A19: 14 | B19: NC-014 | C19: 46292 | D19: =IF(C19="","",TEXT(C19,"MMM")) | E19: Workplace Inspection | F19: Major | G19: Operations | H19: Equipment Issue | I19: Ahmed Khan | J19: David Chen | K19: 46153 | L19: 46273 | M19: Open | N19: Procedure Update
A20: 15 | B20: NC-015 | C20: 46336 | D20: =IF(C20="","",TEXT(C20,"MMM")) | E20: Internal Audit | F20: Minor | G20: Maintenance | H20: Equipment Issue | I20: David Chen | J20: Priya Sharma | K20: 46303 | L20: 46143 | M20: Under Review | N20: Equipment Replaced
A21: 16 | B21: NC-016 | C21: 46179 | D21: =IF(C21="","",TEXT(C21,"MMM")) | E21: Workplace Inspection | F21: Major | G21: Safety | H21: Documentation Gap | I21: Priya Sharma | J21: John Smith | K21: 46187 | M21: Closed | N21: Root Cause Analysis
A22: 17 | B22: NC-017 | C22: 46338 | D22: =IF(C22="","",TEXT(C22,"MMM")) | E22: Customer Audit | F22: Minor | G22: Contractor | H22: Training Deficiency | I22: Tom Brown | J22: Ahmed Khan | K22: 46310 | M22: Open | N22: Equipment Replaced
A23: 18 | B23: NC-018 | C23: 46145 | D23: =IF(C23="","",TEXT(C23,"MMM")) | E23: Workplace Inspection | F23: Observation | G23: Operations | H23: PPE Non-Compliance | I23: Lisa Park | J23: Tom Brown | K23: 46349 | L23: 46155 | M23: Open | N23: Procedure Update
A24: =IF($B24="","",ROW()-5) | D24: =IF($B24="","",IF(C24="","",TEXT(C24,"MMM")))
A25: =IF($B25="","",ROW()-5) | D25: =IF($B25="","",IF(C25="","",TEXT(C25,"MMM")))
A26: =IF($B26="","",ROW()-5) | D26: =IF($B26="","",IF(C26="","",TEXT(C26,"MMM")))
A27: =IF($B27="","",ROW()-5) | D27: =IF($B27="","",IF(C27="","",TEXT(C27,"MMM")))
A28: =IF($B28="","",ROW()-5) | D28: =IF($B28="","",IF(C28="","",TEXT(C28,"MMM")))
A29: =IF($B29="","",ROW()-5) | D29: =IF($B29="","",IF(C29="","",TEXT(C29,"MMM")))
A30: =IF($B30="","",ROW()-5) | D30: =IF($B30="","",IF(C30="","",TEXT(C30,"MMM")))
A31: =IF($B31="","",ROW()-5) | D31: =IF($B31="","",IF(C31="","",TEXT(C31,"MMM")))
A32: =IF($B32="","",ROW()-5) | D32: =IF($B32="","",IF(C32="","",TEXT(C32,"MMM")))
A33: =IF($B33="","",ROW()-5) | D33: =IF($B33="","",IF(C33="","",TEXT(C33,"MMM")))
A34: =IF($B34="","",ROW()-5) | D34: =IF($B34="","",IF(C34="","",TEXT(C34,"MMM")))
A35: =IF($B35="","",ROW()-5) | D35: =IF($B35="","",IF(C35="","",TEXT(C35,"MMM")))
... A506: =IF($B506="","",ROW()-5) | D506: =IF($B506="","",IF(C506="","",TEXT(C506,"MMM")))

Sheet Unsafe Acts
A1: ⚠️ UNSAFE ACTS REPORTED — DATA ENTRY
A2: 🔵 Blue = User Input | ⚫ Gray = Auto-Calculated | Use dropdowns where available
A3: IDENTIFICATION | E3: DETAILS | F3: ORGANIZATIONAL | H3: PEOPLE | I3: CLASSIFICATION | J3: RESPONSE | K3: FOLLOW-UP | L3: TRACKING | M3: STATUS
A4: S.No | B4: Report No. | C4: Date | D4: Month | E4: Description | F4: Department | G4: Location | H4: Reported By | I4: Risk Level | J4: Immediate Action | K4: Corrective Action | L4: Due Date | M4: Status
A5: ⚙️ AUTO | B5: ✏️ INPUT | C5: ✏️ INPUT | D5: ⚙️ AUTO | E5: ✏️ INPUT | F5: ✏️ INPUT | G5: ✏️ INPUT | H5: ✏️ INPUT | I5: ✏️ INPUT | J5: ✏️ INPUT | K5: ✏️ INPUT | L5: ✏️ INPUT | M5: ✏️ INPUT
A6: 1 | B6: UA-001 | C6: 46117 | D6: =IF(C6="","",TEXT(C6,"MMM")) | E6: No PPE Worn | F6: Quality | G6: Plant B | H6: David Chen | I6: High | J6: Action Raised | K6: Add signage | M6: Completed
A7: 2 | B7: UA-002 | C7: 46066 | D7: =IF(C7="","",TEXT(C7,"MMM")) | E7: Horseplay | F7: Projects | G7: Control Room | H7: John Smith | I7: Low | J7: Pending | L7: 46333 | M7: Pending
A8: 3 | B8: UA-003 | C8: 46067 | D8: =IF(C8="","",TEXT(C8,"MMM")) | E8: Bypassing Safety Guard | F8: Engineering | G8: Plant B | H8: Sarah Wilson | I8: Low | J8: Corrected Immediately | K8: Fix condition | L8: 46198 | M8: Pending
A9: 4 | B9: UA-004 | C9: 46342 | D9: =IF(C9="","",TEXT(C9,"MMM")) | E9: Improper Tool Use | F9: Operations | G9: Warehouse | H9: John Smith | I9: Medium | J9: Action Raised | K9: Add signage | L9: 46373 | M9: Pending
A10: 5 | B10: UA-005 | C10: 46196 | D10: =IF(C10="","",TEXT(C10,"MMM")) | E10: Using Phone While Walking | F10: Operations | G10: Tank Farm | H10: John Smith | I10: Medium | J10: Corrected Immediately | K10: Fix condition | L10: 46163 | M10: Pending
A11: 6 | B11: UA-006 | C11: 46378 | D11: =IF(C11="","",TEXT(C11,"MMM")) | E11: Improper Lifting | F11: Construction | G11: Warehouse | H11: John Smith | I11: Low | J11: Pending | K11: Fix condition | M11: Pending
A12: 7 | B12: UA-007 | C12: 46316 | D12: =IF(C12="","",TEXT(C12,"MMM")) | E12: Improper Lifting | F12: Construction | G12: Tank Farm | H12: Maria Garcia | I12: Medium | J12: Pending | K12: Add signage | L12: 46047 | M12: Completed
A13: 8 | B13: UA-008 | C13: 46165 | D13: =IF(C13="","",TEXT(C13,"MMM")) | E13: Horseplay | F13: Engineering | G13: Plant A | H13: Raj Patel | I13: High | J13: Action Raised | M13: Pending
A14: 9 | B14: UA-009 | C14: 46034 | D14: =IF(C14="","",TEXT(C14,"MMM")) | E14: Using Phone While Walking | F14: Safety | G14: Control Room | H14: Priya Sharma | I14: Low | J14: Pending | K14: Replace equipment | L14: 46337 | M14: Overdue
A15: 10 | B15: UA-010 | C15: 46254 | D15: =IF(C15="","",TEXT(C15,"MMM")) | E15: Improper Tool Use | F15: Engineering | G15: Tank Farm | H15: Lisa Park | I15: Low | J15: Under Review | K15: Fix condition | M15: Overdue
A16: 11 | B16: UA-011 | C16: 46383 | D16: =IF(C16="","",TEXT(C16,"MMM")) | E16: Improper Lifting | F16: Safety | G16: Plant A | H16: David Chen | I16: High | J16: Action Raised | K16: Add signage | L16: 46150 | M16: In Progress
A17: 12 | B17: UA-012 | C17: 46333 | D17: =IF(C17="","",TEXT(C17,"MMM")) | E17: Not Following LOTO | F17: Quality | G17: Plant A | H17: Ahmed Khan | I17: Medium | J17: Action Raised | K17: Replace equipment | M17: Completed
A18: 13 | B18: UA-013 | C18: 46121 | D18: =IF(C18="","",TEXT(C18,"MMM")) | E18: Not Following LOTO | F18: Safety | G18: Office | H18: David Chen | I18: Medium | J18: Pending | K18: Fix condition | M18: Overdue
A19: 14 | B19: UA-014 | C19: 46343 | D19: =IF(C19="","",TEXT(C19,"MMM")) | E19: Horseplay | F19: Contractor | G19: Plant B | H19: Ahmed Khan | I19: Low | J19: Under Review | K19: Add signage | L19: 46317 | M19: Completed
A20: 15 | B20: UA-015 | C20: 46237 | D20: =IF(C20="","",TEXT(C20,"MMM")) | E20: Running in Work Area | F20: Safety | G20: Control Room | H20: John Smith | I20: Medium | J20: Under Review | K20: Retrain | M20: In Progress
A21: 16 | B21: UA-016 | C21: 46048 | D21: =IF(C21="","",TEXT(C21,"MMM")) | E21: Horseplay | F21: Logistics | G21: Warehouse | H21: Ahmed Khan | I21: Low | J21: Pending | K21: Fix condition | M21: Pending
A22: 17 | B22: UA-017 | C22: 46216 | D22: =IF(C22="","",TEXT(C22,"MMM")) | E22: No PPE Worn | F22: Contractor | G22: Workshop | H22: Fatima Al-Said | I22: Low | J22: Action Raised | K22: Replace equipment | L22: 46270 | M22: Overdue
A23: 18 | B23: UA-018 | C23: 46108 | D23: =IF(C23="","",TEXT(C23,"MMM")) | E23: Bypassing Safety Guard | F23: Safety | G23: Plant B | H23: Priya Sharma | I23: High | J23: Under Review | K23: Replace equipment | L23: 46116 | M23: Completed
A24: =IF($B24="","",ROW()-5) | D24: =IF($B24="","",IF(C24="","",TEXT(C24,"MMM")))
A25: =IF($B25="","",ROW()-5) | D25: =IF($B25="","",IF(C25="","",TEXT(C25,"MMM")))
A26: =IF($B26="","",ROW()-5) | D26: =IF($B26="","",IF(C26="","",TEXT(C26,"MMM")))
A27: =IF($B27="","",ROW()-5) | D27: =IF($B27="","",IF(C27="","",TEXT(C27,"MMM")))
A28: =IF($B28="","",ROW()-5) | D28: =IF($B28="","",IF(C28="","",TEXT(C28,"MMM")))
A29: =IF($B29="","",ROW()-5) | D29: =IF($B29="","",IF(C29="","",TEXT(C29,"MMM")))
A30: =IF($B30="","",ROW()-5) | D30: =IF($B30="","",IF(C30="","",TEXT(C30,"MMM")))
A31: =IF($B31="","",ROW()-5) | D31: =IF($B31="","",IF(C31="","",TEXT(C31,"MMM")))
A32: =IF($B32="","",ROW()-5) | D32: =IF($B32="","",IF(C32="","",TEXT(C32,"MMM")))
A33: =IF($B33="","",ROW()-5) | D33: =IF($B33="","",IF(C33="","",TEXT(C33,"MMM")))
A34: =IF($B34="","",ROW()-5) | D34: =IF($B34="","",IF(C34="","",TEXT(C34,"MMM")))
A35: =IF($B35="","",ROW()-5) | D35: =IF($B35="","",IF(C35="","",TEXT(C35,"MMM")))
... A506: =IF($B506="","",ROW()-5) | D506: =IF($B506="","",IF(C506="","",TEXT(C506,"MMM")))

Sheet Unsafe Conditions
A1: 🚧 UNSAFE CONDITIONS REPORTED — DATA ENTRY
A2: 🔵 Blue = User Input | ⚫ Gray = Auto-Calculated | Use dropdowns where available
A3: IDENTIFICATION | E3: DETAILS | F3: ORGANIZATIONAL | H3: PEOPLE | I3: CLASSIFICATION | J3: RESPONSE | K3: FOLLOW-UP | L3: TRACKING | M3: STATUS
A4: S.No | B4: Report No. | C4: Date | D4: Month | E4: Description | F4: Department | G4: Location | H4: Reported By | I4: Risk Level | J4: Immediate Action | K4: Corrective Action | L4: Due Date | M4: Status
A5: ⚙️ AUTO | B5: ✏️ INPUT | C5: ✏️ INPUT | D5: ⚙️ AUTO | E5: ✏️ INPUT | F5: ✏️ INPUT | G5: ✏️ INPUT | H5: ✏️ INPUT | I5: ✏️ INPUT | J5: ✏️ INPUT | K5: ✏️ INPUT | L5: ✏️ INPUT | M5: ✏️ INPUT
A6: 1 | B6: UC-001 | C6: 46124 | D6: =IF(C6="","",TEXT(C6,"MMM")) | E6: Missing Fire Extinguisher | F6: Safety | G6: Office | H6: Fatima Al-Said | I6: Medium | J6: Under Review | K6: Add signage | M6: Completed
A7: 2 | B7: UC-002 | C7: 46236 | D7: =IF(C7="","",TEXT(C7,"MMM")) | E7: Broken Handrail | F7: Admin | G7: Workshop | H7: Tom Brown | I7: High | J7: Pending | K7: Add signage | M7: Completed
A8: 3 | B8: UC-003 | C8: 46086 | D8: =IF(C8="","",TEXT(C8,"MMM")) | E8: Missing Fire Extinguisher | F8: Logistics | G8: Office | H8: Lisa Park | I8: Medium | J8: Action Raised | K8: Fix condition | L8: 46111 | M8: Pending
A9: 4 | B9: UC-004 | C9: 46194 | D9: =IF(C9="","",TEXT(C9,"MMM")) | E9: Poor Lighting | F9: Logistics | G9: Plant A | H9: Ahmed Khan | I9: Medium | J9: Under Review | K9: Retrain | L9: 46108 | M9: Pending
A10: 5 | B10: UC-005 | C10: 46058 | D10: =IF(C10="","",TEXT(C10,"MMM")) | E10: Damaged Scaffold | F10: Quality | G10: Office | H10: David Chen | I10: Medium | J10: Pending | M10: In Progress
A11: 6 | B11: UC-006 | C11: 46368 | D11: =IF(C11="","",TEXT(C11,"MMM")) | E11: Oil Spill on Floor | F11: Logistics | G11: Workshop | H11: Ahmed Khan | I11: Low | J11: Corrected Immediately | K11: Replace equipment | L11: 46149 | M11: Overdue
A12: 7 | B12: UC-007 | C12: 46085 | D12: =IF(C12="","",TEXT(C12,"MMM")) | E12: Damaged Scaffold | F12: Projects | G12: Field Site | H12: Raj Patel | I12: High | J12: Corrected Immediately | K12: Fix condition | L12: 46277 | M12: Overdue
A13: 8 | B13: UC-008 | C13: 46225 | D13: =IF(C13="","",TEXT(C13,"MMM")) | E13: Poor Lighting | F13: Logistics | G13: Tank Farm | H13: Fatima Al-Said | I13: High | J13: Action Raised | K13: Install barrier | M13: In Progress
A14: 9 | B14: UC-009 | C14: 46361 | D14: =IF(C14="","",TEXT(C14,"MMM")) | E14: Missing Fire Extinguisher | F14: Operations | G14: Warehouse | H14: Sarah Wilson | I14: Medium | J14: Corrected Immediately | K14: Install barrier | L14: 46187 | M14: Completed
A15: 10 | B15: UC-010 | C15: 46297 | D15: =IF(C15="","",TEXT(C15,"MMM")) | E15: Broken Handrail | F15: Operations | G15: Plant A | H15: Sarah Wilson | I15: Medium | J15: Pending | K15: Install barrier | M15: Overdue
A16: 11 | B16: UC-011 | C16: 46257 | D16: =IF(C16="","",TEXT(C16,"MMM")) | E16: Poor Lighting | F16: Construction | G16: Plant A | H16: John Smith | I16: Medium | J16: Corrected Immediately | K16: Replace equipment | L16: 46322 | M16: Pending
A17: 12 | B17: UC-012 | C17: 46070 | D17: =IF(C17="","",TEXT(C17,"MMM")) | E17: Broken Handrail | F17: Safety | G17: Plant B | H17: Sarah Wilson | I17: Medium | J17: Action Raised | K17: Add signage | M17: Overdue
A18: 13 | B18: UC-013 | C18: 46272 | D18: =IF(C18="","",TEXT(C18,"MMM")) | E18: Blocked Emergency Exit | F18: Quality | G18: Field Site | H18: Raj Patel | I18: High | J18: Pending | K18: Retrain | L18: 46255 | M18: Completed
A19: 14 | B19: UC-014 | C19: 46044 | D19: =IF(C19="","",TEXT(C19,"MMM")) | E19: Broken Handrail | F19: Maintenance | G19: Tank Farm | H19: Raj Patel | I19: High | J19: Corrected Immediately | K19: Replace equipment | L19: 46173 | M19: Pending
A20: 15 | B20: UC-015 | C20: 46151 | D20: =IF(C20="","",TEXT(C20,"MMM")) | E20: Leaking Pipe | F20: Operations | G20: Plant B | H20: Raj Patel | I20: High | J20: Under Review | K20: Fix condition | L20: 46193 | M20: Completed
A21: 16 | B21: UC-016 | C21: 46023 | D21: =IF(C21="","",TEXT(C21,"MMM")) | E21: Poor Lighting | F21: Engineering | G21: Control Room | H21: Fatima Al-Said | I21: Medium | J21: Under Review | K21: Replace equipment | M21: Overdue
A22: 17 | B22: UC-017 | C22: 46085 | D22: =IF(C22="","",TEXT(C22,"MMM")) | E22: Damaged Scaffold | F22: Quality | G22: Tank Farm | H22: John Smith | I22: Medium | J22: Pending | K22: Install barrier | L22: 46092 | M22: Completed
A23: 18 | B23: UC-018 | C23: 46085 | D23: =IF(C23="","",TEXT(C23,"MMM")) | E23: Damaged Scaffold | F23: Contractor | G23: Tank Farm | H23: Lisa Park | I23: Low | J23: Pending | K23: Retrain | L23: 46196 | M23: In Progress
A24: =IF($B24="","",ROW()-5) | D24: =IF($B24="","",IF(C24="","",TEXT(C24,"MMM")))
A25: =IF($B25="","",ROW()-5) | D25: =IF($B25="","",IF(C25="","",TEXT(C25,"MMM")))
A26: =IF($B26="","",ROW()-5) | D26: =IF($B26="","",IF(C26="","",TEXT(C26,"MMM")))
A27: =IF($B27="","",ROW()-5) | D27: =IF($B27="","",IF(C27="","",TEXT(C27,"MMM")))
A28: =IF($B28="","",ROW()-5) | D28: =IF($B28="","",IF(C28="","",TEXT(C28,"MMM")))
A29: =IF($B29="","",ROW()-5) | D29: =IF($B29="","",IF(C29="","",TEXT(C29,"MMM")))
A30: =IF($B30="","",ROW()-5) | D30: =IF($B30="","",IF(C30="","",TEXT(C30,"MMM")))
A31: =IF($B31="","",ROW()-5) | D31: =IF($B31="","",IF(C31="","",TEXT(C31,"MMM")))
A32: =IF($B32="","",ROW()-5) | D32: =IF($B32="","",IF(C32="","",TEXT(C32,"MMM")))
A33: =IF($B33="","",ROW()-5) | D33: =IF($B33="","",IF(C33="","",TEXT(C33,"MMM")))
A34: =IF($B34="","",ROW()-5) | D34: =IF($B34="","",IF(C34="","",TEXT(C34,"MMM")))
A35: =IF($B35="","",ROW()-5) | D35: =IF($B35="","",IF(C35="","",TEXT(C35,"MMM")))
... A506: =IF($B506="","",ROW()-5) | D506: =IF($B506="","",IF(C506="","",TEXT(C506,"MMM")))

Sheet Dashboard – Training
A1: 🎓 TRAINING PERFORMANCE DASHBOARD
A2: Live data from Training sheet · All KPIs auto-update · Scroll down for detailed analysis
B4: 📋 TOTAL TRAININGS | F4: ✅ COMPLETED | J4: 🔄 IN PROGRESS | N4: 📅 SCHEDULED
B5: =COUNTA(Training!B$6:B$506) | F5: =COUNTIF(Training!N$6:N$506,"Completed") | J5: =COUNTIF(Training!N$6:N$506,"In Progress") | N5: =COUNTIF(Training!N$6:N$506,"Scheduled")
B8: 👥 AVG ATTENDANCE % | F8: ⏱️ TOTAL HOURS | J8: ✅ PASS RATE | N8: 📜 CERTIFICATES
B9: =IFERROR(AVERAGE(Training!L$6:L$506),0) | F9: =SUM(Training!M$6:M$506) | J9: =IF(COUNTIF(Training!O$6:O$506,"Pass")+COUNTIF(Training!O$6:O$506,"Fail")=0,0,COUNTIF(Training!O$6:O$506,"Pass")/(COUNTIF(Training!O$6:O$506,"Pass")+COUNTIF(Training!O$6:O$506,"Fail"))) | N9: =COUNTIF(Training!P$6:P$506,"Yes")
B12: 📅 Monthly Training Volume | J12: 🏷️ Training Type Breakdown
B13: Jan | C13: Feb | D13: Mar | E13: Apr | F13: May | G13: Jun | H13: Jul | I13: Aug | J13: Sep | K13: Oct | L13: Nov | M13: Dec | O13: Induction | P13: =COUNTIF(Training!F$6:F$506,"Induction")
B14: =COUNTIF(Training!D$6:D$506,"Jan") | C14: =COUNTIF(Training!D$6:D$506,"Feb") | D14: =COUNTIF(Training!D$6:D$506,"Mar") | E14: =COUNTIF(Training!D$6:D$506,"Apr") | F14: =COUNTIF(Training!D$6:D$506,"May") | G14: =COUNTIF(Training!D$6:D$506,"Jun") | H14: =COUNTIF(Training!D$6:D$506,"Jul") | I14: =COUNTIF(Training!D$6:D$506,"Aug") | J14: =COUNTIF(Training!D$6:D$506,"Sep") | K14: =COUNTIF(Training!D$6:D$506,"Oct") | L14: =COUNTIF(Training!D$6:D$506,"Nov") | M14: =COUNTIF(Training!D$6:D$506,"Dec") | O14: Refresher | P14: =COUNTIF(Training!F$6:F$506,"Refresher")
B15: =COUNTIFS(Training!D$6:D$506,"Jan",Training!N$6:N$506,"Completed") | C15: =COUNTIFS(Training!D$6:D$506,"Feb",Training!N$6:N$506,"Completed") | D15: =COUNTIFS(Training!D$6:D$506,"Mar",Training!N$6:N$506,"Completed") | E15: =COUNTIFS(Training!D$6:D$506,"Apr",Training!N$6:N$506,"Completed") | F15: =COUNTIFS(Training!D$6:D$506,"May",Training!N$6:N$506,"Completed") | G15: =COUNTIFS(Training!D$6:D$506,"Jun",Training!N$6:N$506,"Completed") | H15: =COUNTIFS(Training!D$6:D$506,"Jul",Training!N$6:N$506,"Completed") | I15: =COUNTIFS(Training!D$6:D$506,"Aug",Training!N$6:N$506,"Completed") | J15: =COUNTIFS(Training!D$6:D$506,"Sep",Training!N$6:N$506,"Completed") | K15: =COUNTIFS(Training!D$6:D$506,"Oct",Training!N$6:N$506,"Completed") | L15: =COUNTIFS(Training!D$6:D$506,"Nov",Training!N$6:N$506,"Completed") | M15: =COUNTIFS(Training!D$6:D$506,"Dec",Training!N$6:N$506,"Completed") | O15: Advanced | P15: =COUNTIF(Training!F$6:F$506,"Advanced")
O16: Certification | P16: =COUNTIF(Training!F$6:F$506,"Certification")
O17: Awareness | P17: =COUNTIF(Training!F$6:F$506,"Awareness")
O18: Competency | P18: =COUNTIF(Training!F$6:F$506,"Competency")
B31: 🏢 Department Performance | J31: 🖥️ Training Mode Distribution
B32: Department | C32: Count | D32: Completed | E32: Comp % | F32: Avg Att % | G32: Hours | H32: Pass Rate | O32: Internal | P32: =COUNTIF(Training!I$6:I$506,"Internal")
B33: Operations | C33: =COUNTIF(Training!G$6:G$506,B33) | D33: =COUNTIFS(Training!G$6:G$506,B33,Training!N$6:N$506,"Completed") | E33: =IF(C33=0,0,D33/C33) | F33: =IFERROR(AVERAGEIF(Training!G$6:G$506,B33,Training!L$6:L$506),0) | G33: =SUMIF(Training!G$6:G$506,B33,Training!M$6:M$506) | H33: =IFERROR(COUNTIFS(Training!G$6:G$506,B33,Training!O$6:O$506,"Pass")/(COUNTIFS(Training!G$6:G$506,B33,Training!O$6:O$506,"Pass")+COUNTIFS(Training!G$6:G$506,B33,Training!O$6:O$506,"Fail")),0) | O33: External | P33: =COUNTIF(Training!I$6:I$506,"External")
B34: Maintenance | C34: =COUNTIF(Training!G$6:G$506,B34) | D34: =COUNTIFS(Training!G$6:G$506,B34,Training!N$6:N$506,"Completed") | E34: =IF(C34=0,0,D34/C34) | F34: =IFERROR(AVERAGEIF(Training!G$6:G$506,B34,Training!L$6:L$506),0) | G34: =SUMIF(Training!G$6:G$506,B34,Training!M$6:M$506) | H34: =IFERROR(COUNTIFS(Training!G$6:G$506,B34,Training!O$6:O$506,"Pass")/(COUNTIFS(Training!G$6:G$506,B34,Training!O$6:O$506,"Pass")+COUNTIFS(Training!G$6:G$506,B34,Training!O$6:O$506,"Fail")),0) | O34: Online | P34: =COUNTIF(Training!I$6:I$506,"Online")
B35: Engineering | C35: =COUNTIF(Training!G$6:G$506,B35) | D35: =COUNTIFS(Training!G$6:G$506,B35,Training!N$6:N$506,"Completed") | E35: =IF(C35=0,0,D35/C35) | F35: =IFERROR(AVERAGEIF(Training!G$6:G$506,B35,Training!L$6:L$506),0) | G35: =SUMIF(Training!G$6:G$506,B35,Training!M$6:M$506) | H35: =IFERROR(COUNTIFS(Training!G$6:G$506,B35,Training!O$6:O$506,"Pass")/(COUNTIFS(Training!G$6:G$506,B35,Training!O$6:O$506,"Pass")+COUNTIFS(Training!G$6:G$506,B35,Training!O$6:O$506,"Fail")),0) | O35: On-the-Job | P35: =COUNTIF(Training!I$6:I$506,"On-the-Job")
B36: Construction | C36: =COUNTIF(Training!G$6:G$506,B36) | D36: =COUNTIFS(Training!G$6:G$506,B36,Training!N$6:N$506,"Completed") | E36: =IF(C36=0,0,D36/C36) | F36: =IFERROR(AVERAGEIF(Training!G$6:G$506,B36,Training!L$6:L$506),0) | G36: =SUMIF(Training!G$6:G$506,B36,Training!M$6:M$506) | H36: =IFERROR(COUNTIFS(Training!G$6:G$506,B36,Training!O$6:O$506,"Pass")/(COUNTIFS(Training!G$6:G$506,B36,Training!O$6:O$506,"Pass")+COUNTIFS(Training!G$6:G$506,B36,Training!O$6:O$506,"Fail")),0)
B37: Safety | C37: =COUNTIF(Training!G$6:G$506,B37) | D37: =COUNTIFS(Training!G$6:G$506,B37,Training!N$6:N$506,"Completed") | E37: =IF(C37=0,0,D37/C37) | F37: =IFERROR(AVERAGEIF(Training!G$6:G$506,B37,Training!L$6:L$506),0) | G37: =SUMIF(Training!G$6:G$506,B37,Training!M$6:M$506) | H37: =IFERROR(COUNTIFS(Training!G$6:G$506,B37,Training!O$6:O$506,"Pass")/(COUNTIFS(Training!G$6:G$506,B37,Training!O$6:O$506,"Pass")+COUNTIFS(Training!G$6:G$506,B37,Training!O$6:O$506,"Fail")),0)
B38: Logistics | C38: =COUNTIF(Training!G$6:G$506,B38) | D38: =COUNTIFS(Training!G$6:G$506,B38,Training!N$6:N$506,"Completed") | E38: =IF(C38=0,0,D38/C38) | F38: =IFERROR(AVERAGEIF(Training!G$6:G$506,B38,Training!L$6:L$506),0) | G38: =SUMIF(Training!G$6:G$506,B38,Training!M$6:M$506) | H38: =IFERROR(COUNTIFS(Training!G$6:G$506,B38,Training!O$6:O$506,"Pass")/(COUNTIFS(Training!G$6:G$506,B38,Training!O$6:O$506,"Pass")+COUNTIFS(Training!G$6:G$506,B38,Training!O$6:O$506,"Fail")),0)
B39: Quality | C39: =COUNTIF(Training!G$6:G$506,B39) | D39: =COUNTIFS(Training!G$6:G$506,B39,Training!N$6:N$506,"Completed") | E39: =IF(C39=0,0,D39/C39) | F39: =IFERROR(AVERAGEIF(Training!G$6:G$506,B39,Training!L$6:L$506),0) | G39: =SUMIF(Training!G$6:G$506,B39,Training!M$6:M$506) | H39: =IFERROR(COUNTIFS(Training!G$6:G$506,B39,Training!O$6:O$506,"Pass")/(COUNTIFS(Training!G$6:G$506,B39,Training!O$6:O$506,"Pass")+COUNTIFS(Training!G$6:G$506,B39,Training!O$6:O$506,"Fail")),0)
B40: Admin | C40: =COUNTIF(Training!G$6:G$506,B40) | D40: =COUNTIFS(Training!G$6:G$506,B40,Training!N$6:N$506,"Completed") | E40: =IF(C40=0,0,D40/C40) | F40: =IFERROR(AVERAGEIF(Training!G$6:G$506,B40,Training!L$6:L$506),0) | G40: =SUMIF(Training!G$6:G$506,B40,Training!M$6:M$506) | H40: =IFERROR(COUNTIFS(Training!G$6:G$506,B40,Training!O$6:O$506,"Pass")/(COUNTIFS(Training!G$6:G$506,B40,Training!O$6:O$506,"Pass")+COUNTIFS(Training!G$6:G$506,B40,Training!O$6:O$506,"Fail")),0)
B41: Projects | C41: =COUNTIF(Training!G$6:G$506,B41) | D41: =COUNTIFS(Training!G$6:G$506,B41,Training!N$6:N$506,"Completed") | E41: =IF(C41=0,0,D41/C41) | F41: =IFERROR(AVERAGEIF(Training!G$6:G$506,B41,Training!L$6:L$506),0) | G41: =SUMIF(Training!G$6:G$506,B41,Training!M$6:M$506) | H41: =IFERROR(COUNTIFS(Training!G$6:G$506,B41,Training!O$6:O$506,"Pass")/(COUNTIFS(Training!G$6:G$506,B41,Training!O$6:O$506,"Pass")+COUNTIFS(Training!G$6:G$506,B41,Training!O$6:O$506,"Fail")),0) | J41: 📝 Assessment Results
B42: Contractor | C42: =COUNTIF(Training!G$6:G$506,B42) | D42: =COUNTIFS(Training!G$6:G$506,B42,Training!N$6:N$506,"Completed") | E42: =IF(C42=0,0,D42/C42) | F42: =IFERROR(AVERAGEIF(Training!G$6:G$506,B42,Training!L$6:L$506),0) | G42: =SUMIF(Training!G$6:G$506,B42,Training!M$6:M$506) | H42: =IFERROR(COUNTIFS(Training!G$6:G$506,B42,Training!O$6:O$506,"Pass")/(COUNTIFS(Training!G$6:G$506,B42,Training!O$6:O$506,"Pass")+COUNTIFS(Training!G$6:G$506,B42,Training!O$6:O$506,"Fail")),0) | O42: Pass | P42: =COUNTIF(Training!O$6:O$506,"Pass")
O43: Fail | P43: =COUNTIF(Training!O$6:O$506,"Fail")
O44: N/A | P44: =COUNTIF(Training!O$6:O$506,"N/A")
B45: 📈 Monthly Performance Matrix
B46: Metric | C46: Jan | D46: Feb | E46: Mar | F46: Apr | G46: May | H46: Jun | I46: Jul | J46: Aug | K46: Sep | L46: Oct | M46: Nov | N46: Dec | O46: YTD
B47: Trainings Conducted | C47: =COUNTIF(Training!D$6:D$506,"Jan") | D47: =COUNTIF(Training!D$6:D$506,"Feb") | E47: =COUNTIF(Training!D$6:D$506,"Mar") | F47: =COUNTIF(Training!D$6:D$506,"Apr") | G47: =COUNTIF(Training!D$6:D$506,"May") | H47: =COUNTIF(Training!D$6:D$506,"Jun") | I47: =COUNTIF(Training!D$6:D$506,"Jul") | J47: =COUNTIF(Training!D$6:D$506,"Aug") | K47: =COUNTIF(Training!D$6:D$506,"Sep") | L47: =COUNTIF(Training!D$6:D$506,"Oct") | M47: =COUNTIF(Training!D$6:D$506,"Nov") | N47: =COUNTIF(Training!D$6:D$506,"Dec") | O47: =SUM(C47:N47)
B48: Completed | C48: =COUNTIFS(Training!D$6:D$506,"Jan",Training!N$6:N$506,"Completed") | D48: =COUNTIFS(Training!D$6:D$506,"Feb",Training!N$6:N$506,"Completed") | E48: =COUNTIFS(Training!D$6:D$506,"Mar",Training!N$6:N$506,"Completed") | F48: =COUNTIFS(Training!D$6:D$506,"Apr",Training!N$6:N$506,"Completed") | G48: =COUNTIFS(Training!D$6:D$506,"May",Training!N$6:N$506,"Completed") | H48: =COUNTIFS(Training!D$6:D$506,"Jun",Training!N$6:N$506,"Completed") | I48: =COUNTIFS(Training!D$6:D$506,"Jul",Training!N$6:N$506,"Completed") | J48: =COUNTIFS(Training!D$6:D$506,"Aug",Training!N$6:N$506,"Completed") | K48: =COUNTIFS(Training!D$6:D$506,"Sep",Training!N$6:N$506,"Completed") | L48: =COUNTIFS(Training!D$6:D$506,"Oct",Training!N$6:N$506,"Completed") | M48: =COUNTIFS(Training!D$6:D$506,"Nov",Training!N$6:N$506,"Completed") | N48: =COUNTIFS(Training!D$6:D$506,"Dec",Training!N$6:N$506,"Completed") | O48: =SUM(C48:N48)
B49: In Progress | C49: =COUNTIFS(Training!D$6:D$506,"Jan",Training!N$6:N$506,"In Progress") | D49: =COUNTIFS(Training!D$6:D$506,"Feb",Training!N$6:N$506,"In Progress") | E49: =COUNTIFS(Training!D$6:D$506,"Mar",Training!N$6:N$506,"In Progress") | F49: =COUNTIFS(Training!D$6:D$506,"Apr",Training!N$6:N$506,"In Progress") | G49: =COUNTIFS(Training!D$6:D$506,"May",Training!N$6:N$506,"In Progress") | H49: =COUNTIFS(Training!D$6:D$506,"Jun",Training!N$6:N$506,"In Progress") | I49: =COUNTIFS(Training!D$6:D$506,"Jul",Training!N$6:N$506,"In Progress") | J49: =COUNTIFS(Training!D$6:D$506,"Aug",Training!N$6:N$506,"In Progress") | K49: =COUNTIFS(Training!D$6:D$506,"Sep",Training!N$6:N$506,"In Progress") | L49: =COUNTIFS(Training!D$6:D$506,"Oct",Training!N$6:N$506,"In Progress") | M49: =COUNTIFS(Training!D$6:D$506,"Nov",Training!N$6:N$506,"In Progress") | N49: =COUNTIFS(Training!D$6:D$506,"Dec",Training!N$6:N$506,"In Progress") | O49: =SUM(C49:N49)
B50: Scheduled | C50: =COUNTIFS(Training!D$6:D$506,"Jan",Training!N$6:N$506,"Scheduled") | D50: =COUNTIFS(Training!D$6:D$506,"Feb",Training!N$6:N$506,"Scheduled") | E50: =COUNTIFS(Training!D$6:D$506,"Mar",Training!N$6:N$506,"Scheduled") | F50: =COUNTIFS(Training!D$6:D$506,"Apr",Training!N$6:N$506,"Scheduled") | G50: =COUNTIFS(Training!D$6:D$506,"May",Training!N$6:N$506,"Scheduled") | H50: =COUNTIFS(Training!D$6:D$506,"Jun",Training!N$6:N$506,"Scheduled") | I50: =COUNTIFS(Training!D$6:D$506,"Jul",Training!N$6:N$506,"Scheduled") | J50: =COUNTIFS(Training!D$6:D$506,"Aug",Training!N$6:N$506,"Scheduled") | K50: =COUNTIFS(Training!D$6:D$506,"Sep",Training!N$6:N$506,"Scheduled") | L50: =COUNTIFS(Training!D$6:D$506,"Oct",Training!N$6:N$506,"Scheduled") | M50: =COUNTIFS(Training!D$6:D$506,"Nov",Training!N$6:N$506,"Scheduled") | N50: =COUNTIFS(Training!D$6:D$506,"Dec",Training!N$6:N$506,"Scheduled") | O50: =SUM(C50:N50)
B51: Total Target Attendees | C51: =SUMPRODUCT((Training!D$6:D$506="Jan")*Training!J$6:J$506) | D51: =SUMPRODUCT((Training!D$6:D$506="Feb")*Training!J$6:J$506) | E51: =SUMPRODUCT((Training!D$6:D$506="Mar")*Training!J$6:J$506) | F51: =SUMPRODUCT((Training!D$6:D$506="Apr")*Training!J$6:J$506) | G51: =SUMPRODUCT((Training!D$6:D$506="May")*Training!J$6:J$506) | H51: =SUMPRODUCT((Training!D$6:D$506="Jun")*Training!J$6:J$506) | I51: =SUMPRODUCT((Training!D$6:D$506="Jul")*Training!J$6:J$506) | J51: =SUMPRODUCT((Training!D$6:D$506="Aug")*Training!J$6:J$506) | K51: =SUMPRODUCT((Training!D$6:D$506="Sep")*Training!J$6:J$506) | L51: =SUMPRODUCT((Training!D$6:D$506="Oct")*Training!J$6:J$506) | M51: =SUMPRODUCT((Training!D$6:D$506="Nov")*Training!J$6:J$506) | N51: =SUMPRODUCT((Training!D$6:D$506="Dec")*Training!J$6:J$506) | O51: =SUM(C51:N51)
B52: Total Actual Attendees | C52: =SUMPRODUCT((Training!D$6:D$506="Jan")*Training!K$6:K$506) | D52: =SUMPRODUCT((Training!D$6:D$506="Feb")*Training!K$6:K$506) | E52: =SUMPRODUCT((Training!D$6:D$506="Mar")*Training!K$6:K$506) | F52: =SUMPRODUCT((Training!D$6:D$506="Apr")*Training!K$6:K$506) | G52: =SUMPRODUCT((Training!D$6:D$506="May")*Training!K$6:K$506) | H52: =SUMPRODUCT((Training!D$6:D$506="Jun")*Training!K$6:K$506) | I52: =SUMPRODUCT((Training!D$6:D$506="Jul")*Training!K$6:K$506) | J52: =SUMPRODUCT((Training!D$6:D$506="Aug")*Training!K$6:K$506) | K52: =SUMPRODUCT((Training!D$6:D$506="Sep")*Training!K$6:K$506) | L52: =SUMPRODUCT((Training!D$6:D$506="Oct")*Training!K$6:K$506) | M52: =SUMPRODUCT((Training!D$6:D$506="Nov")*Training!K$6:K$506) | N52: =SUMPRODUCT((Training!D$6:D$506="Dec")*Training!K$6:K$506) | O52: =SUM(C52:N52)
B53: Total Hours | C53: =SUMPRODUCT((Training!D$6:D$506="Jan")*Training!M$6:M$506) | D53: =SUMPRODUCT((Training!D$6:D$506="Feb")*Training!M$6:M$506) | E53: =SUMPRODUCT((Training!D$6:D$506="Mar")*Training!M$6:M$506) | F53: =SUMPRODUCT((Training!D$6:D$506="Apr")*Training!M$6:M$506) | G53: =SUMPRODUCT((Training!D$6:D$506="May")*Training!M$6:M$506) | H53: =SUMPRODUCT((Training!D$6:D$506="Jun")*Training!M$6:M$506) | I53: =SUMPRODUCT((Training!D$6:D$506="Jul")*Training!M$6:M$506) | J53: =SUMPRODUCT((Training!D$6:D$506="Aug")*Training!M$6:M$506) | K53: =SUMPRODUCT((Training!D$6:D$506="Sep")*Training!M$6:M$506) | L53: =SUMPRODUCT((Training!D$6:D$506="Oct")*Training!M$6:M$506) | M53: =SUMPRODUCT((Training!D$6:D$506="Nov")*Training!M$6:M$506) | N53: =SUMPRODUCT((Training!D$6:D$506="Dec")*Training!M$6:M$506) | O53: =SUM(C53:N53)
B54: Completion Rate | C54: =IF(C47=0,0,C48/C47) | D54: =IF(D47=0,0,D48/D47) | E54: =IF(E47=0,0,E48/E47) | F54: =IF(F47=0,0,F48/F47) | G54: =IF(G47=0,0,G48/G47) | H54: =IF(H47=0,0,H48/H47) | I54: =IF(I47=0,0,I48/I47) | J54: =IF(J47=0,0,J48/J47) | ... O54: =IF(O47=0,0,O48/O47)
B56: 👥 Monthly Attendance Trend | J56: 📚 Course-wise Analysis
B57: Jan | C57: Feb | D57: Mar | E57: Apr | F57: May | G57: Jun | H57: Jul | I57: Aug | J57: Course | K57: Count | L57: Hrs | M57: Pass%
B58: =SUMPRODUCT((Training!D$6:D$506="Jan")*Training!J$6:J$506) | C58: =SUMPRODUCT((Training!D$6:D$506="Feb")*Training!J$6:J$506) | D58: =SUMPRODUCT((Training!D$6:D$506="Mar")*Training!J$6:J$506) | E58: =SUMPRODUCT((Training!D$6:D$506="Apr")*Training!J$6:J$506) | F58: =SUMPRODUCT((Training!D$6:D$506="May")*Training!J$6:J$506) | G58: =SUMPRODUCT((Training!D$6:D$506="Jun")*Training!J$6:J$506) | H58: =SUMPRODUCT((Training!D$6:D$506="Jul")*Training!J$6:J$506) | I58: =SUMPRODUCT((Training!D$6:D$506="Aug")*Training!J$6:J$506) | J58: First Aid | K58: =COUNTIF(Training!E$6:E$506,J58) | L58: =SUMIF(Training!E$6:E$506,J58,Training!M$6:M$506) | M58: =IFERROR(COUNTIFS(Training!E$6:E$506,J58,Training!O$6:O$506,"Pass")/(COUNTIFS(Training!E$6:E$506,J58,Training!O$6:O$506,"Pass")+COUNTIFS(Training!E$6:E$506,J58,Training!O$6:O$506,"Fail")),0)
B59: =SUMPRODUCT((Training!D$6:D$506="Jan")*Training!K$6:K$506) | C59: =SUMPRODUCT((Training!D$6:D$506="Feb")*Training!K$6:K$506) | D59: =SUMPRODUCT((Training!D$6:D$506="Mar")*Training!K$6:K$506) | E59: =SUMPRODUCT((Training!D$6:D$506="Apr")*Training!K$6:K$506) | F59: =SUMPRODUCT((Training!D$6:D$506="May")*Training!K$6:K$506) | G59: =SUMPRODUCT((Training!D$6:D$506="Jun")*Training!K$6:K$506) | H59: =SUMPRODUCT((Training!D$6:D$506="Jul")*Training!K$6:K$506) | I59: =SUMPRODUCT((Training!D$6:D$506="Aug")*Training!K$6:K$506) | J59: Fire Fighting | K59: =COUNTIF(Training!E$6:E$506,J59) | L59: =SUMIF(Training!E$6:E$506,J59,Training!M$6:M$506) | M59: =IFERROR(COUNTIFS(Training!E$6:E$506,J59,Training!O$6:O$506,"Pass")/(COUNTIFS(Training!E$6:E$506,J59,Training!O$6:O$506,"Pass")+COUNTIFS(Training!E$6:E$506,J59,Training!O$6:O$506,"Fail")),0)
J60: H2S Awareness | K60: =COUNTIF(Training!E$6:E$506,J60) | L60: =SUMIF(Training!E$6:E$506,J60,Training!M$6:M$506) | M60: =IFERROR(COUNTIFS(Training!E$6:E$506,J60,Training!O$6:O$506,"Pass")/(COUNTIFS(Training!E$6:E$506,J60,Training!O$6:O$506,"Pass")+COUNTIFS(Training!E$6:E$506,J60,Training!O$6:O$506,"Fail")),0)
J61: Defensive Driving | K61: =COUNTIF(Training!E$6:E$506,J61) | L61: =SUMIF(Training!E$6:E$506,J61,Training!M$6:M$506) | M61: =IFERROR(COUNTIFS(Training!E$6:E$506,J61,Training!O$6:O$506,"Pass")/(COUNTIFS(Training!E$6:E$506,J61,Training!O$6:O$506,"Pass")+COUNTIFS(Training!E$6:E$506,J61,Training!O$6:O$506,"Fail")),0)
J62: PTW Training | K62: =COUNTIF(Training!E$6:E$506,J62) | L62: =SUMIF(Training!E$6:E$506,J62,Training!M$6:M$506) | M62: =IFERROR(COUNTIFS(Training!E$6:E$506,J62,Training!O$6:O$506,"Pass")/(COUNTIFS(Training!E$6:E$506,J62,Training!O$6:O$506,"Pass")+COUNTIFS(Training!E$6:E$506,J62,Training!O$6:O$506,"Fail")),0)
J63: LOTO | K63: =COUNTIF(Training!E$6:E$506,J63) | L63: =SUMIF(Training!E$6:E$506,J63,Training!M$6:M$506) | M63: =IFERROR(COUNTIFS(Training!E$6:E$506,J63,Training!O$6:O$506,"Pass")/(COUNTIFS(Training!E$6:E$506,J63,Training!O$6:O$506,"Pass")+COUNTIFS(Training!E$6:E$506,J63,Training!O$6:O$506,"Fail")),0)
J64: Scaffold Safety | K64: =COUNTIF(Training!E$6:E$506,J64) | L64: =SUMIF(Training!E$6:E$506,J64,Training!M$6:M$506) | M64: =IFERROR(COUNTIFS(Training!E$6:E$506,J64,Training!O$6:O$506,"Pass")/(COUNTIFS(Training!E$6:E$506,J64,Training!O$6:O$506,"Pass")+COUNTIFS(Training!E$6:E$506,J64,Training!O$6:O$506,"Fail")),0)
J65: Crane Safety | K65: =COUNTIF(Training!E$6:E$506,J65) | L65: =SUMIF(Training!E$6:E$506,J65,Training!M$6:M$506) | M65: =IFERROR(COUNTIFS(Training!E$6:E$506,J65,Training!O$6:O$506,"Pass")/(COUNTIFS(Training!E$6:E$506,J65,Training!O$6:O$506,"Pass")+COUNTIFS(Training!E$6:E$506,J65,Training!O$6:O$506,"Fail")),0)
J66: Environmental | K66: =COUNTIF(Training!E$6:E$506,J66) | L66: =SUMIF(Training!E$6:E$506,J66,Training!M$6:M$506) | M66: =IFERROR(COUNTIFS(Training!E$6:E$506,J66,Training!O$6:O$506,"Pass")/(COUNTIFS(Training!E$6:E$506,J66,Training!O$6:O$506,"Pass")+COUNTIFS(Training!E$6:E$506,J66,Training!O$6:O$506,"Fail")),0)
J67: Incident Investigation | K67: =COUNTIF(Training!E$6:E$506,J67) | L67: =SUMIF(Training!E$6:E$506,J67,Training!M$6:M$506) | M67: =IFERROR(COUNTIFS(Training!E$6:E$506,J67,Training!O$6:O$506,"Pass")/(COUNTIFS(Training!E$6:E$506,J67,Training!O$6:O$506,"Pass")+COUNTIFS(Training!E$6:E$506,J67,Training!O$6:O$506,"Fail")),0)
J68: Emergency Response | K68: =COUNTIF(Training!E$6:E$506,J68) | L68: =SUMIF(Training!E$6:E$506,J68,Training!M$6:M$506) | M68: =IFERROR(COUNTIFS(Training!E$6:E$506,J68,Training!O$6:O$506,"Pass")/(COUNTIFS(Training!E$6:E$506,J68,Training!O$6:O$506,"Pass")+COUNTIFS(Training!E$6:E$506,J68,Training!O$6:O$506,"Fail")),0)
J69: Confined Space | K69: =COUNTIF(Training!E$6:E$506,J69) | L69: =SUMIF(Training!E$6:E$506,J69,Training!M$6:M$506) | M69: =IFERROR(COUNTIFS(Training!E$6:E$506,J69,Training!O$6:O$506,"Pass")/(COUNTIFS(Training!E$6:E$506,J69,Training!O$6:O$506,"Pass")+COUNTIFS(Training!E$6:E$506,J69,Training!O$6:O$506,"Fail")),0)
B72: 🎓 Training Performance Dashboard • Data Source: Training Sheet • All values auto-calculated

Sheet Dashboard – Toolbox Talks
A1: 🗣️ DASHBOARD – TOOLBOX TALKS
A2: Live data from 'Toolbox Talks' sheet · All KPIs auto-update
B4: 📋 TOTAL | F4: ✅ ACTION: YES | J4: ❌ ACTION: NO | N4: 👥 AVG ATTENDANCE
B5: =COUNTA('Toolbox Talks'!B$6:B$506) | F5: =COUNTIF('Toolbox Talks'!N$6:N$506,"Yes") | J5: =COUNTIF('Toolbox Talks'!N$6:N$506,"No") | N5: =IFERROR(AVERAGE('Toolbox Talks'!K$6:K$506),0)
B8: 🎯 TOTAL TARGET | F8: 👥 TOTAL ACTUAL | J8: ⏱️ AVG DURATION | N8: 📊 TOPICS COVERED
B9: =SUM('Toolbox Talks'!I$6:I$506) | F9: =SUM('Toolbox Talks'!J$6:J$506) | J9: =IFERROR(AVERAGE('Toolbox Talks'!L$6:L$506),0) | N9: =COUNTA('Toolbox Talks'!E$6:E$506)
B12: 📅 Monthly Trend | J12: 📊 Status Distribution
B13: Jan | C13: Feb | D13: Mar | E13: Apr | F13: May | G13: Jun | H13: Jul | I13: Aug | J13: Sep | K13: Oct | L13: Nov | M13: Dec | O13: Yes | P13: =COUNTIF('Toolbox Talks'!N$6:N$506,"Yes")
B14: =COUNTIF('Toolbox Talks'!D$6:D$506,"Jan") | C14: =COUNTIF('Toolbox Talks'!D$6:D$506,"Feb") | D14: =COUNTIF('Toolbox Talks'!D$6:D$506,"Mar") | E14: =COUNTIF('Toolbox Talks'!D$6:D$506,"Apr") | F14: =COUNTIF('Toolbox Talks'!D$6:D$506,"May") | G14: =COUNTIF('Toolbox Talks'!D$6:D$506,"Jun") | H14: =COUNTIF('Toolbox Talks'!D$6:D$506,"Jul") | I14: =COUNTIF('Toolbox Talks'!D$6:D$506,"Aug") | J14: =COUNTIF('Toolbox Talks'!D$6:D$506,"Sep") | K14: =COUNTIF('Toolbox Talks'!D$6:D$506,"Oct") | L14: =COUNTIF('Toolbox Talks'!D$6:D$506,"Nov") | M14: =COUNTIF('Toolbox Talks'!D$6:D$506,"Dec") | O14: No | P14: =COUNTIF('Toolbox Talks'!N$6:N$506,"No")
B31: 🏢 Department Breakdown | J31: 🏷️ Topic Breakdown
B32: Department | C32: Count | D32: Done | E32: Rate % | O32: PPE Usage | P32: =COUNTIF('Toolbox Talks'!E$6:E$506,O32)
B33: Operations | C33: =COUNTIF('Toolbox Talks'!F$6:F$506,B33) | D33: =COUNTIF('Toolbox Talks'!F$6:F$506,B33) | E33: =IF(C33=0,0,D33/C33) | O33: Fire Safety | P33: =COUNTIF('Toolbox Talks'!E$6:E$506,O33)
B34: Maintenance | C34: =COUNTIF('Toolbox Talks'!F$6:F$506,B34) | D34: =COUNTIF('Toolbox Talks'!F$6:F$506,B34) | E34: =IF(C34=0,0,D34/C34) | O34: Working at Heights | P34: =COUNTIF('Toolbox Talks'!E$6:E$506,O34)
B35: Engineering | C35: =COUNTIF('Toolbox Talks'!F$6:F$506,B35) | D35: =COUNTIF('Toolbox Talks'!F$6:F$506,B35) | E35: =IF(C35=0,0,D35/C35) | O35: Manual Handling | P35: =COUNTIF('Toolbox Talks'!E$6:E$506,O35)
B36: Construction | C36: =COUNTIF('Toolbox Talks'!F$6:F$506,B36) | D36: =COUNTIF('Toolbox Talks'!F$6:F$506,B36) | E36: =IF(C36=0,0,D36/C36) | O36: Electrical Safety | P36: =COUNTIF('Toolbox Talks'!E$6:E$506,O36)
B37: Safety | C37: =COUNTIF('Toolbox Talks'!F$6:F$506,B37) | D37: =COUNTIF('Toolbox Talks'!F$6:F$506,B37) | E37: =IF(C37=0,0,D37/C37) | O37: Chemical Safety | P37: =COUNTIF('Toolbox Talks'!E$6:E$506,O37)
B38: Logistics | C38: =COUNTIF('Toolbox Talks'!F$6:F$506,B38) | D38: =COUNTIF('Toolbox Talks'!F$6:F$506,B38) | E38: =IF(C38=0,0,D38/C38) | O38: Housekeeping | P38: =COUNTIF('Toolbox Talks'!E$6:E$506,O38)
B39: Quality | C39: =COUNTIF('Toolbox Talks'!F$6:F$506,B39) | D39: =COUNTIF('Toolbox Talks'!F$6:F$506,B39) | E39: =IF(C39=0,0,D39/C39) | O39: Heat Stress | P39: =COUNTIF('Toolbox Talks'!E$6:E$506,O39)
B40: Admin | C40: =COUNTIF('Toolbox Talks'!F$6:F$506,B40) | D40: =COUNTIF('Toolbox Talks'!F$6:F$506,B40) | E40: =IF(C40=0,0,D40/C40) | O40: Slip Trip Fall | P40: =COUNTIF('Toolbox Talks'!E$6:E$506,O40)
B41: Projects | C41: =COUNTIF('Toolbox Talks'!F$6:F$506,B41) | D41: =COUNTIF('Toolbox Talks'!F$6:F$506,B41) | E41: =IF(C41=0,0,D41/C41) | O41: Confined Space | P41: =COUNTIF('Toolbox Talks'!E$6:E$506,O41)
B42: Contractor | C42: =COUNTIF('Toolbox Talks'!F$6:F$506,B42) | D42: =COUNTIF('Toolbox Talks'!F$6:F$506,B42) | E42: =IF(C42=0,0,D42/C42) | O42: LOTO | P42: =COUNTIF('Toolbox Talks'!E$6:E$506,O42)
O43: Emergency Procedures | P43: =COUNTIF('Toolbox Talks'!E$6:E$506,O43)
B45: 📈 Monthly Performance Matrix
B46: Metric | C46: Jan | D46: Feb | E46: Mar | F46: Apr | G46: May | H46: Jun | I46: Jul | J46: Aug | K46: Sep | L46: Oct | M46: Nov | N46: Dec | O46: YTD
B47: Total | C47: =COUNTIF('Toolbox Talks'!D$6:D$506,"Jan") | D47: =COUNTIF('Toolbox Talks'!D$6:D$506,"Feb") | E47: =COUNTIF('Toolbox Talks'!D$6:D$506,"Mar") | F47: =COUNTIF('Toolbox Talks'!D$6:D$506,"Apr") | G47: =COUNTIF('Toolbox Talks'!D$6:D$506,"May") | H47: =COUNTIF('Toolbox Talks'!D$6:D$506,"Jun") | I47: =COUNTIF('Toolbox Talks'!D$6:D$506,"Jul") | J47: =COUNTIF('Toolbox Talks'!D$6:D$506,"Aug") | K47: =COUNTIF('Toolbox Talks'!D$6:D$506,"Sep") | L47: =COUNTIF('Toolbox Talks'!D$6:D$506,"Oct") | M47: =COUNTIF('Toolbox Talks'!D$6:D$506,"Nov") | N47: =COUNTIF('Toolbox Talks'!D$6:D$506,"Dec") | O47: =SUM(C47:N47)
B48: Yes | C48: =COUNTIFS('Toolbox Talks'!D$6:D$506,"Jan",'Toolbox Talks'!N$6:N$506,"Yes") | D48: =COUNTIFS('Toolbox Talks'!D$6:D$506,"Feb",'Toolbox Talks'!N$6:N$506,"Yes") | E48: =COUNTIFS('Toolbox Talks'!D$6:D$506,"Mar",'Toolbox Talks'!N$6:N$506,"Yes") | F48: =COUNTIFS('Toolbox Talks'!D$6:D$506,"Apr",'Toolbox Talks'!N$6:N$506,"Yes") | G48: =COUNTIFS('Toolbox Talks'!D$6:D$506,"May",'Toolbox Talks'!N$6:N$506,"Yes") | H48: =COUNTIFS('Toolbox Talks'!D$6:D$506,"Jun",'Toolbox Talks'!N$6:N$506,"Yes") | I48: =COUNTIFS('Toolbox Talks'!D$6:D$506,"Jul",'Toolbox Talks'!N$6:N$506,"Yes") | J48: =COUNTIFS('Toolbox Talks'!D$6:D$506,"Aug",'Toolbox Talks'!N$6:N$506,"Yes") | K48: =COUNTIFS('Toolbox Talks'!D$6:D$506,"Sep",'Toolbox Talks'!N$6:N$506,"Yes") | L48: =COUNTIFS('Toolbox Talks'!D$6:D$506,"Oct",'Toolbox Talks'!N$6:N$506,"Yes") | M48: =COUNTIFS('Toolbox Talks'!D$6:D$506,"Nov",'Toolbox Talks'!N$6:N$506,"Yes") | N48: =COUNTIFS('Toolbox Talks'!D$6:D$506,"Dec",'Toolbox Talks'!N$6:N$506,"Yes") | O48: =SUM(C48:N48)
B49: No | C49: =COUNTIFS('Toolbox Talks'!D$6:D$506,"Jan",'Toolbox Talks'!N$6:N$506,"No") | D49: =COUNTIFS('Toolbox Talks'!D$6:D$506,"Feb",'Toolbox Talks'!N$6:N$506,"No") | E49: =COUNTIFS('Toolbox Talks'!D$6:D$506,"Mar",'Toolbox Talks'!N$6:N$506,"No") | F49: =COUNTIFS('Toolbox Talks'!D$6:D$506,"Apr",'Toolbox Talks'!N$6:N$506,"No") | G49: =COUNTIFS('Toolbox Talks'!D$6:D$506,"May",'Toolbox Talks'!N$6:N$506,"No") | H49: =COUNTIFS('Toolbox Talks'!D$6:D$506,"Jun",'Toolbox Talks'!N$6:N$506,"No") | I49: =COUNTIFS('Toolbox Talks'!D$6:D$506,"Jul",'Toolbox Talks'!N$6:N$506,"No") | J49: =COUNTIFS('Toolbox Talks'!D$6:D$506,"Aug",'Toolbox Talks'!N$6:N$506,"No") | K49: =COUNTIFS('Toolbox Talks'!D$6:D$506,"Sep",'Toolbox Talks'!N$6:N$506,"No") | L49: =COUNTIFS('Toolbox Talks'!D$6:D$506,"Oct",'Toolbox Talks'!N$6:N$506,"No") | M49: =COUNTIFS('Toolbox Talks'!D$6:D$506,"Nov",'Toolbox Talks'!N$6:N$506,"No") | N49: =COUNTIFS('Toolbox Talks'!D$6:D$506,"Dec",'Toolbox Talks'!N$6:N$506,"No") | O49: =SUM(C49:N49)

Sheet Dashboard – JSA Risk
A1: 📝 DASHBOARD – JSA RISK
A2: Live data from 'JSA Risk Assessment' sheet · All KPIs auto-update
B4: 📋 TOTAL JSAs | F4: ✅ APPROVED | J4: ⏳ PENDING | N4: 🔴 HIGH RISK
B5: =COUNTA('JSA Risk Assessment'!B$6:B$506) | F5: =COUNTIF('JSA Risk Assessment'!M$6:M$506,"Approved") | J5: =COUNTIF('JSA Risk Assessment'!M$6:M$506,"Pending Review") | N5: =COUNTIF('JSA Risk Assessment'!J$6:J$506,"High")
B8: 🟡 MEDIUM RISK | F8: 🟢 LOW RISK | J8: ⚠️ TOTAL HAZARDS | N8: ✅ CONTROLS DONE
B9: =COUNTIF('JSA Risk Assessment'!J$6:J$506,"Medium") | F9: =COUNTIF('JSA Risk Assessment'!J$6:J$506,"Low") | J9: =SUM('JSA Risk Assessment'!K$6:K$506) | N9: =COUNTIF('JSA Risk Assessment'!N$6:N$506,"Yes")
B12: 📅 Monthly Trend | J12: 📊 Status Distribution
B13: Jan | C13: Feb | D13: Mar | E13: Apr | F13: May | G13: Jun | H13: Jul | I13: Aug | J13: Sep | K13: Oct | L13: Nov | M13: Dec | O13: Approved | P13: =COUNTIF('JSA Risk Assessment'!M$6:M$506,"Approved")
B14: =COUNTIF('JSA Risk Assessment'!D$6:D$506,"Jan") | C14: =COUNTIF('JSA Risk Assessment'!D$6:D$506,"Feb") | D14: =COUNTIF('JSA Risk Assessment'!D$6:D$506,"Mar") | E14: =COUNTIF('JSA Risk Assessment'!D$6:D$506,"Apr") | F14: =COUNTIF('JSA Risk Assessment'!D$6:D$506,"May") | G14: =COUNTIF('JSA Risk Assessment'!D$6:D$506,"Jun") | H14: =COUNTIF('JSA Risk Assessment'!D$6:D$506,"Jul") | I14: =COUNTIF('JSA Risk Assessment'!D$6:D$506,"Aug") | J14: =COUNTIF('JSA Risk Assessment'!D$6:D$506,"Sep") | K14: =COUNTIF('JSA Risk Assessment'!D$6:D$506,"Oct") | L14: =COUNTIF('JSA Risk Assessment'!D$6:D$506,"Nov") | M14: =COUNTIF('JSA Risk Assessment'!D$6:D$506,"Dec") | O14: Pending Review | P14: =COUNTIF('JSA Risk Assessment'!M$6:M$506,"Pending Review")
O15: Revision Required | P15: =COUNTIF('JSA Risk Assessment'!M$6:M$506,"Revision Required")
O16: Rejected | P16: =COUNTIF('JSA Risk Assessment'!M$6:M$506,"Rejected")
B31: 🏢 Department Breakdown | J31: 🏷️ Assessment Type Breakdown
B32: Department | C32: Count | D32: Done | E32: Rate % | O32: HIRA | P32: =COUNTIF('JSA Risk Assessment'!L$6:L$506,O32)
B33: Operations | C33: =COUNTIF('JSA Risk Assessment'!F$6:F$506,B33) | D33: =COUNTIF('JSA Risk Assessment'!F$6:F$506,B33) | E33: =IF(C33=0,0,D33/C33) | O33: Task RA | P33: =COUNTIF('JSA Risk Assessment'!L$6:L$506,O33)
B34: Maintenance | C34: =COUNTIF('JSA Risk Assessment'!F$6:F$506,B34) | D34: =COUNTIF('JSA Risk Assessment'!F$6:F$506,B34) | E34: =IF(C34=0,0,D34/C34) | O34: JSA | P34: =COUNTIF('JSA Risk Assessment'!L$6:L$506,O34)
B35: Engineering | C35: =COUNTIF('JSA Risk Assessment'!F$6:F$506,B35) | D35: =COUNTIF('JSA Risk Assessment'!F$6:F$506,B35) | E35: =IF(C35=0,0,D35/C35) | O35: HAZOP | P35: =COUNTIF('JSA Risk Assessment'!L$6:L$506,O35)
B36: Construction | C36: =COUNTIF('JSA Risk Assessment'!F$6:F$506,B36) | D36: =COUNTIF('JSA Risk Assessment'!F$6:F$506,B36) | E36: =IF(C36=0,0,D36/C36) | O36: What-If | P36: =COUNTIF('JSA Risk Assessment'!L$6:L$506,O36)
B37: Safety | C37: =COUNTIF('JSA Risk Assessment'!F$6:F$506,B37) | D37: =COUNTIF('JSA Risk Assessment'!F$6:F$506,B37) | E37: =IF(C37=0,0,D37/C37) | O37: Bow Tie | P37: =COUNTIF('JSA Risk Assessment'!L$6:L$506,O37)
B38: Logistics | C38: =COUNTIF('JSA Risk Assessment'!F$6:F$506,B38) | D38: =COUNTIF('JSA Risk Assessment'!F$6:F$506,B38) | E38: =IF(C38=0,0,D38/C38)
B39: Quality | C39: =COUNTIF('JSA Risk Assessment'!F$6:F$506,B39) | D39: =COUNTIF('JSA Risk Assessment'!F$6:F$506,B39) | E39: =IF(C39=0,0,D39/C39)
B40: Admin | C40: =COUNTIF('JSA Risk Assessment'!F$6:F$506,B40) | D40: =COUNTIF('JSA Risk Assessment'!F$6:F$506,B40) | E40: =IF(C40=0,0,D40/C40)
B41: Projects | C41: =COUNTIF('JSA Risk Assessment'!F$6:F$506,B41) | D41: =COUNTIF('JSA Risk Assessment'!F$6:F$506,B41) | E41: =IF(C41=0,0,D41/C41)
B42: Contractor | C42: =COUNTIF('JSA Risk Assessment'!F$6:F$506,B42) | D42: =COUNTIF('JSA Risk Assessment'!F$6:F$506,B42) | E42: =IF(C42=0,0,D42/C42)
B45: 📈 Monthly Performance Matrix
B46: Metric | C46: Jan | D46: Feb | E46: Mar | F46: Apr | G46: May | H46: Jun | I46: Jul | J46: Aug | K46: Sep | L46: Oct | M46: Nov | N46: Dec | O46: YTD
B47: Total | C47: =COUNTIF('JSA Risk Assessment'!D$6:D$506,"Jan") | D47: =COUNTIF('JSA Risk Assessment'!D$6:D$506,"Feb") | E47: =COUNTIF('JSA Risk Assessment'!D$6:D$506,"Mar") | F47: =COUNTIF('JSA Risk Assessment'!D$6:D$506,"Apr") | G47: =COUNTIF('JSA Risk Assessment'!D$6:D$506,"May") | H47: =COUNTIF('JSA Risk Assessment'!D$6:D$506,"Jun") | I47: =COUNTIF('JSA Risk Assessment'!D$6:D$506,"Jul") | J47: =COUNTIF('JSA Risk Assessment'!D$6:D$506,"Aug") | K47: =COUNTIF('JSA Risk Assessment'!D$6:D$506,"Sep") | L47: =COUNTIF('JSA Risk Assessment'!D$6:D$506,"Oct") | M47: =COUNTIF('JSA Risk Assessment'!D$6:D$506,"Nov") | N47: =COUNTIF('JSA Risk Assessment'!D$6:D$506,"Dec") | O47: =SUM(C47:N47)
B48: Approved | C48: =COUNTIFS('JSA Risk Assessment'!D$6:D$506,"Jan",'JSA Risk Assessment'!M$6:M$506,"Approved") | D48: =COUNTIFS('JSA Risk Assessment'!D$6:D$506,"Feb",'JSA Risk Assessment'!M$6:M$506,"Approved") | E48: =COUNTIFS('JSA Risk Assessment'!D$6:D$506,"Mar",'JSA Risk Assessment'!M$6:M$506,"Approved") | F48: =COUNTIFS('JSA Risk Assessment'!D$6:D$506,"Apr",'JSA Risk Assessment'!M$6:M$506,"Approved") | G48: =COUNTIFS('JSA Risk Assessment'!D$6:D$506,"May",'JSA Risk Assessment'!M$6:M$506,"Approved") | H48: =COUNTIFS('JSA Risk Assessment'!D$6:D$506,"Jun",'JSA Risk Assessment'!M$6:M$506,"Approved") | I48: =COUNTIFS('JSA Risk Assessment'!D$6:D$506,"Jul",'JSA Risk Assessment'!M$6:M$506,"Approved") | J48: =COUNTIFS('JSA Risk Assessment'!D$6:D$506,"Aug",'JSA Risk Assessment'!M$6:M$506,"Approved") | K48: =COUNTIFS('JSA Risk Assessment'!D$6:D$506,"Sep",'JSA Risk Assessment'!M$6:M$506,"Approved") | L48: =COUNTIFS('JSA Risk Assessment'!D$6:D$506,"Oct",'JSA Risk Assessment'!M$6:M$506,"Approved") | M48: =COUNTIFS('JSA Risk Assessment'!D$6:D$506,"Nov",'JSA Risk Assessment'!M$6:M$506,"Approved") | N48: =COUNTIFS('JSA Risk Assessment'!D$6:D$506,"Dec",'JSA Risk Assessment'!M$6:M$506,"Approved") | O48: =SUM(C48:N48)
B49: Pending Review | C49: =COUNTIFS('JSA Risk Assessment'!D$6:D$506,"Jan",'JSA Risk Assessment'!M$6:M$506,"Pending Review") | D49: =COUNTIFS('JSA Risk Assessment'!D$6:D$506,"Feb",'JSA Risk Assessment'!M$6:M$506,"Pending Review") | E49: =COUNTIFS('JSA Risk Assessment'!D$6:D$506,"Mar",'JSA Risk Assessment'!M$6:M$506,"Pending Review") | F49: =COUNTIFS('JSA Risk Assessment'!D$6:D$506,"Apr",'JSA Risk Assessment'!M$6:M$506,"Pending Review") | G49: =COUNTIFS('JSA Risk Assessment'!D$6:D$506,"May",'JSA Risk Assessment'!M$6:M$506,"Pending Review") | H49: =COUNTIFS('JSA Risk Assessment'!D$6:D$506,"Jun",'JSA Risk Assessment'!M$6:M$506,"Pending Review") | I49: =COUNTIFS('JSA Risk Assessment'!D$6:D$506,"Jul",'JSA Risk Assessment'!M$6:M$506,"Pending Review") | J49: =COUNTIFS('JSA Risk Assessment'!D$6:D$506,"Aug",'JSA Risk Assessment'!M$6:M$506,"Pending Review") | K49: =COUNTIFS('JSA Risk Assessment'!D$6:D$506,"Sep",'JSA Risk Assessment'!M$6:M$506,"Pending Review") | L49: =COUNTIFS('JSA Risk Assessment'!D$6:D$506,"Oct",'JSA Risk Assessment'!M$6:M$506,"Pending Review") | M49: =COUNTIFS('JSA Risk Assessment'!D$6:D$506,"Nov",'JSA Risk Assessment'!M$6:M$506,"Pending Review") | N49: =COUNTIFS('JSA Risk Assessment'!D$6:D$506,"Dec",'JSA Risk Assessment'!M$6:M$506,"Pending Review") | O49: =SUM(C49:N49)
B50: Revision Required | C50: =COUNTIFS('JSA Risk Assessment'!D$6:D$506,"Jan",'JSA Risk Assessment'!M$6:M$506,"Revision Required") | D50: =COUNTIFS('JSA Risk Assessment'!D$6:D$506,"Feb",'JSA Risk Assessment'!M$6:M$506,"Revision Required") | E50: =COUNTIFS('JSA Risk Assessment'!D$6:D$506,"Mar",'JSA Risk Assessment'!M$6:M$506,"Revision Required") | F50: =COUNTIFS('JSA Risk Assessment'!D$6:D$506,"Apr",'JSA Risk Assessment'!M$6:M$506,"Revision Required") | G50: =COUNTIFS('JSA Risk Assessment'!D$6:D$506,"May",'JSA Risk Assessment'!M$6:M$506,"Revision Required") | H50: =COUNTIFS('JSA Risk Assessment'!D$6:D$506,"Jun",'JSA Risk Assessment'!M$6:M$506,"Revision Required") | I50: =COUNTIFS('JSA Risk Assessment'!D$6:D$506,"Jul",'JSA Risk Assessment'!M$6:M$506,"Revision Required") | J50: =COUNTIFS('JSA Risk Assessment'!D$6:D$506,"Aug",'JSA Risk Assessment'!M$6:M$506,"Revision Required") | K50: =COUNTIFS('JSA Risk Assessment'!D$6:D$506,"Sep",'JSA Risk Assessment'!M$6:M$506,"Revision Required") | L50: =COUNTIFS('JSA Risk Assessment'!D$6:D$506,"Oct",'JSA Risk Assessment'!M$6:M$506,"Revision Required") | M50: =COUNTIFS('JSA Risk Assessment'!D$6:D$506,"Nov",'JSA Risk Assessment'!M$6:M$506,"Revision Required") | N50: =COUNTIFS('JSA Risk Assessment'!D$6:D$506,"Dec",'JSA Risk Assessment'!M$6:M$506,"Revision Required") | O50: =SUM(C50:N50)
B51: Rejected | C51: =COUNTIFS('JSA Risk Assessment'!D$6:D$506,"Jan",'JSA Risk Assessment'!M$6:M$506,"Rejected") | D51: =COUNTIFS('JSA Risk Assessment'!D$6:D$506,"Feb",'JSA Risk Assessment'!M$6:M$506,"Rejected") | E51: =COUNTIFS('JSA Risk Assessment'!D$6:D$506,"Mar",'JSA Risk Assessment'!M$6:M$506,"Rejected") | F51: =COUNTIFS('JSA Risk Assessment'!D$6:D$506,"Apr",'JSA Risk Assessment'!M$6:M$506,"Rejected") | G51: =COUNTIFS('JSA Risk Assessment'!D$6:D$506,"May",'JSA Risk Assessment'!M$6:M$506,"Rejected") | H51: =COUNTIFS('JSA Risk Assessment'!D$6:D$506,"Jun",'JSA Risk Assessment'!M$6:M$506,"Rejected") | I51: =COUNTIFS('JSA Risk Assessment'!D$6:D$506,"Jul",'JSA Risk Assessment'!M$6:M$506,"Rejected") | J51: =COUNTIFS('JSA Risk Assessment'!D$6:D$506,"Aug",'JSA Risk Assessment'!M$6:M$506,"Rejected") | K51: =COUNTIFS('JSA Risk Assessment'!D$6:D$506,"Sep",'JSA Risk Assessment'!M$6:M$506,"Rejected") | L51: =COUNTIFS('JSA Risk Assessment'!D$6:D$506,"Oct",'JSA Risk Assessment'!M$6:M$506,"Rejected") | M51: =COUNTIFS('JSA Risk Assessment'!D$6:D$506,"Nov",'JSA Risk Assessment'!M$6:M$506,"Rejected") | N51: =COUNTIFS('JSA Risk Assessment'!D$6:D$506,"Dec",'JSA Risk Assessment'!M$6:M$506,"Rejected") | O51: =SUM(C51:N51)

Sheet Dashboard – HSE Observations
A1: 👁️ DASHBOARD – HSE OBSERVATIONS
A2: Live data from 'HSE Observations' sheet · All KPIs auto-update
B4: 📋 TOTAL OBS | F4: ✅ COMPLETED | J4: 🔄 IN PROGRESS | N4: ❌ OVERDUE
B5: =COUNTA('HSE Observations'!B$6:B$506) | F5: =COUNTIF('HSE Observations'!M$6:M$506,"Completed") | J5: =COUNTIF('HSE Observations'!M$6:M$506,"In Progress") | N5: =COUNTIF('HSE Observations'!M$6:M$506,"Overdue")
B8: 👍 SAFE ACTS | F8: 👎 UNSAFE ACTS | J8: 🔴 HIGH RISK | N8: 📊 COMP %
B9: =COUNTIF('HSE Observations'!E$6:E$506,"Safe Act") | F9: =COUNTIF('HSE Observations'!E$6:E$506,"Unsafe Act") | J9: =COUNTIF('HSE Observations'!L$6:L$506,"High") | N9: =IF(COUNTA('HSE Observations'!B$6:B$506)=0,0,COUNTIF('HSE Observations'!M$6:M$506,"Completed")/COUNTA('HSE Observations'!B$6:B$506))
B12: 📅 Monthly Trend | J12: 📊 Status Distribution
B13: Jan | C13: Feb | D13: Mar | E13: Apr | F13: May | G13: Jun | H13: Jul | I13: Aug | J13: Sep | K13: Oct | L13: Nov | M13: Dec | O13: Completed | P13: =COUNTIF('HSE Observations'!M$6:M$506,"Completed")
B14: =COUNTIF('HSE Observations'!D$6:D$506,"Jan") | C14: =COUNTIF('HSE Observations'!D$6:D$506,"Feb") | D14: =COUNTIF('HSE Observations'!D$6:D$506,"Mar") | E14: =COUNTIF('HSE Observations'!D$6:D$506,"Apr") | F14: =COUNTIF('HSE Observations'!D$6:D$506,"May") | G14: =COUNTIF('HSE Observations'!D$6:D$506,"Jun") | H14: =COUNTIF('HSE Observations'!D$6:D$506,"Jul") | I14: =COUNTIF('HSE Observations'!D$6:D$506,"Aug") | J14: =COUNTIF('HSE Observations'!D$6:D$506,"Sep") | K14: =COUNTIF('HSE Observations'!D$6:D$506,"Oct") | L14: =COUNTIF('HSE Observations'!D$6:D$506,"Nov") | M14: =COUNTIF('HSE Observations'!D$6:D$506,"Dec") | O14: In Progress | P14: =COUNTIF('HSE Observations'!M$6:M$506,"In Progress")
B15: =COUNTIFS('HSE Observations'!D$6:D$506,"Jan",'HSE Observations'!M$6:M$506,"Completed") | C15: =COUNTIFS('HSE Observations'!D$6:D$506,"Feb",'HSE Observations'!M$6:M$506,"Completed") | D15: =COUNTIFS('HSE Observations'!D$6:D$506,"Mar",'HSE Observations'!M$6:M$506,"Completed") | E15: =COUNTIFS('HSE Observations'!D$6:D$506,"Apr",'HSE Observations'!M$6:M$506,"Completed") | F15: =COUNTIFS('HSE Observations'!D$6:D$506,"May",'HSE Observations'!M$6:M$506,"Completed") | G15: =COUNTIFS('HSE Observations'!D$6:D$506,"Jun",'HSE Observations'!M$6:M$506,"Completed") | H15: =COUNTIFS('HSE Observations'!D$6:D$506,"Jul",'HSE Observations'!M$6:M$506,"Completed") | I15: =COUNTIFS('HSE Observations'!D$6:D$506,"Aug",'HSE Observations'!M$6:M$506,"Completed") | J15: =COUNTIFS('HSE Observations'!D$6:D$506,"Sep",'HSE Observations'!M$6:M$506,"Completed") | K15: =COUNTIFS('HSE Observations'!D$6:D$506,"Oct",'HSE Observations'!M$6:M$506,"Completed") | L15: =COUNTIFS('HSE Observations'!D$6:D$506,"Nov",'HSE Observations'!M$6:M$506,"Completed") | M15: =COUNTIFS('HSE Observations'!D$6:D$506,"Dec",'HSE Observations'!M$6:M$506,"Completed") | O15: Overdue | P15: =COUNTIF('HSE Observations'!M$6:M$506,"Overdue")
O16: Pending | P16: =COUNTIF('HSE Observations'!M$6:M$506,"Pending")
B31: 🏢 Department Breakdown | J31: 🏷️ Observation Type Breakdown
B32: Department | C32: Count | D32: Completed | E32: Rate % | O32: Safe Act | P32: =COUNTIF('HSE Observations'!E$6:E$506,O32)
B33: Operations | C33: =COUNTIF('HSE Observations'!G$6:G$506,B33) | D33: =COUNTIFS('HSE Observations'!G$6:G$506,B33,'HSE Observations'!M$6:M$506,"Completed") | E33: =IF(C33=0,0,D33/C33) | O33: Unsafe Act | P33: =COUNTIF('HSE Observations'!E$6:E$506,O33)
B34: Maintenance | C34: =COUNTIF('HSE Observations'!G$6:G$506,B34) | D34: =COUNTIFS('HSE Observations'!G$6:G$506,B34,'HSE Observations'!M$6:M$506,"Completed") | E34: =IF(C34=0,0,D34/C34) | O34: Safe Condition | P34: =COUNTIF('HSE Observations'!E$6:E$506,O34)
B35: Engineering | C35: =COUNTIF('HSE Observations'!G$6:G$506,B35) | D35: =COUNTIFS('HSE Observations'!G$6:G$506,B35,'HSE Observations'!M$6:M$506,"Completed") | E35: =IF(C35=0,0,D35/C35) | O35: Unsafe Condition | P35: =COUNTIF('HSE Observations'!E$6:E$506,O35)
B36: Construction | C36: =COUNTIF('HSE Observations'!G$6:G$506,B36) | D36: =COUNTIFS('HSE Observations'!G$6:G$506,B36,'HSE Observations'!M$6:M$506,"Completed") | E36: =IF(C36=0,0,D36/C36) | O36: Near Miss | P36: =COUNTIF('HSE Observations'!E$6:E$506,O36)
B37: Safety | C37: =COUNTIF('HSE Observations'!G$6:G$506,B37) | D37: =COUNTIFS('HSE Observations'!G$6:G$506,B37,'HSE Observations'!M$6:M$506,"Completed") | E37: =IF(C37=0,0,D37/C37)
B38: Logistics | C38: =COUNTIF('HSE Observations'!G$6:G$506,B38) | D38: =COUNTIFS('HSE Observations'!G$6:G$506,B38,'HSE Observations'!M$6:M$506,"Completed") | E38: =IF(C38=0,0,D38/C38)
B39: Quality | C39: =COUNTIF('HSE Observations'!G$6:G$506,B39) | D39: =COUNTIFS('HSE Observations'!G$6:G$506,B39,'HSE Observations'!M$6:M$506,"Completed") | E39: =IF(C39=0,0,D39/C39)
B40: Admin | C40: =COUNTIF('HSE Observations'!G$6:G$506,B40) | D40: =COUNTIFS('HSE Observations'!G$6:G$506,B40,'HSE Observations'!M$6:M$506,"Completed") | E40: =IF(C40=0,0,D40/C40)
B41: Projects | C41: =COUNTIF('HSE Observations'!G$6:G$506,B41) | D41: =COUNTIFS('HSE Observations'!G$6:G$506,B41,'HSE Observations'!M$6:M$506,"Completed") | E41: =IF(C41=0,0,D41/C41)
B42: Contractor | C42: =COUNTIF('HSE Observations'!G$6:G$506,B42) | D42: =COUNTIFS('HSE Observations'!G$6:G$506,B42,'HSE Observations'!M$6:M$506,"Completed") | E42: =IF(C42=0,0,D42/C42)
B45: 📈 Monthly Performance Matrix
B46: Metric | C46: Jan | D46: Feb | E46: Mar | F46: Apr | G46: May | H46: Jun | I46: Jul | J46: Aug | K46: Sep | L46: Oct | M46: Nov | N46: Dec | O46: YTD
B47: Total | C47: =COUNTIF('HSE Observations'!D$6:D$506,"Jan") | D47: =COUNTIF('HSE Observations'!D$6:D$506,"Feb") | E47: =COUNTIF('HSE Observations'!D$6:D$506,"Mar") | F47: =COUNTIF('HSE Observations'!D$6:D$506,"Apr") | G47: =COUNTIF('HSE Observations'!D$6:D$506,"May") | H47: =COUNTIF('HSE Observations'!D$6:D$506,"Jun") | I47: =COUNTIF('HSE Observations'!D$6:D$506,"Jul") | J47: =COUNTIF('HSE Observations'!D$6:D$506,"Aug") | K47: =COUNTIF('HSE Observations'!D$6:D$506,"Sep") | L47: =COUNTIF('HSE Observations'!D$6:D$506,"Oct") | M47: =COUNTIF('HSE Observations'!D$6:D$506,"Nov") | N47: =COUNTIF('HSE Observations'!D$6:D$506,"Dec") | O47: =SUM(C47:N47)
B48: Completed | C48: =COUNTIFS('HSE Observations'!D$6:D$506,"Jan",'HSE Observations'!M$6:M$506,"Completed") | D48: =COUNTIFS('HSE Observations'!D$6:D$506,"Feb",'HSE Observations'!M$6:M$506,"Completed") | E48: =COUNTIFS('HSE Observations'!D$6:D$506,"Mar",'HSE Observations'!M$6:M$506,"Completed") | F48: =COUNTIFS('HSE Observations'!D$6:D$506,"Apr",'HSE Observations'!M$6:M$506,"Completed") | G48: =COUNTIFS('HSE Observations'!D$6:D$506,"May",'HSE Observations'!M$6:M$506,"Completed") | H48: =COUNTIFS('HSE Observations'!D$6:D$506,"Jun",'HSE Observations'!M$6:M$506,"Completed") | I48: =COUNTIFS('HSE Observations'!D$6:D$506,"Jul",'HSE Observations'!M$6:M$506,"Completed") | J48: =COUNTIFS('HSE Observations'!D$6:D$506,"Aug",'HSE Observations'!M$6:M$506,"Completed") | K48: =COUNTIFS('HSE Observations'!D$6:D$506,"Sep",'HSE Observations'!M$6:M$506,"Completed") | L48: =COUNTIFS('HSE Observations'!D$6:D$506,"Oct",'HSE Observations'!M$6:M$506,"Completed") | M48: =COUNTIFS('HSE Observations'!D$6:D$506,"Nov",'HSE Observations'!M$6:M$506,"Completed") | N48: =COUNTIFS('HSE Observations'!D$6:D$506,"Dec",'HSE Observations'!M$6:M$506,"Completed") | O48: =SUM(C48:N48)
B49: In Progress | C49: =COUNTIFS('HSE Observations'!D$6:D$506,"Jan",'HSE Observations'!M$6:M$506,"In Progress") | D49: =COUNTIFS('HSE Observations'!D$6:D$506,"Feb",'HSE Observations'!M$6:M$506,"In Progress") | E49: =COUNTIFS('HSE Observations'!D$6:D$506,"Mar",'HSE Observations'!M$6:M$506,"In Progress") | F49: =COUNTIFS('HSE Observations'!D$6:D$506,"Apr",'HSE Observations'!M$6:M$506,"In Progress") | G49: =COUNTIFS('HSE Observations'!D$6:D$506,"May",'HSE Observations'!M$6:M$506,"In Progress") | H49: =COUNTIFS('HSE Observations'!D$6:D$506,"Jun",'HSE Observations'!M$6:M$506,"In Progress") | I49: =COUNTIFS('HSE Observations'!D$6:D$506,"Jul",'HSE Observations'!M$6:M$506,"In Progress") | J49: =COUNTIFS('HSE Observations'!D$6:D$506,"Aug",'HSE Observations'!M$6:M$506,"In Progress") | K49: =COUNTIFS('HSE Observations'!D$6:D$506,"Sep",'HSE Observations'!M$6:M$506,"In Progress") | L49: =COUNTIFS('HSE Observations'!D$6:D$506,"Oct",'HSE Observations'!M$6:M$506,"In Progress") | M49: =COUNTIFS('HSE Observations'!D$6:D$506,"Nov",'HSE Observations'!M$6:M$506,"In Progress") | N49: =COUNTIFS('HSE Observations'!D$6:D$506,"Dec",'HSE Observations'!M$6:M$506,"In Progress") | O49: =SUM(C49:N49)
B50: Overdue | C50: =COUNTIFS('HSE Observations'!D$6:D$506,"Jan",'HSE Observations'!M$6:M$506,"Overdue") | D50: =COUNTIFS('HSE Observations'!D$6:D$506,"Feb",'HSE Observations'!M$6:M$506,"Overdue") | E50: =COUNTIFS('HSE Observations'!D$6:D$506,"Mar",'HSE Observations'!M$6:M$506,"Overdue") | F50: =COUNTIFS('HSE Observations'!D$6:D$506,"Apr",'HSE Observations'!M$6:M$506,"Overdue") | G50: =COUNTIFS('HSE Observations'!D$6:D$506,"May",'HSE Observations'!M$6:M$506,"Overdue") | H50: =COUNTIFS('HSE Observations'!D$6:D$506,"Jun",'HSE Observations'!M$6:M$506,"Overdue") | I50: =COUNTIFS('HSE Observations'!D$6:D$506,"Jul",'HSE Observations'!M$6:M$506,"Overdue") | J50: =COUNTIFS('HSE Observations'!D$6:D$506,"Aug",'HSE Observations'!M$6:M$506,"Overdue") | K50: =COUNTIFS('HSE Observations'!D$6:D$506,"Sep",'HSE Observations'!M$6:M$506,"Overdue") | L50: =COUNTIFS('HSE Observations'!D$6:D$506,"Oct",'HSE Observations'!M$6:M$506,"Overdue") | M50: =COUNTIFS('HSE Observations'!D$6:D$506,"Nov",'HSE Observations'!M$6:M$506,"Overdue") | N50: =COUNTIFS('HSE Observations'!D$6:D$506,"Dec",'HSE Observations'!M$6:M$506,"Overdue") | O50: =SUM(C50:N50)
B51: Pending | C51: =COUNTIFS('HSE Observations'!D$6:D$506,"Jan",'HSE Observations'!M$6:M$506,"Pending") | D51: =COUNTIFS('HSE Observations'!D$6:D$506,"Feb",'HSE Observations'!M$6:M$506,"Pending") | E51: =COUNTIFS('HSE Observations'!D$6:D$506,"Mar",'HSE Observations'!M$6:M$506,"Pending") | F51: =COUNTIFS('HSE Observations'!D$6:D$506,"Apr",'HSE Observations'!M$6:M$506,"Pending") | G51: =COUNTIFS('HSE Observations'!D$6:D$506,"May",'HSE Observations'!M$6:M$506,"Pending") | H51: =COUNTIFS('HSE Observations'!D$6:D$506,"Jun",'HSE Observations'!M$6:M$506,"Pending") | I51: =COUNTIFS('HSE Observations'!D$6:D$506,"Jul",'HSE Observations'!M$6:M$506,"Pending") | J51: =COUNTIFS('HSE Observations'!D$6:D$506,"Aug",'HSE Observations'!M$6:M$506,"Pending") | K51: =COUNTIFS('HSE Observations'!D$6:D$506,"Sep",'HSE Observations'!M$6:M$506,"Pending") | L51: =COUNTIFS('HSE Observations'!D$6:D$506,"Oct",'HSE Observations'!M$6:M$506,"Pending") | M51: =COUNTIFS('HSE Observations'!D$6:D$506,"Nov",'HSE Observations'!M$6:M$506,"Pending") | N51: =COUNTIFS('HSE Observations'!D$6:D$506,"Dec",'HSE Observations'!M$6:M$506,"Pending") | O51: =SUM(C51:N51)
B52: Rate % | C52: =IF(C47=0,0,C48/C47) | D52: =IF(D47=0,0,D48/D47) | E52: =IF(E47=0,0,E48/E47) | F52: =IF(F47=0,0,F48/F47) | G52: =IF(G47=0,0,G48/G47) | H52: =IF(H47=0,0,H48/H47) | I52: =IF(I47=0,0,I48/I47) | J52: =IF(J47=0,0,J48/J47) | ... O52: =IF(O47=0,0,O48/O47)

Sheet Dashboard – Workplace Insp
A1: 🔍 DASHBOARD – WORKPLACE INSP
A2: Live data from 'Workplace Inspections' sheet · All KPIs auto-update
B4: 📋 TOTAL INSP | F4: ✅ COMPLETED | J4: ❌ OVERDUE | N4: 🔴 CRITICAL
B5: =COUNTA('Workplace Inspections'!B$6:B$506) | F5: =COUNTIF('Workplace Inspections'!M$6:M$506,"Completed") | J5: =COUNTIF('Workplace Inspections'!M$6:M$506,"Overdue") | N5: =SUM('Workplace Inspections'!K$6:K$506)
B8: 📊 CHECKPOINTS | F8: ⚠️ NON-CONF | J8: 📊 NC RATE | N8: 📊 COMP %
B9: =SUM('Workplace Inspections'!I$6:I$506) | F9: =SUM('Workplace Inspections'!J$6:J$506) | J9: =IF(SUM('Workplace Inspections'!I$6:I$506)=0,0,SUM('Workplace Inspections'!J$6:J$506)/SUM('Workplace Inspections'!I$6:I$506)) | N9: =IF(COUNTA('Workplace Inspections'!B$6:B$506)=0,0,COUNTIF('Workplace Inspections'!M$6:M$506,"Completed")/COUNTA('Workplace Inspections'!B$6:B$506))
B12: 📅 Monthly Trend | J12: 📊 Status Distribution
B13: Jan | C13: Feb | D13: Mar | E13: Apr | F13: May | G13: Jun | H13: Jul | I13: Aug | J13: Sep | K13: Oct | L13: Nov | M13: Dec | O13: Completed | P13: =COUNTIF('Workplace Inspections'!M$6:M$506,"Completed")
B14: =COUNTIF('Workplace Inspections'!D$6:D$506,"Jan") | C14: =COUNTIF('Workplace Inspections'!D$6:D$506,"Feb") | D14: =COUNTIF('Workplace Inspections'!D$6:D$506,"Mar") | E14: =COUNTIF('Workplace Inspections'!D$6:D$506,"Apr") | F14: =COUNTIF('Workplace Inspections'!D$6:D$506,"May") | G14: =COUNTIF('Workplace Inspections'!D$6:D$506,"Jun") | H14: =COUNTIF('Workplace Inspections'!D$6:D$506,"Jul") | I14: =COUNTIF('Workplace Inspections'!D$6:D$506,"Aug") | J14: =COUNTIF('Workplace Inspections'!D$6:D$506,"Sep") | K14: =COUNTIF('Workplace Inspections'!D$6:D$506,"Oct") | L14: =COUNTIF('Workplace Inspections'!D$6:D$506,"Nov") | M14: =COUNTIF('Workplace Inspections'!D$6:D$506,"Dec") | O14: In Progress | P14: =COUNTIF('Workplace Inspections'!M$6:M$506,"In Progress")
B15: =COUNTIFS('Workplace Inspections'!D$6:D$506,"Jan",'Workplace Inspections'!M$6:M$506,"Completed") | C15: =COUNTIFS('Workplace Inspections'!D$6:D$506,"Feb",'Workplace Inspections'!M$6:M$506,"Completed") | D15: =COUNTIFS('Workplace Inspections'!D$6:D$506,"Mar",'Workplace Inspections'!M$6:M$506,"Completed") | E15: =COUNTIFS('Workplace Inspections'!D$6:D$506,"Apr",'Workplace Inspections'!M$6:M$506,"Completed") | F15: =COUNTIFS('Workplace Inspections'!D$6:D$506,"May",'Workplace Inspections'!M$6:M$506,"Completed") | G15: =COUNTIFS('Workplace Inspections'!D$6:D$506,"Jun",'Workplace Inspections'!M$6:M$506,"Completed") | H15: =COUNTIFS('Workplace Inspections'!D$6:D$506,"Jul",'Workplace Inspections'!M$6:M$506,"Completed") | I15: =COUNTIFS('Workplace Inspections'!D$6:D$506,"Aug",'Workplace Inspections'!M$6:M$506,"Completed") | J15: =COUNTIFS('Workplace Inspections'!D$6:D$506,"Sep",'Workplace Inspections'!M$6:M$506,"Completed") | K15: =COUNTIFS('Workplace Inspections'!D$6:D$506,"Oct",'Workplace Inspections'!M$6:M$506,"Completed") | L15: =COUNTIFS('Workplace Inspections'!D$6:D$506,"Nov",'Workplace Inspections'!M$6:M$506,"Completed") | M15: =COUNTIFS('Workplace Inspections'!D$6:D$506,"Dec",'Workplace Inspections'!M$6:M$506,"Completed") | O15: Overdue | P15: =COUNTIF('Workplace Inspections'!M$6:M$506,"Overdue")
O16: Pending | P16: =COUNTIF('Workplace Inspections'!M$6:M$506,"Pending")
B31: 🏢 Department Breakdown | J31: 🏷️ Rating Breakdown
B32: Department | C32: Count | D32: Completed | E32: Rate % | O32: Satisfactory | P32: =COUNTIF('Workplace Inspections'!L$6:L$506,O32)
B33: Operations | C33: =COUNTIF('Workplace Inspections'!F$6:F$506,B33) | D33: =COUNTIFS('Workplace Inspections'!F$6:F$506,B33,'Workplace Inspections'!M$6:M$506,"Completed") | E33: =IF(C33=0,0,D33/C33) | O33: Good | P33: =COUNTIF('Workplace Inspections'!L$6:L$506,O33)
B34: Maintenance | C34: =COUNTIF('Workplace Inspections'!F$6:F$506,B34) | D34: =COUNTIFS('Workplace Inspections'!F$6:F$506,B34,'Workplace Inspections'!M$6:M$506,"Completed") | E34: =IF(C34=0,0,D34/C34) | O34: Excellent | P34: =COUNTIF('Workplace Inspections'!L$6:L$506,O34)
