Workbook
Name AmberBand: Settings!$C$40
Name BenchLTIFR: Settings!$C$57
Name BenchTRIR: Settings!$C$56
Name CAClosure: Calculations!$DL$57
Name CertValidityDays: Settings!$C$60
Name CostPerDowntimeMin: Settings!$C$43
Name CostPerLostDay: Settings!$C$44
Name CurMonthNo: Calculations!$I$10
Name dCrit: Calculations!$C$7
Name dCrit: IF(SelDept="All","<>",SelDept)
Name F_Dept: 'Master Data'!$J$5:$J$15
Name F_Month: 'Master Data'!$I$5:$I$17
Name F_Period: 'Master Data'!$K$5:$K$20
Name gdAlcoholPositive: Calculations!$DO$23
Name gdAlcoholTests: Calculations!$DO$53
Name gdBulletinReach: Calculations!$DO$40
Name gdCAClosure: Calculations!$DO$57
Name gdCorrectiveActions: Calculations!$DO$56
Name gdDisciplinary: Calculations!$DO$20
Name gdDrillParticipation: Calculations!$DO$42
Name gdEmergencyDrills: Calculations!$DO$41
Name gdEquipmentCriticalFindings: Calculations!$DO$35
Name gdEquipmentInspections: Calculations!$DO$34
Name gdExternalAuditNCs: Calculations!$DO$46
Name gdExternalAudits: Calculations!$DO$45
Name gdFirstAid: Calculations!$DO$18
Name gdHSEObservations: Calculations!$DO$30
Name gdInternalAuditNCs: Calculations!$DO$44
Name gdInternalAudits: Calculations!$DO$43
Name gdJSAApproved: Calculations!$DO$27
Name gdJSAAssessments: Calculations!$DO$26
Name gdLostDays: Calculations!$DO$19
Name gdLTIFatality: Calculations!$DO$16
Name gdLTIFR: Calculations!$DO$13
Name gdManagementReviews: Calculations!$DO$49
Name gdManagementVisits: Calculations!$DO$47
Name gdMeetingsCloseout: Calculations!$DO$38
Name gdMgmtReviewAttendance: Calculations!$DO$50
Name gdMgmtVisitCloseout: Calculations!$DO$48
Name gdNCClosure: Calculations!$DO$22
Name gdNearMiss: Calculations!$DO$17
Name gdObsClosure: Calculations!$DO$31
Name gdOpenNCs: Calculations!$DO$21
Name gdPTWAudits: Calculations!$DO$54
Name gdPTWCompliance: Calculations!$DO$55
Name gdRecordable: Calculations!$DO$15
Name gdSafetyAwards: Calculations!$DO$51
Name gdSafetyBulletins: Calculations!$DO$39
Name gdSafetyMeetings: Calculations!$DO$37
Name gdSafetyWalkthroughs: Calculations!$DO$36
Name gdStopWorkAuthority: Calculations!$DO$52
Name gdToolboxAvgAttendance: Calculations!$DO$25
Name gdToolboxTalks: Calculations!$DO$24
Name gdTotalIncidents: Calculations!$DO$14
Name gdTrainingCompliance: Calculations!$DO$29
Name gdTrainings: Calculations!$DO$28
Name gdTRIR: Calculations!$DO$12
Name gdUnsafeActClosure: Calculations!$DO$59
Name gdUnsafeActsReported: Calculations!$DO$58
Name gdUnsafeConditionClosure: Calculations!$DO$61

Sheet Toolbox Talks
A1: 🗣️ TOOLBOX TALKS — DATA ENTRY | Q1: Home
A2: Blue = user input · Gray = auto-calculated · use dropdowns where available
A3: S.No | B3: Ref No. | C3: Date | D3: Month | E3: Topic | F3: Department | G3: Location | H3: Conducted By | I3: Target Attendees | J3: Actual Attendees | K3: Attendance % | L3: Duration (min) | M3: Safety Category | N3: Action Required | O3: Effectiveness
A4: 1 | B4: TBT-1035 | C4: 46040 | D4: Jan | E4: Manual Handling | F4: Logistics | G4: Boiler House | H4: A. Sharma | I4: 56 | J4: 17 | K4: =IFERROR(J4/I4*100,0) -> 0 | L4: 35 | M4: Ergonomics | N4: Yes | O4: Excellent
A5: 2 | B5: TBT-1036 | C5: 46027 | D5: Jan | E5: Chemical Safety | F5: Projects | G5: ETP Plant | H5: D. Singh | I5: 51 | J5: 29 | K5: =IFERROR(J5/I5*100,0) -> 0 | L5: 18 | M5: Housekeeping | N5: Yes | O5: Satisfactory
A6: 3 | B6: TBT-1001 | C6: 46064 | D6: Feb | E6: Slip Trip Fall | F6: Projects | G6: Admin Block | H6: G. Das | I6: 16 | J6: 24 | K6: =IFERROR(J6/I6*100,0) -> 0 | L6: 91 | M6: Ergonomics | N6: No | O6: Unsatisfactory
A7: 4 | B7: TBT-1003 | C7: 46068 | D7: Feb | E7: Machine Guarding | F7: Operations | G7: Admin Block | H7: T. Bose | I7: 53 | J7: 30 | K7: =IFERROR(J7/I7*100,0) -> 0 | L7: 41 | M7: Housekeeping | N7: No | O7: Satisfactory
A8: 5 | B8: TBT-1029 | C8: 46075 | D8: Feb | E8: Hot Work | F8: Operations | G8: Control Room | H8: L. Fernandes | I8: 21 | J8: 51 | K8: =IFERROR(J8/I8*100,0) -> 0 | L8: 95 | M8: BBS | N8: No | O8: Satisfactory
A9: 6 | B9: TBT-1044 | C9: 46063 | D9: Feb | E9: Slip Trip Fall | F9: Logistics | G9: Loading Bay | H9: P. Nair | I9: 18 | J9: 55 | K9: =IFERROR(J9/I9*100,0) -> 0 | L9: 109 | M9: BBS | N9: Yes | O9: Unsatisfactory
A10: 7 | B10: TBT-1046 | C10: 46056 | D10: Feb | E10: Emergency Procedures | F10: Engineering | G10: Office | H10: K. Reddy | I10: 45 | J10: 26 | K10: =IFERROR(J10/I10*100,0) -> 0 | L10: 54 | M10: BBS | N10: Yes | O10: Good
A11: 8 | B11: TBT-1013 | C11: 46095 | D11: Mar | E11: Fire Safety | F11: Admin | G11: Admin Block | H11: P. Nair | I11: 41 | J11: 33 | K11: =IFERROR(J11/I11*100,0) -> 0 | L11: 27 | M11: General | N11: No | O11: Good
A12: 9 | B12: TBT-1043 | C12: 46102 | D12: Mar | E12: Working at Heights | F12: Quality | G12: Tank Farm | H12: A. Sharma | I12: 32 | J12: 43 | K12: =IFERROR(J12/I12*100,0) -> 0 | L12: 104 | M12: Housekeeping | N12: Yes | O12: Good
A13: 10 | B13: TBT-1042 | C13: 46124 | D13: Apr | E13: Heat Stress | F13: Logistics | G13: Admin Block | H13: T. Bose | I13: 45 | J13: 40 | K13: =IFERROR(J13/I13*100,0) -> 0 | L13: 115 | M13: Process Safety | N13: No | O13: Good
A14: 11 | B14: TBT-1045 | C14: 46140 | D14: Apr | E14: Electrical Safety | F14: Contractor | G14: ETP Plant | H14: A. Sharma | I14: 35 | J14: 34 | K14: =IFERROR(J14/I14*100,0) -> 0 | L14: 83 | M14: Ergonomics | N14: Yes | O14: Unsatisfactory
A15: 12 | B15: TBT-1007 | C15: 46170 | D15: May | E15: Confined Space | F15: Quality | G15: Tank Farm | H15: V. Rao | I15: 43 | J15: 11 | K15: =IFERROR(J15/I15*100,0) -> 0 | L15: 88 | M15: General | N15: Yes | O15: Excellent
... A51: 48 | B51: TBT-1017 | C51: 46373 | D51: Dec | E51: Fire Safety | F51: Safety | G51: Office | H51: D. Singh | I51: 20 | J51: 18 | K51: =IFERROR(J51/I51*100,0) -> 0 | L51: 115 | M51: Ergonomics | N51: No | O51: Unsatisfactory
K52: =IFERROR(J52/I52*100,0) -> 0
K53: =IFERROR(J53/I53*100,0) -> 0
K54: =IFERROR(J54/I54*100,0) -> 0
K55: =IFERROR(J55/I55*100,0) -> 0
K56: =IFERROR(J56/I56*100,0) -> 0
K57: =IFERROR(J57/I57*100,0) -> 0
K58: =IFERROR(J58/I58*100,0) -> 0
K59: =IFERROR(J59/I59*100,0) -> 0
K60: =IFERROR(J60/I60*100,0) -> 0
K61: =IFERROR(J61/I61*100,0) -> 0
K62: =IFERROR(J62/I62*100,0) -> 0
K63: =IFERROR(J63/I63*100,0) -> 0
... K1003: =IFERROR(J1003/I1003*100,0) -> 0

Sheet JSA Risk Assessment
A1: ⚠️ JSA RISK ASSESSMENT — DATA ENTRY | S1: Home
A2: Blue = user input · Gray = auto-calculated · use dropdowns where available
A3: S.No | B3: JSA No. | C3: Date | D3: Month | E3: Task/Activity | F3: Department | G3: Location | H3: Assessed By | I3: Approved By | J3: Risk Level | K3: Hazards Identified | L3: Assessment Type | M3: Approval Status | N3: Controls Implemented | O3: Compliance | P3: Likelihood | Q3: Consequence
A4: 1 | B4: JSA-1019 | C4: 46031 | D4: Jan | E4: Machine Guarding | F4: Safety | G4: Warehouse | H4: S. Iyer | I4: P. Nair | J4: Low | K4: 5 | L4: Task RA | M4: Approved | N4: Working at Heights | O4: Partially Compliant | P4: 1 | Q4: 1
A5: 2 | B5: JSA-1007 | C5: 46062 | D5: Feb | E5: Confined Space | F5: Safety | G5: Tank Farm | H5: D. Singh | I5: J. Mehta | J5: Medium | K5: 8 | L5: JSA | M5: Approved | N5: Housekeeping | O5: Non-Compliant | P5: 1 | Q5: 3
A6: 3 | B6: JSA-1031 | C6: 46072 | D6: Feb | E6: Confined Space | F6: Admin | G6: Office | H6: T. Bose | I6: V. Rao | J6: Critical | K6: 3 | L6: What-If | M6: Pending Review | N6: Slip Trip Fall | O6: Non-Compliant | P6: 3 | Q6: 1
A7: 4 | B7: JSA-1036 | C7: 46062 | D7: Feb | E7: PPE Usage | F7: Construction | G7: Field Site | H7: N. Gupta | I7: D. Singh | J7: Critical | K7: 4 | L7: HIRA | M7: Revision Required | N7: Emergency Procedures | O7: Partially Compliant | P7: 1 | Q7: 3
A8: 5 | B8: JSA-1001 | C8: 46087 | D8: Mar | E8: Fire Safety | F8: Operations | G8: Boiler House | H8: D. Singh | I8: L. Fernandes | J8: Medium | K8: 0 | L8: HAZOP | M8: Approved | N8: Electrical Safety | O8: Compliant | P8: 2 | Q8: 3
A9: 6 | B9: JSA-1016 | C9: 46106 | D9: Mar | E9: Machine Guarding | F9: Safety | G9: Boiler House | H9: V. Rao | I9: G. Das | J9: Medium | K9: 1 | L9: Bow Tie | M9: Rejected | N9: PPE Usage | O9: Non-Compliant | P9: 1 | Q9: 2
A10: 7 | B10: JSA-1020 | C10: 46095 | D10: Mar | E10: Heat Stress | F10: Contractor | G10: Boiler House | H10: A. Sharma | I10: P. Nair | J10: High | K10: 5 | L10: Bow Tie | M10: Approved | N10: LOTO | O10: Partially Compliant | P10: 2 | Q10: 4
A11: 8 | B11: JSA-1021 | C11: 46104 | D11: Mar | E11: PPE Usage | F11: Projects | G11: Tank Farm | H11: A. Sharma | I11: A. Sharma | J11: High | K11: 4 | L11: HAZOP | M11: Pending Review | N11: Working at Heights | O11: Partially Compliant | P11: 1 | Q11: 4
A12: 9 | B12: JSA-1026 | C12: 46099 | D12: Mar | E12: Chemical Safety | F12: Construction | G12: Tank Farm | H12: J. Mehta | I12: N. Gupta | J12: Medium | K12: 0 | L12: JSA | M12: Pending Review | N12: Chemical Safety | O12: Non-Compliant | P12: 5 | Q12: 1
A13: 10 | B13: JSA-1029 | C13: 46099 | D13: Mar | E13: PPE Usage | F13: Safety | G13: Plant A | H13: L. Fernandes | I13: R. Verma | J13: Low | K13: 8 | L13: HIRA | M13: Pending Review | N13: Machine Guarding | O13: Non-Compliant | P13: 3 | Q13: 2
A14: 11 | B14: JSA-1034 | C14: 46098 | D14: Mar | E14: Chemical Safety | F14: Safety | G14: Plant B | H14: P. Nair | I14: S. Iyer | J14: Low | K14: 0 | L14: Task RA | M14: Pending Review | N14: LOTO | O14: Partially Compliant | P14: 2 | Q14: 4
A15: 12 | B15: JSA-1040 | C15: 46082 | D15: Mar | E15: Fire Safety | F15: Quality | G15: Loading Bay | H15: T. Bose | I15: D. Singh | J15: Medium | K15: 5 | L15: Bow Tie | M15: Rejected | N15: Fire Safety | O15: Partially Compliant | P15: 3 | Q15: 1
... A51: 48 | B51: JSA-1042 | C51: 46371 | D51: Dec | E51: Fire Safety | F51: Contractor | G51: Workshop | H51: D. Singh | I51: T. Bose | J51: Low | K51: 2 | L51: Bow Tie | M51: Rejected | N51: LOTO | O51: Non-Compliant | P51: 1 | Q51: 1

Sheet Training
A1: 🎓 TRAINING — DATA ENTRY | S1: Home
A2: Blue = user input · Gray = auto-calculated · use dropdowns where available
A3: S.No | B3: Training ID | C3: Date | D3: Month | E3: Course Name | F3: Training Type | G3: Department | H3: Trainer | I3: Mode | J3: Target Attendees | K3: Actual Attendees | L3: Attendance % | M3: Duration (hrs) | N3: Status | O3: Assessment Result | P3: Certificate Issued | Q3: Certificate Expiry
A4: 1 | B4: TRN-1011 | C4: 46040 | D4: Jan | E4: Electrical Safety | F4: Awareness | G4: Contractor | H4: T. Bose | I4: Online | J4: 36 | K4: 57 | L4: =IFERROR(K4/J4*100,0) -> 0 | M4: 48 | N4: Completed | O4: N/A | P4: No | Q4: =IF(P4="Yes",C4+CertValidityDays,"") -> 0
A5: 2 | B5: TRN-1032 | C5: 46043 | D5: Jan | E5: PPE Usage | F5: On-the-Job | G5: Contractor | H5: S. Iyer | I5: On-the-Job | J5: 35 | K5: 17 | L5: =IFERROR(K5/J5*100,0) -> 0 | M5: 106 | N5: In Progress | O5: Fail | P5: Yes | Q5: =IF(P5="Yes",C5+CertValidityDays,"") -> 0
A6: 3 | B6: TRN-1043 | C6: 46041 | D6: Jan | E6: Heat Stress | F6: Induction | G6: Maintenance | H6: M. Khan | I6: External | J6: 41 | K6: 22 | L6: =IFERROR(K6/J6*100,0) -> 0 | M6: 43 | N6: Completed | O6: Fail | P6: Yes | Q6: =IF(P6="Yes",C6+CertValidityDays,"") -> 0
A7: 4 | B7: TRN-1044 | C7: 46032 | D7: Jan | E7: Slip Trip Fall | F7: On-the-Job | G7: Projects | H7: T. Bose | I7: Internal | J7: 36 | K7: 55 | L7: =IFERROR(K7/J7*100,0) -> 0 | M7: 66 | N7: In Progress | O7: Pass | P7: No | Q7: =IF(P7="Yes",C7+CertValidityDays,"") -> 0
A8: 5 | B8: TRN-1010 | C8: 46072 | D8: Feb | E8: Electrical Safety | F8: Advanced | G8: Contractor | H8: J. Mehta | I8: Online | J8: 24 | K8: 57 | L8: =IFERROR(K8/J8*100,0) -> 0 | M8: 120 | N8: Scheduled | O8: Pass | P8: No | Q8: =IF(P8="Yes",C8+CertValidityDays,"") -> 0
A9: 6 | B9: TRN-1018 | C9: 46057 | D9: Feb | E9: Confined Space | F9: Competency | G9: Maintenance | H9: L. Fernandes | I9: On-the-Job | J9: 12 | K9: 18 | L9: =IFERROR(K9/J9*100,0) -> 0 | M9: 71 | N9: In Progress | O9: N/A | P9: Yes | Q9: =IF(P9="Yes",C9+CertValidityDays,"") -> 0
A10: 7 | B10: TRN-1021 | C10: 46079 | D10: Feb | E10: Housekeeping | F10: Refresher | G10: Engineering | H10: P. Nair | I10: On-the-Job | J10: 43 | K10: 49 | L10: =IFERROR(K10/J10*100,0) -> 0 | M10: 34 | N10: Completed | O10: Pass | P10: No | Q10: =IF(P10="Yes",C10+CertValidityDays,"") -> 0
A11: 8 | B11: TRN-1022 | C11: 46060 | D11: Feb | E11: Housekeeping | F11: Induction | G11: Admin | H11: K. Reddy | I11: On-the-Job | J11: 14 | K11: 10 | L11: =IFERROR(K11/J11*100,0) -> 0 | M11: 61 | N11: Scheduled | O11: Pass | P11: No | Q11: =IF(P11="Yes",C11+CertValidityDays,"") -> 0
A12: 9 | B12: TRN-1033 | C12: 46061 | D12: Feb | E12: Manual Handling | F12: Competency | G12: Quality | H12: M. Khan | I12: Online | J12: 23 | K12: 39 | L12: =IFERROR(K12/J12*100,0) -> 0 | M12: 102 | N12: Completed | O12: Pass | P12: No | Q12: =IF(P12="Yes",C12+CertValidityDays,"") -> 0
A13: 10 | B13: TRN-1038 | C13: 46074 | D13: Feb | E13: Electrical Safety | F13: On-the-Job | G13: Operations | H13: K. Reddy | I13: Internal | J13: 58 | K13: 34 | L13: =IFERROR(K13/J13*100,0) -> 0 | M13: 82 | N13: Completed | O13: N/A | P13: No | Q13: =IF(P13="Yes",C13+CertValidityDays,"") -> 0
A14: 11 | B14: TRN-1039 | C14: 46057 | D14: Feb | E14: Fire Safety | F14: Competency | G14: Safety | H14: A. Sharma | I14: External | J14: 25 | K14: 30 | L14: =IFERROR(K14/J14*100,0) -> 0 | M14: 118 | N14: Scheduled | O14: Fail | P14: Yes | Q14: =IF(P14="Yes",C14+CertValidityDays,"") -> 0
A15: 12 | B15: TRN-1007 | C15: 46084 | D15: Mar | E15: LOTO | F15: On-the-Job | G15: Operations | H15: J. Mehta | I15: Internal | J15: 38 | K15: 41 | L15: =IFERROR(K15/J15*100,0) -> 0 | M15: 22 | N15: Completed | O15: Fail | P15: Yes | Q15: =IF(P15="Yes",C15+CertValidityDays,"") -> 0
... A51: 48 | B51: TRN-1017 | C51: 46368 | D51: Dec | E51: Slip Trip Fall | F51: On-the-Job | G51: Contractor | H51: R. Verma | I51: Internal | J51: 28 | K51: 18 | L51: =IFERROR(K51/J51*100,0) -> 0 | M51: 28 | N51: In Progress | O51: Pass | P51: Yes | Q51: =IF(P51="Yes",C51+CertValidityDays,"") -> 0
L52: =IFERROR(K52/J52*100,0) -> 0 | Q52: =IF(P52="Yes",C52+CertValidityDays,"") -> 0
L53: =IFERROR(K53/J53*100,0) -> 0 | Q53: =IF(P53="Yes",C53+CertValidityDays,"") -> 0
L54: =IFERROR(K54/J54*100,0) -> 0 | Q54: =IF(P54="Yes",C54+CertValidityDays,"") -> 0
L55: =IFERROR(K55/J55*100,0) -> 0 | Q55: =IF(P55="Yes",C55+CertValidityDays,"") -> 0
L56: =IFERROR(K56/J56*100,0) -> 0 | Q56: =IF(P56="Yes",C56+CertValidityDays,"") -> 0
L57: =IFERROR(K57/J57*100,0) -> 0 | Q57: =IF(P57="Yes",C57+CertValidityDays,"") -> 0
L58: =IFERROR(K58/J58*100,0) -> 0 | Q58: =IF(P58="Yes",C58+CertValidityDays,"") -> 0
L59: =IFERROR(K59/J59*100,0) -> 0 | Q59: =IF(P59="Yes",C59+CertValidityDays,"") -> 0
L60: =IFERROR(K60/J60*100,0) -> 0 | Q60: =IF(P60="Yes",C60+CertValidityDays,"") -> 0
L61: =IFERROR(K61/J61*100,0) -> 0 | Q61: =IF(P61="Yes",C61+CertValidityDays,"") -> 0
L62: =IFERROR(K62/J62*100,0) -> 0 | Q62: =IF(P62="Yes",C62+CertValidityDays,"") -> 0
L63: =IFERROR(K63/J63*100,0) -> 0 | Q63: =IF(P63="Yes",C63+CertValidityDays,"") -> 0
... L1003: =IFERROR(K1003/J1003*100,0) -> 0 | Q1003: =IF(P1003="Yes",C1003+CertValidityDays,"") -> 0

Sheet HSE Observations
A1: 👁️ HSE OBSERVATIONS — DATA ENTRY | Q1: Home
A2: Blue = user input · Gray = auto-calculated · use dropdowns where available
A3: S.No | B3: Obs No. | C3: Date | D3: Month | E3: Observation Type | F3: Description | G3: Department | H3: Location | I3: Observed By | J3: Responsible Person | K3: Category | L3: Risk Level | M3: Status | N3: Action Taken | O3: Due Date
A4: 1 | B4: OBS-1027 | C4: 46030 | D4: Jan | E4: Safe Act | F4: Chemical Safety | G4: Admin | H4: Office | I4: V. Rao | J4: M. Khan | K4: General | L4: Low | M4: Completed | N4: Verbal Warning | O4: 46065
A5: 2 | B5: OBS-1031 | C5: 46028 | D5: Jan | E5: Unsafe Condition | F5: Working at Heights | G5: Projects | H5: Plant A | I5: G. Das | J5: T. Bose | K5: BBS | L5: Low | M5: In Progress | N5: Retraining | O5: 46072
A6: 3 | B6: OBS-1036 | C6: 46048 | D6: Jan | E6: Safe Act | F6: Fire Safety | G6: Construction | H6: Warehouse | I6: L. Fernandes | J6: J. Mehta | K6: Process Safety | L6: Medium | M6: Completed | N6: Fine | O6: 46063
A7: 4 | B7: OBS-1046 | C7: 46044 | D7: Jan | E7: Unsafe Act | F7: Confined Space | G7: Engineering | H7: Loading Bay | I7: A. Sharma | J7: G. Das | K7: Process Safety | L7: Medium | M7: Pending | N7: Verbal Warning | O7: 46084
A8: 5 | B8: OBS-1004 | C8: 46066 | D8: Feb | E8: Unsafe Act | F8: Machine Guarding | G8: Admin | H8: Boiler House | I8: S. Iyer | J8: G. Das | K8: PPE | L8: Medium | M8: Completed | N8: Fine | O8: 46076
A9: 6 | B9: OBS-1009 | C9: 46064 | D9: Feb | E9: Unsafe Act | F9: Slip Trip Fall | G9: Maintenance | H9: Plant A | I9: G. Das | J9: R. Verma | K9: General | L9: High | M9: In Progress | N9: Suspension | O9: 46080
A10: 7 | B10: OBS-1017 | C10: 46066 | D10: Feb | E10: Safe Act | F10: LOTO | G10: Maintenance | H10: Plant A | I10: S. Iyer | J10: S. Iyer | K10: PPE | L10: Critical | M10: Completed | N10: Written Warning | O10: 46071
A11: 8 | B11: OBS-1019 | C11: 46072 | D11: Feb | E11: Near Miss | F11: Working at Heights | G11: Operations | H11: Workshop | I11: V. Rao | J11: J. Mehta | K11: Process Safety | L11: Medium | M11: Pending | N11: Suspension | O11: 46085
A12: 9 | B12: OBS-1042 | C12: 46063 | D12: Feb | E12: Safe Act | F12: PPE Usage | G12: Projects | H12: Plant B | I12: M. Khan | J12: H. Patel | K12: General | L12: High | M12: Pending | N12: Retraining | O12: 46070
A13: 10 | B13: OBS-1044 | C13: 46054 | D13: Feb | E13: Safe Act | F13: Confined Space | G13: Maintenance | H13: Loading Bay | I13: G. Das | J13: K. Reddy | K13: Process Safety | L13: Low | M13: Completed | N13: Suspension | O13: 46078
A14: 11 | B14: OBS-1005 | C14: 46090 | D14: Mar | E14: Unsafe Act | F14: LOTO | G14: Maintenance | H14: Admin Block | I14: L. Fernandes | J14: S. Iyer | K14: Housekeeping | L14: Medium | M14: Pending | N14: Retraining | O14: 46120
A15: 12 | B15: OBS-1006 | C15: 46098 | D15: Mar | E15: Safe Condition | F15: LOTO | G15: Engineering | H15: ETP Plant | I15: H. Patel | J15: S. Iyer | K15: BBS | L15: Medium | M15: Pending | N15: Written Warning | O15: 46122
... A51: 48 | B51: OBS-1040 | C51: 46365 | D51: Dec | E51: Safe Act | F51: Machine Guarding | G51: Logistics | H51: Plant B | I51: R. Verma | J51: P. Nair | K51: PPE | L51: Medium | M51: Pending | N51: Retraining | O51: 46372

Sheet Workplace Inspections
A1: 🔍 WORKPLACE INSPECTIONS — DATA ENTRY | Q1: Home
A2: Blue = user input · Gray = auto-calculated · use dropdowns where available
A3: S.No | B3: Ref No. | C3: Date | D3: Month | E3: Inspection Area/Item | F3: Department | G3: Location | H3: Inspector | I3: Checkpoints Inspected | J3: Non-Conformances | K3: Critical Findings | L3: Overall Rating | M3: Status | N3: Corrective Action | O3: Due Date
A4: 1 | B4: WPI-1010 | C4: 46028 | D4: Jan | E4: Field Site | F4: Projects | G4: Boiler House | H4: K. Reddy | I4: 23 | J4: 5 | K4: 8 | L4: Excellent | M4: Pending | N4: LOTO | O4: 46056
A5: 2 | B5: WPI-1007 | C5: 46070 | D5: Feb | E5: Plant B | F5: Quality | G5: Workshop | H5: D. Singh | I5: 31 | J5: 0 | K5: 6 | L5: Unsatisfactory | M5: In Progress | N5: Housekeeping | O5: 46089
A6: 3 | B6: WPI-1008 | C6: 46062 | D6: Feb | E6: ETP Plant | F6: Construction | G6: Admin Block | H6: G. Das | I6: 38 | J6: 4 | K6: 6 | L6: Excellent | M6: In Progress | N6: Emergency Procedures | O6: 46095
A7: 4 | B7: WPI-1023 | C7: 46063 | D7: Feb | E7: Workshop | F7: Construction | G7: Control Room | H7: N. Gupta | I7: 20 | J7: 8 | K7: 3 | L7: Unsatisfactory | M7: Completed | N7: Electrical Safety | O7: 46107
A8: 5 | B8: WPI-1025 | C8: 46058 | D8: Feb | E8: Loading Bay | F8: Logistics | G8: Warehouse | H8: A. Sharma | I8: 34 | J8: 2 | K8: 6 | L8: Satisfactory | M8: Pending | N8: Fire Safety | O8: 46087
A9: 6 | B9: WPI-1033 | C9: 46073 | D9: Feb | E9: Control Room | F9: Contractor | G9: Loading Bay | H9: G. Das | I9: 38 | J9: 3 | K9: 2 | L9: Unsatisfactory | M9: Pending | N9: Slip Trip Fall | O9: 46083
A10: 7 | B10: WPI-1044 | C10: 46066 | D10: Feb | E10: Office | F10: Contractor | G10: Tank Farm | H10: J. Mehta | I10: 34 | J10: 4 | K10: 7 | L10: Unsatisfactory | M10: In Progress | N10: Slip Trip Fall | O10: 46086
A11: 8 | B11: WPI-1016 | C11: 46101 | D11: Mar | E11: Workshop | F11: Operations | G11: Control Room | H11: T. Bose | I11: 36 | J11: 0 | K11: 5 | L11: Unsatisfactory | M11: Completed | N11: Machine Guarding | O11: 46137
A12: 9 | B12: WPI-1026 | C12: 46094 | D12: Mar | E12: Control Room | F12: Contractor | G12: Boiler House | H12: M. Khan | I12: 37 | J12: 0 | K12: 2 | L12: Needs Improvement | M12: Pending | N12: PPE Usage | O12: 46122
A13: 10 | B13: WPI-1027 | C13: 46099 | D13: Mar | E13: Control Room | F13: Quality | G13: Loading Bay | H13: N. Gupta | I13: 34 | J13: 6 | K13: 0 | L13: Satisfactory | M13: Completed | N13: Machine Guarding | O13: 46144
A14: 11 | B14: WPI-1030 | C14: 46094 | D14: Mar | E14: Field Site | F14: Logistics | G14: ETP Plant | H14: H. Patel | I14: 17 | J14: 8 | K14: 8 | L14: Good | M14: Completed | N14: Slip Trip Fall | O14: 46116
A15: 12 | B15: WPI-1039 | C15: 46097 | D15: Mar | E15: Workshop | F15: Safety | G15: Office | H15: D. Singh | I15: 50 | J15: 0 | K15: 4 | L15: Good | M15: Completed | N15: Electrical Safety | O15: 46108
... A51: 48 | B51: WPI-1037 | C51: 46362 | D51: Dec | E51: Tank Farm | F51: Logistics | G51: Control Room | H51: L. Fernandes | I51: 30 | J51: 7 | K51: 0 | L51: Needs Improvement | M51: Completed | N51: Slip Trip Fall | O51: 46367

Sheet Equipment Inspections
A1: 🛠️ EQUIPMENT INSPECTIONS — DATA ENTRY | Q1: Home
A2: Blue = user input · Gray = auto-calculated · use dropdowns where available
A3: S.No | B3: Ref No. | C3: Date | D3: Month | E3: Inspection Area/Item | F3: Department | G3: Location | H3: Inspector | I3: Checkpoints Inspected | J3: Non-Conformances | K3: Critical Findings | L3: Overall Rating | M3: Status | N3: Corrective Action | O3: Due Date
A4: 1 | B4: EQI-1009 | C4: 46024 | D4: Jan | E4: Tank Farm | F4: Safety | G4: Plant B | H4: H. Patel | I4: 50 | J4: 4 | K4: 8 | L4: Excellent | M4: In Progress | N4: Slip Trip Fall | O4: 46039
A5: 2 | B5: EQI-1013 | C5: 46031 | D5: Jan | E5: Admin Block | F5: Contractor | G5: ETP Plant | H5: T. Bose | I5: 21 | J5: 6 | K5: 2 | L5: Good | M5: Pending | N5: Emergency Procedures | O5: 46047
A6: 3 | B6: EQI-1016 | C6: 46043 | D6: Jan | E6: Workshop | F6: Safety | G6: Control Room | H6: R. Verma | I6: 43 | J6: 6 | K6: 0 | L6: Satisfactory | M6: Completed | N6: Manual Handling | O6: 46083
A7: 4 | B7: EQI-1021 | C7: 46042 | D7: Jan | E7: Plant A | F7: Construction | G7: Office | H7: K. Reddy | I7: 32 | J7: 7 | K7: 7 | L7: Excellent | M7: Completed | N7: Manual Handling | O7: 46078
A8: 5 | B8: EQI-1024 | C8: 46025 | D8: Jan | E8: Plant B | F8: Engineering | G8: Warehouse | H8: D. Singh | I8: 18 | J8: 6 | K8: 6 | L8: Needs Improvement | M8: Completed | N8: Machine Guarding | O8: 46030
A9: 6 | B9: EQI-1040 | C9: 46024 | D9: Jan | E9: Admin Block | F9: Construction | G9: Field Site | H9: J. Mehta | I9: 48 | J9: 4 | K9: 2 | L9: Excellent | M9: Pending | N9: Electrical Safety | O9: 46031
A10: 7 | B10: EQI-1044 | C10: 46026 | D10: Jan | E10: Warehouse | F10: Admin | G10: Tank Farm | H10: R. Verma | I10: 44 | J10: 2 | K10: 2 | L10: Satisfactory | M10: Overdue | N10: Machine Guarding | O10: 46068
A11: 8 | B11: EQI-1046 | C11: 46045 | D11: Jan | E11: Office | F11: Engineering | G11: Field Site | H11: L. Fernandes | I11: 32 | J11: 0 | K11: 8 | L11: Excellent | M11: In Progress | N11: Confined Space | O11: 46071
A12: 9 | B12: EQI-1017 | C12: 46079 | D12: Feb | E12: Warehouse | F12: Admin | G12: Plant B | H12: J. Mehta | I12: 49 | J12: 3 | K12: 5 | L12: Needs Improvement | M12: In Progress | N12: Fire Safety | O12: 46111
A13: 10 | B13: EQI-1023 | C13: 46066 | D13: Feb | E13: Boiler House | F13: Maintenance | G13: Boiler House | H13: R. Verma | I13: 31 | J13: 4 | K13: 3 | L13: Good | M13: Completed | N13: Hot Work | O13: 46072
A14: 11 | B14: EQI-1033 | C14: 46074 | D14: Feb | E14: Plant B | F14: Maintenance | G14: Plant B | H14: J. Mehta | I14: 47 | J14: 7 | K14: 2 | L14: Unsatisfactory | M14: In Progress | N14: Electrical Safety | O14: 46081
A15: 12 | B15: EQI-1034 | C15: 46076 | D15: Feb | E15: Office | F15: Logistics | G15: Tank Farm | H15: S. Iyer | I15: 21 | J15: 6 | K15: 1 | L15: Excellent | M15: Pending | N15: LOTO | O15: 46087
... A51: 48 | B51: EQI-1035 | C51: 46360 | D51: Dec | E51: Boiler House | F51: Quality | G51: Field Site | H51: P. Nair | I51: 37 | J51: 5 | K51: 8 | L51: Satisfactory | M51: In Progress | N51: Confined Space | O51: 46386

Sheet Safety Walkthroughs
A1: 🚶 SAFETY WALKTHROUGHS — DATA ENTRY | Q1: Home
A2: Blue = user input · Gray = auto-calculated · use dropdowns where available
A3: S.No | B3: Ref No. | C3: Date | D3: Month | E3: Inspection Area/Item | F3: Department | G3: Location | H3: Inspector | I3: Checkpoints Inspected | J3: Non-Conformances | K3: Critical Findings | L3: Overall Rating | M3: Status | N3: Corrective Action | O3: Due Date
A4: 1 | B4: SW-1020 | C4: 46037 | D4: Jan | E4: Workshop | F4: Maintenance | G4: Control Room | H4: M. Khan | I4: 34 | J4: 3 | K4: 6 | L4: Unsatisfactory | M4: Completed | N4: Housekeeping | O4: 46071
A5: 2 | B5: SW-1033 | C5: 46023 | D5: Jan | E5: Field Site | F5: Logistics | G5: Office | H5: K. Reddy | I5: 50 | J5: 6 | K5: 5 | L5: Unsatisfactory | M5: Completed | N5: LOTO | O5: 46053
A6: 3 | B6: SW-1036 | C6: 46031 | D6: Jan | E6: Loading Bay | F6: Operations | G6: Admin Block | H6: G. Das | I6: 22 | J6: 4 | K6: 8 | L6: Needs Improvement | M6: Overdue | N6: LOTO | O6: 46047
A7: 4 | B7: SW-1041 | C7: 46040 | D7: Jan | E7: ETP Plant | F7: Maintenance | G7: Loading Bay | H7: K. Reddy | I7: 15 | J7: 7 | K7: 3 | L7: Unsatisfactory | M7: Overdue | N7: Confined Space | O7: 46054
A8: 5 | B8: SW-1044 | C8: 46042 | D8: Jan | E8: Field Site | F8: Construction | G8: Admin Block | H8: S. Iyer | I8: 28 | J8: 0 | K8: 4 | L8: Excellent | M8: Pending | N8: Electrical Safety | O8: 46051
A9: 6 | B9: SW-1015 | C9: 46055 | D9: Feb | E9: Control Room | F9: Contractor | G9: Plant B | H9: D. Singh | I9: 19 | J9: 7 | K9: 0 | L9: Good | M9: Completed | N9: Machine Guarding | O9: 46082
A10: 7 | B10: SW-1023 | C10: 46073 | D10: Feb | E10: Plant B | F10: Admin | G10: Plant B | H10: A. Sharma | I10: 15 | J10: 5 | K10: 2 | L10: Satisfactory | M10: In Progress | N10: PPE Usage | O10: 46107
A11: 8 | B11: SW-1034 | C11: 46072 | D11: Feb | E11: Tank Farm | F11: Logistics | G11: Workshop | H11: H. Patel | I11: 31 | J11: 8 | K11: 1 | L11: Good | M11: Completed | N11: Slip Trip Fall | O11: 46097
A12: 9 | B12: SW-1043 | C12: 46072 | D12: Feb | E12: Admin Block | F12: Quality | G12: Office | H12: V. Rao | I12: 27 | J12: 1 | K12: 4 | L12: Unsatisfactory | M12: In Progress | N12: Slip Trip Fall | O12: 46099
A13: 10 | B13: SW-1016 | C13: 46084 | D13: Mar | E13: Warehouse | F13: Quality | G13: Plant B | H13: P. Nair | I13: 31 | J13: 6 | K13: 1 | L13: Good | M13: Completed | N13: Manual Handling | O13: 46128
A14: 11 | B14: SW-1029 | C14: 46103 | D14: Mar | E14: Field Site | F14: Operations | G14: Office | H14: V. Rao | I14: 46 | J14: 0 | K14: 1 | L14: Excellent | M14: Completed | N14: Fire Safety | O14: 46129
A15: 12 | B15: SW-1039 | C15: 46097 | D15: Mar | E15: Field Site | F15: Engineering | G15: Workshop | H15: G. Das | I15: 25 | J15: 8 | K15: 6 | L15: Unsatisfactory | M15: Completed | N15: PPE Usage | O15: 46117
... A51: 48 | B51: SW-1021 | C51: 46374 | D51: Dec | E51: Plant A | F51: Operations | G51: Office | H51: P. Nair | I51: 22 | J51: 7 | K51: 3 | L51: Satisfactory | M51: In Progress | N51: Electrical Safety | O51: 46411

Sheet Safety Meetings
A1: 👥 SAFETY MEETINGS — DATA ENTRY | R1: Home
A2: Blue = user input · Gray = auto-calculated · use dropdowns where available
A3: S.No | B3: Meeting ID | C3: Date | D3: Month | E3: Frequency | F3: Topic/Agenda | G3: Department | H3: Chaired By | I3: Invited | J3: Attended | K3: Attendance % | L3: Duration (min) | M3: Action Items Raised | N3: Actions Closed | O3: Close-out % | P3: MoM Circulated
A4: 1 | B4: SM-1001 | C4: 46046 | D4: Jan | E4: Weekly | F4: LOTO | G4: Projects | H4: G. Das | I4: 52 | J4: 19 | K4: =IFERROR(J4/I4*100,0) -> 0 | L4: 109 | M4: 2 | N4: 2 | O4: =IFERROR(N4/M4*100,0) -> 0 | P4: Yes
A5: 2 | B5: SM-1012 | C5: 46032 | D5: Jan | E5: Annual | F5: Hot Work | G5: Projects | H5: R. Verma | I5: 40 | J5: 45 | K5: =IFERROR(J5/I5*100,0) -> 0 | L5: 48 | M5: 0 | N5: 4 | O5: =IFERROR(N5/M5*100,0) -> 0 | P5: Yes
A6: 3 | B6: SM-1015 | C6: 46078 | D6: Feb | E6: Weekly | F6: LOTO | G6: Logistics | H6: H. Patel | I6: 37 | J6: 11 | K6: =IFERROR(J6/I6*100,0) -> 0 | L6: 36 | M6: 1 | N6: 3 | O6: =IFERROR(N6/M6*100,0) -> 0 | P6: Yes
A7: 4 | B7: SM-1016 | C7: 46056 | D7: Feb | E7: Quarterly | F7: Chemical Safety | G7: Maintenance | H7: P. Nair | I7: 49 | J7: 29 | K7: =IFERROR(J7/I7*100,0) -> 0 | L7: 111 | M7: 5 | N7: 7 | O7: =IFERROR(N7/M7*100,0) -> 0 | P7: Yes
A8: 5 | B8: SM-1028 | C8: 46080 | D8: Feb | E8: Monthly | F8: Machine Guarding | G8: Admin | H8: K. Reddy | I8: 41 | J8: 51 | K8: =IFERROR(J8/I8*100,0) -> 0 | L8: 99 | M8: 2 | N8: 0 | O8: =IFERROR(N8/M8*100,0) -> 0 | P8: No
A9: 6 | B9: SM-1029 | C9: 46054 | D9: Feb | E9: Monthly | F9: Housekeeping | G9: Maintenance | H9: S. Iyer | I9: 41 | J9: 10 | K9: =IFERROR(J9/I9*100,0) -> 0 | L9: 40 | M9: 0 | N9: 4 | O9: =IFERROR(N9/M9*100,0) -> 0 | P9: No
A10: 7 | B10: SM-1030 | C10: 46077 | D10: Feb | E10: Annual | F10: Housekeeping | G10: Projects | H10: N. Gupta | I10: 29 | J10: 15 | K10: =IFERROR(J10/I10*100,0) -> 0 | L10: 55 | M10: 5 | N10: 3 | O10: =IFERROR(N10/M10*100,0) -> 0 | P10: No
A11: 8 | B11: SM-1037 | C11: 46071 | D11: Feb | E11: Annual | F11: Hot Work | G11: Safety | H11: J. Mehta | I11: 51 | J11: 53 | K11: =IFERROR(J11/I11*100,0) -> 0 | L11: 95 | M11: 8 | N11: 4 | O11: =IFERROR(N11/M11*100,0) -> 0 | P11: Yes
A12: 9 | B12: SM-1002 | C12: 46104 | D12: Mar | E12: Quarterly | F12: Housekeeping | G12: Safety | H12: K. Reddy | I12: 10 | J12: 30 | K12: =IFERROR(J12/I12*100,0) -> 0 | L12: 48 | M12: 3 | N12: 4 | O12: =IFERROR(N12/M12*100,0) -> 0 | P12: No
A13: 10 | B13: SM-1003 | C13: 46092 | D13: Mar | E13: Weekly | F13: Hot Work | G13: Construction | H13: S. Iyer | I13: 10 | J13: 17 | K13: =IFERROR(J13/I13*100,0) -> 0 | L13: 104 | M13: 4 | N13: 1 | O13: =IFERROR(N13/M13*100,0) -> 0 | P13: Yes
A14: 11 | B14: SM-1007 | C14: 46109 | D14: Mar | E14: Quarterly | F14: Confined Space | G14: Projects | H14: V. Rao | I14: 13 | J14: 39 | K14: =IFERROR(J14/I14*100,0) -> 0 | L14: 116 | M14: 3 | N14: 0 | O14: =IFERROR(N14/M14*100,0) -> 0 | P14: No
A15: 12 | B15: SM-1020 | C15: 46108 | D15: Mar | E15: Monthly | F15: LOTO | G15: Construction | H15: K. Reddy | I15: 13 | J15: 14 | K15: =IFERROR(J15/I15*100,0) -> 0 | L15: 109 | M15: 7 | N15: 8 | O15: =IFERROR(N15/M15*100,0) -> 0 | P15: Yes
... A51: 48 | B51: SM-1045 | C51: 46358 | D51: Dec | E51: Monthly | F51: Confined Space | G51: Operations | H51: N. Gupta | I51: 40 | J51: 45 | K51: =IFERROR(J51/I51*100,0) -> 0 | L51: 25 | M51: 5 | N51: 4 | O51: =IFERROR(N51/M51*100,0) -> 0 | P51: No
K52: =IFERROR(J52/I52*100,0) -> 0 | O52: =IFERROR(N52/M52*100,0) -> 0
K53: =IFERROR(J53/I53*100,0) -> 0 | O53: =IFERROR(N53/M53*100,0) -> 0
K54: =IFERROR(J54/I54*100,0) -> 0 | O54: =IFERROR(N54/M54*100,0) -> 0
K55: =IFERROR(J55/I55*100,0) -> 0 | O55: =IFERROR(N55/M55*100,0) -> 0
K56: =IFERROR(J56/I56*100,0) -> 0 | O56: =IFERROR(N56/M56*100,0) -> 0
K57: =IFERROR(J57/I57*100,0) -> 0 | O57: =IFERROR(N57/M57*100,0) -> 0
K58: =IFERROR(J58/I58*100,0) -> 0 | O58: =IFERROR(N58/M58*100,0) -> 0
K59: =IFERROR(J59/I59*100,0) -> 0 | O59: =IFERROR(N59/M59*100,0) -> 0
K60: =IFERROR(J60/I60*100,0) -> 0 | O60: =IFERROR(N60/M60*100,0) -> 0
K61: =IFERROR(J61/I61*100,0) -> 0 | O61: =IFERROR(N61/M61*100,0) -> 0
K62: =IFERROR(J62/I62*100,0) -> 0 | O62: =IFERROR(N62/M62*100,0) -> 0
K63: =IFERROR(J63/I63*100,0) -> 0 | O63: =IFERROR(N63/M63*100,0) -> 0
... K1003: =IFERROR(J1003/I1003*100,0) -> 0 | O1003: =IFERROR(N1003/M1003*100,0) -> 0

Sheet Safety Bulletins
A1: 📢 SAFETY BULLETINS — DATA ENTRY | P1: Home
A2: Blue = user input · Gray = auto-calculated · use dropdowns where available
A3: S.No | B3: Bulletin No. | C3: Date Issued | D3: Month | E3: Type | F3: Subject/Title | G3: Target Audience | H3: Issued By | I3: Distribution Method | J3: Priority | K3: Status | L3: Target Reach | M3: Actual Reach | N3: Reach %
A4: 1 | B4: SB-1002 | C4: 46036 | D4: Jan | E4: Lesson Learned | F4: Manual Handling | G4: Loading Bay | H4: A. Sharma | I4: Notice Board | J4: Low | K4: Closed | L4: 44 | M4: 26 | N4: =IFERROR(M4/L4*100,0) -> 0
A5: 2 | B5: SB-1005 | C5: 46029 | D5: Jan | E5: Best Practice | F5: LOTO | G5: Loading Bay | H5: L. Fernandes | I5: App Notification | J5: Low | K5: Closed | L5: 60 | M5: 24 | N5: =IFERROR(M5/L5*100,0) -> 0
A6: 3 | B6: SB-1017 | C6: 46047 | D6: Jan | E6: Lesson Learned | F6: Chemical Safety | G6: Field Site | H6: M. Khan | I6: Notice Board | J6: Medium | K6: Closed | L6: 16 | M6: 33 | N6: =IFERROR(M6/L6*100,0) -> 0
A7: 4 | B7: SB-1028 | C7: 46025 | D7: Jan | E7: Toolbox Topic | F7: Manual Handling | G7: ETP Plant | H7: T. Bose | I7: All Channels | J7: Critical | K7: Acknowledged | L7: 17 | M7: 46 | N7: =IFERROR(M7/L7*100,0) -> 0
A8: 5 | B8: SB-1023 | C8: 46058 | D8: Feb | E8: Toolbox Topic | F8: LOTO | G8: ETP Plant | H8: A. Sharma | I8: Notice Board | J8: High | K8: Closed | L8: 41 | M8: 41 | N8: =IFERROR(M8/L8*100,0) -> 0
A9: 6 | B9: SB-1026 | C9: 46058 | D9: Feb | E9: Safety Alert | F9: Working at Heights | G9: ETP Plant | H9: N. Gupta | I9: Notice Board | J9: High | K9: Issued | L9: 30 | M9: 16 | N9: =IFERROR(M9/L9*100,0) -> 0
A10: 7 | B10: SB-1029 | C10: 46074 | D10: Feb | E10: Advisory | F10: Working at Heights | G10: Tank Farm | H10: N. Gupta | I10: Notice Board | J10: Critical | K10: Acknowledged | L10: 25 | M10: 16 | N10: =IFERROR(M10/L10*100,0) -> 0
A11: 8 | B11: SB-1030 | C11: 46060 | D11: Feb | E11: Toolbox Topic | F11: Machine Guarding | G11: Tank Farm | H11: R. Verma | I11: All Channels | J11: Low | K11: Closed | L11: 56 | M11: 55 | N11: =IFERROR(M11/L11*100,0) -> 0
A12: 9 | B12: SB-1032 | C12: 46080 | D12: Feb | E12: Advisory | F12: Heat Stress | G12: Warehouse | H12: A. Sharma | I12: Notice Board | J12: Critical | K12: Issued | L12: 25 | M12: 18 | N12: =IFERROR(M12/L12*100,0) -> 0
A13: 10 | B13: SB-1009 | C13: 46096 | D13: Mar | E13: Advisory | F13: Working at Heights | G13: Control Room | H13: K. Reddy | I13: App Notification | J13: Critical | K13: Closed | L13: 38 | M13: 23 | N13: =IFERROR(M13/L13*100,0) -> 0
A14: 11 | B14: SB-1014 | C14: 46092 | D14: Mar | E14: Bulletin | F14: LOTO | G14: Admin Block | H14: H. Patel | I14: All Channels | J14: Medium | K14: Closed | L14: 44 | M14: 23 | N14: =IFERROR(M14/L14*100,0) -> 0
A15: 12 | B15: SB-1016 | C15: 46099 | D15: Mar | E15: Advisory | F15: LOTO | G15: Tank Farm | H15: S. Iyer | I15: App Notification | J15: Medium | K15: Issued | L15: 41 | M15: 53 | N15: =IFERROR(M15/L15*100,0) -> 0
... A51: 48 | B51: SB-1015 | C51: 46371 | D51: Dec | E51: Advisory | F51: Slip Trip Fall | G51: Workshop | H51: N. Gupta | I51: All Channels | J51: Medium | K51: Acknowledged | L51: 57 | M51: 44 | N51: =IFERROR(M51/L51*100,0) -> 0
N52: =IFERROR(M52/L52*100,0) -> 0
N53: =IFERROR(M53/L53*100,0) -> 0
N54: =IFERROR(M54/L54*100,0) -> 0
N55: =IFERROR(M55/L55*100,0) -> 0
N56: =IFERROR(M56/L56*100,0) -> 0
N57: =IFERROR(M57/L57*100,0) -> 0
N58: =IFERROR(M58/L58*100,0) -> 0
N59: =IFERROR(M59/L59*100,0) -> 0
N60: =IFERROR(M60/L60*100,0) -> 0
N61: =IFERROR(M61/L61*100,0) -> 0
N62: =IFERROR(M62/L62*100,0) -> 0
N63: =IFERROR(M63/L63*100,0) -> 0
... N1003: =IFERROR(M1003/L1003*100,0) -> 0

Sheet Emergency Drills
A1: 🚨 EMERGENCY DRILLS — DATA ENTRY | Q1: Home
A2: Blue = user input · Gray = auto-calculated · use dropdowns where available
A3: S.No | B3: Drill ID | C3: Date | D3: Month | E3: Drill Type | F3: Location | G3: Drill Leader | H3: Target Participants | I3: Actual Participants | J3: Participation % | K3: Target Response (min) | L3: Actual Response (min) | M3: Overall Rating | N3: Improvement Areas | O3: Status
A4: 1 | B4: ED-1007 | C4: 46035 | D4: Jan | E4: Fire Evacuation | F4: Control Room | G4: M. Khan | H4: 26 | I4: 31 | J4: =IFERROR(I4/H4*100,0) -> 0 | K4: 27 | L4: 8 | M4: Needs Improvement | N4: Plant B | O4: Action Pending
A5: 2 | B5: ED-1030 | C5: 46049 | D5: Jan | E5: Medical Emergency | F5: Office | G5: D. Singh | H5: 26 | I5: 29 | J5: =IFERROR(I5/H5*100,0) -> 0 | K5: 20 | L5: 18 | M5: Satisfactory | N5: ETP Plant | O5: Completed
A6: 3 | B6: ED-1041 | C6: 46045 | D6: Jan | E6: Fire Evacuation | F6: Warehouse | G6: K. Reddy | H6: 44 | I6: 25 | J6: =IFERROR(I6/H6*100,0) -> 0 | K6: 9 | L6: 17 | M6: Unsatisfactory | N6: Control Room | O6: Completed
A7: 4 | B7: ED-1002 | C7: 46068 | D7: Feb | E7: Gas Leak | F7: Tank Farm | G7: D. Singh | H7: 33 | I7: 21 | J7: =IFERROR(I7/H7*100,0) -> 0 | K7: 25 | L7: 24 | M7: Satisfactory | N7: ETP Plant | O7: Completed
A8: 5 | B8: ED-1003 | C8: 46069 | D8: Feb | E8: Medical Emergency | F8: Loading Bay | G8: R. Verma | H8: 15 | I8: 59 | J8: =IFERROR(I8/H8*100,0) -> 0 | K8: 10 | L8: 15 | M8: Needs Improvement | N8: Office | O8: Action Pending
A9: 6 | B9: ED-1008 | C9: 46074 | D9: Feb | E9: Chemical Spill | F9: Control Room | G9: L. Fernandes | H9: 38 | I9: 25 | J9: =IFERROR(I9/H9*100,0) -> 0 | K9: 26 | L9: 12 | M9: Excellent | N9: Tank Farm | O9: Action Pending
A10: 7 | B10: ED-1025 | C10: 46093 | D10: Mar | E10: Gas Leak | F10: Admin Block | G10: A. Sharma | H10: 26 | I10: 58 | J10: =IFERROR(I10/H10*100,0) -> 0 | K10: 1 | L10: 4 | M10: Needs Improvement | N10: Admin Block | O10: Action Pending
A11: 8 | B11: ED-1028 | C11: 46098 | D11: Mar | E11: Chemical Spill | F11: Office | G11: L. Fernandes | H11: 53 | I11: 35 | J11: =IFERROR(I11/H11*100,0) -> 0 | K11: 22 | L11: 19 | M11: Needs Improvement | N11: Control Room | O11: Completed
A12: 9 | B12: ED-1045 | C12: 46107 | D12: Mar | E12: Medical Emergency | F12: Field Site | G12: H. Patel | H12: 42 | I12: 36 | J12: =IFERROR(I12/H12*100,0) -> 0 | K12: 18 | L12: 4 | M12: Satisfactory | N12: Warehouse | O12: Completed
A13: 10 | B13: ED-1010 | C13: 46117 | D13: Apr | E13: Fire Evacuation | F13: ETP Plant | G13: H. Patel | H13: 34 | I13: 58 | J13: =IFERROR(I13/H13*100,0) -> 0 | K13: 15 | L13: 1 | M13: Needs Improvement | N13: Admin Block | O13: Completed
A14: 11 | B14: ED-1013 | C14: 46136 | D14: Apr | E14: Earthquake | F14: ETP Plant | G14: N. Gupta | H14: 42 | I14: 57 | J14: =IFERROR(I14/H14*100,0) -> 0 | K14: 14 | L14: 30 | M14: Needs Improvement | N14: Tank Farm | O14: Completed
A15: 12 | B15: ED-1019 | C15: 46132 | D15: Apr | E15: Earthquake | F15: Plant A | G15: J. Mehta | H15: 11 | I15: 44 | J15: =IFERROR(I15/H15*100,0) -> 0 | K15: 29 | L15: 0 | M15: Satisfactory | N15: Admin Block | O15: Completed
... A51: 48 | B51: ED-1043 | C51: 46384 | D51: Dec | E51: Earthquake | F51: Warehouse | G51: G. Das | H51: 17 | I51: 14 | J51: =IFERROR(I51/H51*100,0) -> 0 | K51: 18 | L51: 15 | M51: Satisfactory | N51: ETP Plant | O51: Action Pending
J52: =IFERROR(I52/H52*100,0) -> 0
J53: =IFERROR(I53/H53*100,0) -> 0
J54: =IFERROR(I54/H54*100,0) -> 0
J55: =IFERROR(I55/H55*100,0) -> 0
J56: =IFERROR(I56/H56*100,0) -> 0
J57: =IFERROR(I57/H57*100,0) -> 0
J58: =IFERROR(I58/H58*100,0) -> 0
J59: =IFERROR(I59/H59*100,0) -> 0
J60: =IFERROR(I60/H60*100,0) -> 0
J61: =IFERROR(I61/H61*100,0) -> 0
J62: =IFERROR(I62/H62*100,0) -> 0
J63: =IFERROR(I63/H63*100,0) -> 0
... J1003: =IFERROR(I1003/H1003*100,0) -> 0

Sheet Internal Audits
A1: 📋 INTERNAL AUDITS — DATA ENTRY | R1: Home
A2: Blue = user input · Gray = auto-calculated · use dropdowns where available
A3: S.No | B3: Audit No. | C3: Date | D3: Month | E3: Audit Scope | F3: Audit Type | G3: Department | H3: Location | I3: Lead Auditor | J3: Approved By | K3: Checklist Items | L3: Minor NC | M3: Major NC | N3: Observations | O3: Recommendations | P3: Status
A4: 1 | B4: IA-1006 | C4: 46031 | D4: Jan | E4: Fire Safety | F4: Customer Audit | G4: Engineering | H4: Plant A | I4: K. Reddy | J4: G. Das | K4: Working at Heights | L4: 7 | M4: 1 | N4: 7 | O4: 4 | P4: Scheduled
A5: 2 | B5: IA-1008 | C5: 46042 | D5: Jan | E5: Manual Handling | F5: Regulatory Inspection | G5: Admin | H5: Loading Bay | I5: G. Das | J5: A. Sharma | K5: Emergency Procedures | L5: 2 | M5: 1 | N5: 6 | O5: 5 | P5: Completed
A6: 3 | B6: IA-1014 | C6: 46026 | D6: Jan | E6: Machine Guarding | F6: System Audit | G6: Maintenance | H6: Admin Block | I6: A. Sharma | J6: L. Fernandes | K6: Housekeeping | L6: 3 | M6: 1 | N6: 7 | O6: 3 | P6: Completed
A7: 4 | B7: IA-1022 | C7: 46037 | D7: Jan | E7: Electrical Safety | F7: Process Audit | G7: Operations | H7: Boiler House | I7: R. Verma | J7: H. Patel | K7: Emergency Procedures | L7: 4 | M7: 8 | N7: 0 | O7: 8 | P7: Completed
A8: 5 | B8: IA-1031 | C8: 46047 | D8: Jan | E8: Hot Work | F8: Process Audit | G8: Projects | H8: Field Site | I8: G. Das | J8: A. Sharma | K8: Electrical Safety | L8: 8 | M8: 5 | N8: 0 | O8: 1 | P8: Completed
A9: 6 | B9: IA-1002 | C9: 46056 | D9: Feb | E9: LOTO | F9: Process Audit | G9: Quality | H9: ETP Plant | I9: G. Das | J9: V. Rao | K9: Manual Handling | L9: 5 | M9: 4 | N9: 0 | O9: 5 | P9: Completed
A10: 7 | B10: IA-1020 | C10: 46075 | D10: Feb | E10: PPE Usage | F10: Customer Audit | G10: Construction | H10: Office | I10: M. Khan | J10: J. Mehta | K10: Working at Heights | L10: 7 | M10: 7 | N10: 0 | O10: 0 | P10: In Progress
A11: 8 | B11: IA-1021 | C11: 46068 | D11: Feb | E11: Confined Space | F11: Surveillance | G11: Engineering | H11: Plant B | I11: T. Bose | J11: V. Rao | K11: Fire Safety | L11: 7 | M11: 5 | N11: 5 | O11: 8 | P11: Scheduled
A12: 9 | B12: IA-1025 | C12: 46080 | D12: Feb | E12: Machine Guarding | F12: Process Audit | G12: Operations | H12: ETP Plant | I12: T. Bose | J12: N. Gupta | K12: Slip Trip Fall | L12: 0 | M12: 4 | N12: 3 | O12: 3 | P12: In Progress
A13: 10 | B13: IA-1012 | C13: 46087 | D13: Mar | E13: PPE Usage | F13: Process Audit | G13: Maintenance | H13: Admin Block | I13: D. Singh | J13: D. Singh | K13: Confined Space | L13: 7 | M13: 8 | N13: 0 | O13: 5 | P13: Completed
A14: 11 | B14: IA-1023 | C14: 46086 | D14: Mar | E14: Working at Heights | F14: Regulatory Inspection | G14: Logistics | H14: Admin Block | I14: J. Mehta | J14: G. Das | K14: Chemical Safety | L14: 3 | M14: 6 | N14: 5 | O14: 4 | P14: Completed
A15: 12 | B15: IA-1030 | C15: 46087 | D15: Mar | E15: Manual Handling | F15: Surveillance | G15: Maintenance | H15: Tank Farm | I15: L. Fernandes | J15: J. Mehta | K15: Chemical Safety | L15: 1 | M15: 1 | N15: 8 | O15: 5 | P15: Scheduled
... A51: 48 | B51: IA-1037 | C51: 46361 | D51: Dec | E51: Hot Work | F51: Compliance Audit | G51: Logistics | H51: Loading Bay | I51: D. Singh | J51: N. Gupta | K51: Chemical Safety | L51: 7 | M51: 7 | N51: 3 | O51: 3 | P51: In Progress

Sheet External Audits
A1: 🏛️ EXTERNAL AUDITS — DATA ENTRY | R1: Home
A2: Blue = user input · Gray = auto-calculated · use dropdowns where available
A3: S.No | B3: Audit No. | C3: Date | D3: Month | E3: Audit Scope | F3: Audit Type | G3: Department | H3: Location | I3: Lead Auditor | J3: Approved By | K3: Checklist Items | L3: Minor NC | M3: Major NC | N3: Observations | O3: Recommendations | P3: Status
A4: 1 | B4: EA-1002 | C4: 46037 | D4: Jan | E4: Heat Stress | F4: Process Audit | G4: Operations | H4: Office | I4: L. Fernandes | J4: S. Iyer | K4: PPE Usage | L4: 6 | M4: 8 | N4: 3 | O4: 8 | P4: Completed
A5: 2 | B5: EA-1010 | C5: 46050 | D5: Jan | E5: Fire Safety | F5: Compliance Audit | G5: Quality | H5: Warehouse | I5: A. Sharma | J5: T. Bose | K5: Housekeeping | L5: 4 | M5: 1 | N5: 7 | O5: 3 | P5: In Progress
A6: 3 | B6: EA-1022 | C6: 46039 | D6: Jan | E6: LOTO | F6: Process Audit | G6: Admin | H6: Tank Farm | I6: A. Sharma | J6: R. Verma | K6: Confined Space | L6: 7 | M6: 3 | N6: 1 | O6: 6 | P6: Completed
A7: 4 | B7: EA-1030 | C7: 46044 | D7: Jan | E7: Housekeeping | F7: Compliance Audit | G7: Operations | H7: Plant A | I7: K. Reddy | J7: K. Reddy | K7: Manual Handling | L7: 4 | M7: 8 | N7: 5 | O7: 3 | P7: In Progress
A8: 5 | B8: EA-1041 | C8: 46048 | D8: Jan | E8: Fire Safety | F8: Surveillance | G8: Quality | H8: Workshop | I8: L. Fernandes | J8: D. Singh | K8: Confined Space | L8: 2 | M8: 2 | N8: 6 | O8: 3 | P8: In Progress
A9: 6 | B9: EA-1021 | C9: 46078 | D9: Feb | E9: Housekeeping | F9: Surveillance | G9: Logistics | H9: Warehouse | I9: P. Nair | J9: D. Singh | K9: Slip Trip Fall | L9: 6 | M9: 3 | N9: 3 | O9: 0 | P9: Completed
A10: 7 | B10: EA-1024 | C10: 46060 | D10: Feb | E10: Hot Work | F10: Compliance Audit | G10: Logistics | H10: Boiler House | I10: V. Rao | J10: S. Iyer | K10: Housekeeping | L10: 1 | M10: 8 | N10: 0 | O10: 6 | P10: Completed
A11: 8 | B11: EA-1026 | C11: 46069 | D11: Feb | E11: Emergency Procedures | F11: Process Audit | G11: Quality | H11: Tank Farm | I11: S. Iyer | J11: G. Das | K11: LOTO | L11: 3 | M11: 1 | N11: 5 | O11: 7 | P11: Completed
A12: 9 | B12: EA-1013 | C12: 46100 | D12: Mar | E12: Hot Work | F12: Customer Audit | G12: Quality | H12: Office | I12: J. Mehta | J12: J. Mehta | K12: Manual Handling | L12: 6 | M12: 4 | N12: 6 | O12: 0 | P12: Completed
A13: 10 | B13: EA-1019 | C13: 46082 | D13: Mar | E13: Hot Work | F13: Regulatory Inspection | G13: Safety | H13: Control Room | I13: M. Khan | J13: L. Fernandes | K13: Housekeeping | L13: 2 | M13: 0 | N13: 8 | O13: 3 | P13: Completed
A14: 11 | B14: EA-1028 | C14: 46089 | D14: Mar | E14: Fire Safety | F14: Customer Audit | G14: Maintenance | H14: Admin Block | I14: T. Bose | J14: G. Das | K14: Emergency Procedures | L14: 4 | M14: 2 | N14: 4 | O14: 2 | P14: Completed
A15: 12 | B15: EA-1040 | C15: 46084 | D15: Mar | E15: Emergency Procedures | F15: Customer Audit | G15: Construction | H15: Workshop | I15: M. Khan | J15: G. Das | K15: Confined Space | L15: 2 | M15: 2 | N15: 2 | O15: 0 | P15: Completed
... A51: 48 | B51: EA-1031 | C51: 46378 | D51: Dec | E51: LOTO | F51: Surveillance | G51: Safety | H51: Workshop | I51: G. Das | J51: P. Nair | K51: Confined Space | L51: 3 | M51: 8 | N51: 8 | O51: 7 | P51: Completed

Sheet Management Visits
A1: 🤝 MANAGEMENT VISITS — DATA ENTRY | P1: Home
A2: Blue = user input · Gray = auto-calculated · use dropdowns where available
A3: S.No | B3: Visit ID | C3: Date | D3: Month | E3: Visit Type | F3: Department | G3: Location | H3: Visited By | I3: Duration (min) | J3: Observations Made | K3: Actions Raised | L3: Actions Closed | M3: Close-out % | N3: Status
A4: 1 | B4: MV-1001 | C4: 46031 | D4: Jan | E4: Safety Observation | F4: Projects | G4: Plant B | H4: P. Nair | I4: 99 | J4: 4 | K4: 3 | L4: 2 | M4: =IFERROR(L4/K4*100,0) -> 0 | N4: Completed
A5: 2 | B5: MV-1026 | C5: 46046 | D5: Jan | E5: Safety Observation | F5: Safety | G5: Workshop | H5: H. Patel | I5: 24 | J5: 2 | K5: 5 | L5: 7 | M5: =IFERROR(L5/K5*100,0) -> 0 | N5: Completed
A6: 3 | B6: MV-1037 | C6: 46023 | D6: Jan | E6: Site Walk | F6: Logistics | G6: Boiler House | H6: S. Iyer | I6: 19 | J6: 5 | K6: 5 | L6: 1 | M6: =IFERROR(L6/K6*100,0) -> 0 | N6: Completed
A7: 4 | B7: MV-1043 | C7: 46038 | D7: Jan | E7: Project Visit | F7: Quality | G7: ETP Plant | H7: H. Patel | I7: 120 | J7: 7 | K7: 7 | L7: 8 | M7: =IFERROR(L7/K7*100,0) -> 0 | N7: Completed
A8: 5 | B8: MV-1007 | C8: 46060 | D8: Feb | E8: Safety Observation | F8: Quality | G8: Loading Bay | H8: D. Singh | I8: 114 | J8: 0 | K8: 2 | L8: 6 | M8: =IFERROR(L8/K8*100,0) -> 0 | N8: Action Pending
A9: 6 | B9: MV-1010 | C9: 46081 | D9: Feb | E9: Plant Visit | F9: Maintenance | G9: Workshop | H9: K. Reddy | I9: 66 | J9: 4 | K9: 3 | L9: 2 | M9: =IFERROR(L9/K9*100,0) -> 0 | N9: Action Pending
A10: 7 | B10: MV-1012 | C10: 46072 | D10: Feb | E10: Plant Visit | F10: Contractor | G10: ETP Plant | H10: A. Sharma | I10: 68 | J10: 0 | K10: 7 | L10: 1 | M10: =IFERROR(L10/K10*100,0) -> 0 | N10: Completed
A11: 8 | B11: MV-1020 | C11: 46062 | D11: Feb | E11: Safety Observation | F11: Maintenance | G11: Boiler House | H11: R. Verma | I11: 28 | J11: 4 | K11: 6 | L11: 2 | M11: =IFERROR(L11/K11*100,0) -> 0 | N11: Completed
A12: 9 | B12: MV-1023 | C12: 46058 | D12: Feb | E12: Safety Observation | F12: Contractor | G12: Loading Bay | H12: V. Rao | I12: 57 | J12: 0 | K12: 3 | L12: 4 | M12: =IFERROR(L12/K12*100,0) -> 0 | N12: Completed
A13: 10 | B13: MV-1024 | C13: 46061 | D13: Feb | E13: Project Visit | F13: Safety | G13: Office | H13: M. Khan | I13: 102 | J13: 6 | K13: 6 | L13: 8 | M13: =IFERROR(L13/K13*100,0) -> 0 | N13: Completed
A14: 11 | B14: MV-1047 | C14: 46065 | D14: Feb | E14: Safety Observation | F14: Engineering | G14: Plant B | H14: P. Nair | I14: 69 | J14: 8 | K14: 0 | L14: 4 | M14: =IFERROR(L14/K14*100,0) -> 0 | N14: Completed
A15: 12 | B15: MV-1005 | C15: 46106 | D15: Mar | E15: Safety Observation | F15: Operations | G15: Office | H15: S. Iyer | I15: 73 | J15: 1 | K15: 2 | L15: 4 | M15: =IFERROR(L15/K15*100,0) -> 0 | N15: Completed
... A51: 48 | B51: MV-1042 | C51: 46346 | D51: Nov | E51: Project Visit | F51: Admin | G51: Plant B | H51: H. Patel | I51: 21 | J51: 5 | K51: 4 | L51: 6 | M51: =IFERROR(L51/K51*100,0) -> 0 | N51: Completed
M52: =IFERROR(L52/K52*100,0) -> 0
M53: =IFERROR(L53/K53*100,0) -> 0
M54: =IFERROR(L54/K54*100,0) -> 0
M55: =IFERROR(L55/K55*100,0) -> 0
M56: =IFERROR(L56/K56*100,0) -> 0
M57: =IFERROR(L57/K57*100,0) -> 0
M58: =IFERROR(L58/K58*100,0) -> 0
M59: =IFERROR(L59/K59*100,0) -> 0
M60: =IFERROR(L60/K60*100,0) -> 0
M61: =IFERROR(L61/K61*100,0) -> 0
M62: =IFERROR(L62/K62*100,0) -> 0
M63: =IFERROR(L63/K63*100,0) -> 0
... M1003: =IFERROR(L1003/K1003*100,0) -> 0

Sheet Management Reviews
A1: 🧭 MANAGEMENT REVIEWS — DATA ENTRY | Q1: Home
A2: Blue = user input · Gray = auto-calculated · use dropdowns where available
A3: S.No | B3: Review ID | C3: Date | D3: Month | E3: Review Topic | F3: Chaired By | G3: Members Invited | H3: Members Attended | I3: Attendance % | J3: Duration (min) | K3: Decisions Made | L3: Actions Assigned | M3: Close-out % | N3: MoM Distributed | O3: Status
A4: 1 | B4: MR-1045 | C4: 46029 | D4: Jan | E4: LOTO | F4: M. Khan | G4: 33 | H4: 53 | I4: =IFERROR(H4/G4*100,0) -> 0 | J4: 37 | K4: 1 | L4: P. Nair | N4: No | O4: Completed
A5: 2 | B5: MR-1009 | C5: 46059 | D5: Feb | E5: Confined Space | F5: J. Mehta | G5: 48 | H5: 56 | I5: =IFERROR(H5/G5*100,0) -> 0 | J5: 99 | K5: 7 | L5: T. Bose | N5: Yes | O5: In Progress
A6: 3 | B6: MR-1023 | C6: 46070 | D6: Feb | E6: Confined Space | F6: A. Sharma | G6: 20 | H6: 27 | I6: =IFERROR(H6/G6*100,0) -> 0 | J6: 76 | K6: 2 | L6: L. Fernandes | N6: Yes | O6: Scheduled
A7: 4 | B7: MR-1025 | C7: 46069 | D7: Feb | E7: Working at Heights | F7: D. Singh | G7: 57 | H7: 10 | I7: =IFERROR(H7/G7*100,0) -> 0 | J7: 48 | K7: 6 | L7: M. Khan | N7: Yes | O7: Completed
A8: 5 | B8: MR-1041 | C8: 46066 | D8: Feb | E8: Electrical Safety | F8: P. Nair | G8: 49 | H8: 39 | I8: =IFERROR(H8/G8*100,0) -> 0 | J8: 71 | K8: 5 | L8: M. Khan | N8: Yes | O8: Completed
A9: 6 | B9: MR-1002 | C9: 46090 | D9: Mar | E9: Fire Safety | F9: G. Das | G9: 46 | H9: 15 | I9: =IFERROR(H9/G9*100,0) -> 0 | J9: 119 | K9: 3 | L9: A. Sharma | N9: No | O9: In Progress
A10: 7 | B10: MR-1004 | C10: 46101 | D10: Mar | E10: Hot Work | F10: L. Fernandes | G10: 48 | H10: 33 | I10: =IFERROR(H10/G10*100,0) -> 0 | J10: 96 | K10: 5 | L10: T. Bose | N10: Yes | O10: In Progress
A11: 8 | B11: MR-1005 | C11: 46084 | D11: Mar | E11: Manual Handling | F11: K. Reddy | G11: 26 | H11: 28 | I11: =IFERROR(H11/G11*100,0) -> 0 | J11: 43 | K11: 3 | L11: P. Nair | N11: Yes | O11: Scheduled
A12: 9 | B12: MR-1012 | C12: 46082 | D12: Mar | E12: Fire Safety | F12: T. Bose | G12: 26 | H12: 46 | I12: =IFERROR(H12/G12*100,0) -> 0 | J12: 19 | K12: 0 | L12: S. Iyer | N12: Yes | O12: In Progress
A13: 10 | B13: MR-1024 | C13: 46094 | D13: Mar | E13: Heat Stress | F13: G. Das | G13: 42 | H13: 53 | I13: =IFERROR(H13/G13*100,0) -> 0 | J13: 47 | K13: 4 | L13: V. Rao | N13: No | O13: Completed
A14: 11 | B14: MR-1028 | C14: 46101 | D14: Mar | E14: Emergency Procedures | F14: D. Singh | G14: 40 | H14: 20 | I14: =IFERROR(H14/G14*100,0) -> 0 | J14: 56 | K14: 7 | L14: T. Bose | N14: No | O14: Completed
A15: 12 | B15: MR-1034 | C15: 46086 | D15: Mar | E15: Electrical Safety | F15: R. Verma | G15: 39 | H15: 56 | I15: =IFERROR(H15/G15*100,0) -> 0 | J15: 42 | K15: 0 | L15: R. Verma | N15: No | O15: Completed
... A51: 48 | B51: MR-1011 | C51: 46376 | D51: Dec | E51: Fire Safety | F51: T. Bose | G51: 10 | H51: 33 | I51: =IFERROR(H51/G51*100,0) -> 0 | J51: 73 | K51: 2 | L51: A. Sharma | N51: Yes | O51: Completed
I52: =IFERROR(H52/G52*100,0) -> 0
I53: =IFERROR(H53/G53*100,0) -> 0
I54: =IFERROR(H54/G54*100,0) -> 0
I55: =IFERROR(H55/G55*100,0) -> 0
I56: =IFERROR(H56/G56*100,0) -> 0
I57: =IFERROR(H57/G57*100,0) -> 0
I58: =IFERROR(H58/G58*100,0) -> 0
I59: =IFERROR(H59/G59*100,0) -> 0
I60: =IFERROR(H60/G60*100,0) -> 0
I61: =IFERROR(H61/G61*100,0) -> 0
I62: =IFERROR(H62/G62*100,0) -> 0
I63: =IFERROR(H63/G63*100,0) -> 0
... I1003: =IFERROR(H1003/G1003*100,0) -> 0

Sheet Disciplinary Actions
A1: ⚖️ DISCIPLINARY ACTIONS — DATA ENTRY | M1: Home
A2: Blue = user input · Gray = auto-calculated · use dropdowns where available
A3: S.No | B3: Case No. | C3: Date | D3: Month | E3: Violation Type | F3: Department | G3: Employee Name | H3: Action Taken | I3: Offense Level | J3: Approved By | K3: Status
A4: 1 | B4: DA-1021 | C4: 46050 | D4: Jan | E4: Substance Abuse | F4: Safety | G4: V. Rao | H4: Termination | I4: 1st Offense | J4: P. Nair | K4: Under Review
A5: 2 | B5: DA-1022 | C5: 46041 | D5: Jan | E5: Substance Abuse | F5: Quality | G5: T. Bose | H5: Suspension | I5: 3rd Offense | J5: L. Fernandes | K5: Appealed
A6: 3 | B6: DA-1023 | C6: 46034 | D6: Jan | E6: Reckless Behavior | F6: Safety | G6: L. Fernandes | H6: Verbal Warning | I6: 1st Offense | J6: R. Verma | K6: Completed
A7: 4 | B7: DA-1024 | C7: 46027 | D7: Jan | E7: Safety Rule Breach | F7: Operations | G7: N. Gupta | H7: Verbal Warning | I7: 2nd Offense | J7: A. Sharma | K7: Completed
A8: 5 | B8: DA-1031 | C8: 46044 | D8: Jan | E8: Reckless Behavior | F8: Construction | G8: V. Rao | H8: Written Warning | I8: 3rd Offense | J8: P. Nair | K8: Completed
A9: 6 | B9: DA-1032 | C9: 46047 | D9: Jan | E9: Reckless Behavior | F9: Maintenance | G9: M. Khan | H9: Verbal Warning | I9: Repeat | J9: K. Reddy | K9: Under Review
A10: 7 | B10: DA-1040 | C10: 46028 | D10: Jan | E10: Unauthorized Work | F10: Admin | G10: J. Mehta | H10: Termination | I10: 1st Offense | J10: M. Khan | K10: Completed
A11: 8 | B11: DA-1003 | C11: 46060 | D11: Feb | E11: Reckless Behavior | F11: Quality | G11: V. Rao | H11: Suspension | I11: 1st Offense | J11: T. Bose | K11: Completed
A12: 9 | B12: DA-1035 | C12: 46066 | D12: Feb | E12: PPE Violation | F12: Contractor | G12: N. Gupta | H12: Suspension | I12: 2nd Offense | J12: T. Bose | K12: Under Review
A13: 10 | B13: DA-1011 | C13: 46102 | D13: Mar | E13: Unauthorized Work | F13: Engineering | G13: D. Singh | H13: Written Warning | I13: 1st Offense | J13: V. Rao | K13: Completed
A14: 11 | B14: DA-1013 | C14: 46100 | D14: Mar | E14: Safety Rule Breach | F14: Logistics | G14: L. Fernandes | H14: Suspension | I14: 1st Offense | J14: T. Bose | K14: Under Review
A15: 12 | B15: DA-1018 | C15: 46093 | D15: Mar | E15: Unauthorized Work | F15: Contractor | G15: H. Patel | H15: Written Warning | I15: 1st Offense | J15: V. Rao | K15: Under Review
... A51: 48 | B51: DA-1026 | C51: 46372 | D51: Dec | E51: Safety Rule Breach | F51: Logistics | G51: G. Das | H51: Termination | I51: 1st Offense | J51: J. Mehta | K51: Completed

Sheet Safety Awards
A1: 🏆 SAFETY AWARDS — DATA ENTRY | L1: Home
A2: Blue = user input · Gray = auto-calculated · use dropdowns where available
A3: S.No | B3: Award ID | C3: Date | D3: Month | E3: Award Category | F3: Department | G3: Recipient | H3: Reward Type | I3: Presented By | J3: Status
A4: 1 | B4: AW-1010 | C4: 46026 | D4: Jan | E4: Safe Worker of Month | F4: Maintenance | G4: G. Das | H4: Cash Bonus | I4: S. Iyer | J4: Presented
A5: 2 | B5: AW-1047 | C5: 46038 | D5: Jan | E5: Safe Worker of Month | F5: Quality | G5: K. Reddy | H5: Recognition Letter | I5: J. Mehta | J5: Scheduled
A6: 3 | B6: AW-1001 | C6: 46057 | D6: Feb | E6: Best Safety Suggestion | F6: Engineering | G6: S. Iyer | H6: Gift Voucher | I6: D. Singh | J6: Scheduled
A7: 4 | B7: AW-1005 | C7: 46066 | D7: Feb | E7: Safety Innovation | F7: Contractor | G7: D. Singh | H7: Cash Bonus | I7: G. Das | J7: Scheduled
A8: 5 | B8: AW-1017 | C8: 46055 | D8: Feb | E8: Best Department | F8: Contractor | G8: N. Gupta | H8: Trophy | I8: G. Das | J8: Presented
A9: 6 | B9: AW-1025 | C9: 46073 | D9: Feb | E9: Best Safety Suggestion | F9: Construction | G9: H. Patel | H9: Cash Bonus | I9: R. Verma | J9: Scheduled
A10: 7 | B10: AW-1042 | C10: 46070 | D10: Feb | E10: Safety Innovation | F10: Construction | G10: S. Iyer | H10: Gift Voucher | I10: T. Bose | J10: Presented
A11: 8 | B11: AW-1032 | C11: 46094 | D11: Mar | E11: Zero Incident Award | F11: Operations | G11: A. Sharma | H11: Gift Voucher | I11: T. Bose | J11: Presented
A12: 9 | B12: AW-1034 | C12: 46106 | D12: Mar | E12: HSE Champion | F12: Logistics | G12: P. Nair | H12: Certificate | I12: D. Singh | J12: Nominated
A13: 10 | B13: AW-1004 | C13: 46140 | D13: Apr | E13: Best Department | F13: Projects | G13: K. Reddy | H13: Trophy | I13: D. Singh | J13: Nominated
A14: 11 | B14: AW-1011 | C14: 46119 | D14: Apr | E14: Safety Innovation | F14: Projects | G14: A. Sharma | H14: Recognition Letter | I14: K. Reddy | J14: Scheduled
A15: 12 | B15: AW-1020 | C15: 46124 | D15: Apr | E15: Best Department | F15: Safety | G15: G. Das | H15: Certificate | I15: K. Reddy | J15: Presented
... A51: 48 | B51: AW-1045 | C51: 46359 | D51: Dec | E51: Best Safety Suggestion | F51: Projects | G51: H. Patel | H51: Gift Voucher | I51: G. Das | J51: Nominated

Sheet Stop Work Authority
A1: ✋ STOP WORK AUTHORITY — DATA ENTRY | O1: Home
A2: Blue = user input · Gray = auto-calculated · use dropdowns where available
A3: S.No | B3: SWA No. | C3: Date | D3: Month | E3: Reason for Stop Work | F3: Department | G3: Location | H3: Initiated By | I3: Authorized By | J3: Downtime (min) | K3: Severity | L3: Resolution | M3: Investigation Done
A4: 1 | B4: SWA-1002 | C4: 46030 | D4: Jan | E4: Slip Trip Fall | F4: Engineering | G4: Tank Farm | H4: J. Mehta | I4: L. Fernandes | J4: 14 | K4: Critical | L4: Resolved | M4: No
A5: 2 | B5: SWA-1009 | C5: 46027 | D5: Jan | E5: Emergency Procedures | F5: Operations | G5: Tank Farm | H5: M. Khan | I5: H. Patel | J5: 6 | K5: Critical | L5: Permanent Fix Applied | M5: No
A6: 3 | B6: SWA-1011 | C6: 46025 | D6: Jan | E6: Manual Handling | F6: Engineering | G6: Workshop | H6: H. Patel | I6: D. Singh | J6: 5 | K6: Medium | L6: Resolved | M6: Yes
A7: 4 | B7: SWA-1042 | C7: 46026 | D7: Jan | E7: Emergency Procedures | F7: Logistics | G7: Warehouse | H7: S. Iyer | I7: M. Khan | J7: 15 | K7: Critical | L7: Resolved | M7: No
A8: 5 | B8: SWA-1045 | C8: 46036 | D8: Jan | E8: Hot Work | F8: Maintenance | G8: Warehouse | H8: K. Reddy | I8: J. Mehta | J8: 23 | K8: Medium | L8: Permanent Fix Applied | M8: Yes
A9: 6 | B9: SWA-1032 | C9: 46073 | D9: Feb | E9: Emergency Procedures | F9: Admin | G9: Plant A | H9: S. Iyer | I9: L. Fernandes | J9: 27 | K9: Medium | L9: Resolved | M9: Yes
A10: 7 | B10: SWA-1046 | C10: 46075 | D10: Feb | E10: Chemical Safety | F10: Projects | G10: Warehouse | H10: K. Reddy | I10: T. Bose | J10: 7 | K10: High | L10: Permanent Fix Applied | M10: No
A11: 8 | B11: SWA-1015 | C11: 46101 | D11: Mar | E11: Heat Stress | F11: Maintenance | G11: Plant A | H11: S. Iyer | I11: J. Mehta | J11: 9 | K11: High | L11: Under Investigation | M11: Yes
A12: 9 | B12: SWA-1038 | C12: 46108 | D12: Mar | E12: Heat Stress | F12: Safety | G12: Admin Block | H12: T. Bose | I12: A. Sharma | J12: 17 | K12: Medium | L12: Permanent Fix Applied | M12: Yes
A13: 10 | B13: SWA-1005 | C13: 46115 | D13: Apr | E13: Electrical Safety | F13: Safety | G13: Control Room | H13: A. Sharma | I13: V. Rao | J13: 20 | K13: Critical | L13: Resolved | M13: Yes
A14: 11 | B14: SWA-1008 | C14: 46125 | D14: Apr | E14: Working at Heights | F14: Quality | G14: Workshop | H14: D. Singh | I14: L. Fernandes | J14: 27 | K14: Critical | L14: Permanent Fix Applied | M14: No
A15: 12 | B15: SWA-1033 | C15: 46124 | D15: Apr | E15: Manual Handling | F15: Quality | G15: Admin Block | H15: D. Singh | I15: H. Patel | J15: 30 | K15: Medium | L15: Resolved | M15: No
... A51: 48 | B51: SWA-1048 | C51: 46377 | D51: Dec | E51: PPE Usage | F51: Contractor | G51: Workshop | H51: G. Das | I51: P. Nair | J51: 16 | K51: Critical | L51: Permanent Fix Applied | M51: Yes

Sheet Alcohol Tests
A1: 🧪 ALCOHOL TESTS — DATA ENTRY | L1: Home
A2: Blue = user input · Gray = auto-calculated · use dropdowns where available
A3: S.No | B3: Test ID | C3: Date | D3: Month | E3: Department | F3: Employee Tested | G3: Test Type | H3: Result | I3: Tested By | J3: Status
A4: 1 | B4: AT-1018 | C4: 46054 | D4: Feb | E4: Projects | F4: J. Mehta | G4: Random | H4: Negative | I4: K. Reddy | J4: Closed
A5: 2 | B5: AT-1003 | C5: 46089 | D5: Mar | E5: Safety | F5: P. Nair | G5: Pre-Shift | H5: Positive | I5: N. Gupta | J5: Open
A6: 3 | B6: AT-1029 | C6: 46084 | D6: Mar | E6: Admin | F6: K. Reddy | G6: Random | H6: Positive | I6: M. Khan | J6: Closed
A7: 4 | B7: AT-1031 | C7: 46101 | D7: Mar | E7: Safety | F7: J. Mehta | G7: Reasonable Suspicion | H7: Positive | I7: G. Das | J7: Closed
A8: 5 | B8: AT-1016 | C8: 46118 | D8: Apr | E8: Projects | F8: H. Patel | G8: Reasonable Suspicion | H8: Positive | I8: R. Verma | J8: Closed
A9: 6 | B9: AT-1022 | C9: 46117 | D9: Apr | E9: Operations | F9: G. Das | G9: Reasonable Suspicion | H9: Positive | I9: K. Reddy | J9: In Progress
A10: 7 | B10: AT-1027 | C10: 46126 | D10: Apr | E10: Contractor | F10: M. Khan | G10: Pre-Shift | H10: Positive | I10: L. Fernandes | J10: In Progress
A11: 8 | B11: AT-1030 | C11: 46121 | D11: Apr | E11: Admin | F11: T. Bose | G11: Post-Incident | H11: Negative | I11: A. Sharma | J11: Closed
A12: 9 | B12: AT-1041 | C12: 46137 | D12: Apr | E12: Contractor | F12: P. Nair | G12: Pre-Shift | H12: Positive | I12: K. Reddy | J12: Open
A13: 10 | B13: AT-1005 | C13: 46147 | D13: May | E13: Contractor | F13: T. Bose | G13: Reasonable Suspicion | H13: Negative | I13: R. Verma | J13: Closed
A14: 11 | B14: AT-1014 | C14: 46163 | D14: May | E14: Operations | F14: L. Fernandes | G14: Post-Incident | H14: Negative | I14: R. Verma | J14: Closed
A15: 12 | B15: AT-1017 | C15: 46160 | D15: May | E15: Projects | F15: V. Rao | G15: Post-Incident | H15: Negative | I15: M. Khan | J15: Closed
... A51: 48 | B51: AT-1039 | C51: 46357 | D51: Dec | E51: Admin | F51: A. Sharma | G51: Post-Incident | H51: Negative | I51: V. Rao | J51: In Progress

Sheet PTW Audits
A1: 📝 PTW AUDITS — DATA ENTRY | P1: Home
A2: Blue = user input · Gray = auto-calculated · use dropdowns where available
A3: S.No | B3: Audit No. | C3: Date | D3: Month | E3: Permit Type Audited | F3: Department | G3: Location | H3: Auditor | I3: Permits Reviewed | J3: Deviations Found | K3: Total Checkpoints | L3: Compliance % | M3: Verdict | N3: Action Required
A4: 1 | B4: PTA-1011 | C4: 46039 | D4: Jan | E4: Lifting | F4: Engineering | G4: Plant B | H4: V. Rao | I4: 25 | J4: 4 | K4: 49 | L4: =IFERROR((K4-J4)/K4*100,0) -> 0 | M4: Compliant | N4: No
A5: 2 | B5: PTA-1026 | C5: 46026 | D5: Jan | E5: Lifting | F5: Safety | G5: Field Site | H5: P. Nair | I5: 45 | J5: 8 | K5: 21 | L5: =IFERROR((K5-J5)/K5*100,0) -> 0 | M5: Compliant | N5: Yes
A6: 3 | B6: PTA-1046 | C6: 46033 | D6: Jan | E6: Electrical | F6: Construction | G6: Warehouse | H6: M. Khan | I6: 25 | J6: 7 | K6: 32 | L6: =IFERROR((K6-J6)/K6*100,0) -> 0 | M6: Compliant | N6: No
A7: 4 | B7: PTA-1008 | C7: 46055 | D7: Feb | E7: Confined Space | F7: Contractor | G7: Field Site | H7: T. Bose | I7: 34 | J7: 8 | K7: 19 | L7: =IFERROR((K7-J7)/K7*100,0) -> 0 | M7: Compliant | N7: Yes
A8: 5 | B8: PTA-1013 | C8: 46067 | D8: Feb | E8: Confined Space | F8: Safety | G8: ETP Plant | H8: N. Gupta | I8: 23 | J8: 8 | K8: 40 | L8: =IFERROR((K8-J8)/K8*100,0) -> 0 | M8: Non-Compliant | N8: Yes
A9: 6 | B9: PTA-1030 | C9: 46068 | D9: Feb | E9: Lifting | F9: Contractor | G9: Field Site | H9: K. Reddy | I9: 16 | J9: 6 | K9: 46 | L9: =IFERROR((K9-J9)/K9*100,0) -> 0 | M9: Non-Compliant | N9: Yes
A10: 7 | B10: PTA-1041 | C10: 46068 | D10: Feb | E10: Working at Height | F10: Construction | G10: Control Room | H10: V. Rao | I10: 45 | J10: 0 | K10: 36 | L10: =IFERROR((K10-J10)/K10*100,0) -> 0 | M10: Partially Compliant | N10: Yes
A11: 8 | B11: PTA-1016 | C11: 46097 | D11: Mar | E11: Hot Work | F11: Quality | G11: Plant B | H11: D. Singh | I11: 11 | J11: 4 | K11: 28 | L11: =IFERROR((K11-J11)/K11*100,0) -> 0 | M11: Non-Compliant | N11: Yes
A12: 9 | B12: PTA-1032 | C12: 46088 | D12: Mar | E12: Working at Height | F12: Contractor | G12: Control Room | H12: R. Verma | I12: 14 | J12: 6 | K12: 30 | L12: =IFERROR((K12-J12)/K12*100,0) -> 0 | M12: Partially Compliant | N12: Yes
A13: 10 | B13: PTA-1047 | C13: 46108 | D13: Mar | E13: Excavation | F13: Projects | G13: Plant A | H13: S. Iyer | I13: 49 | J13: 1 | K13: 30 | L13: =IFERROR((K13-J13)/K13*100,0) -> 0 | M13: Non-Compliant | N13: Yes
A14: 11 | B14: PTA-1014 | C14: 46127 | D14: Apr | E14: Electrical | F14: Admin | G14: Tank Farm | H14: V. Rao | I14: 34 | J14: 4 | K14: 20 | L14: =IFERROR((K14-J14)/K14*100,0) -> 0 | M14: Compliant | N14: No
A15: 12 | B15: PTA-1027 | C15: 46125 | D15: Apr | E15: Electrical | F15: Operations | G15: Loading Bay | H15: D. Singh | I15: 50 | J15: 4 | K15: 45 | L15: =IFERROR((K15-J15)/K15*100,0) -> 0 | M15: Compliant | N15: No
... A51: 48 | B51: PTA-1048 | C51: 46371 | D51: Dec | E51: Hot Work | F51: Safety | G51: Warehouse | H51: D. Singh | I51: 25 | J51: 4 | K51: 16 | L51: =IFERROR((K51-J51)/K51*100,0) -> 0 | M51: Compliant | N51: No
L52: =IFERROR((K52-J52)/K52*100,0) -> 0
L53: =IFERROR((K53-J53)/K53*100,0) -> 0
L54: =IFERROR((K54-J54)/K54*100,0) -> 0
L55: =IFERROR((K55-J55)/K55*100,0) -> 0
L56: =IFERROR((K56-J56)/K56*100,0) -> 0
L57: =IFERROR((K57-J57)/K57*100,0) -> 0
L58: =IFERROR((K58-J58)/K58*100,0) -> 0
L59: =IFERROR((K59-J59)/K59*100,0) -> 0
L60: =IFERROR((K60-J60)/K60*100,0) -> 0
L61: =IFERROR((K61-J61)/K61*100,0) -> 0
L62: =IFERROR((K62-J62)/K62*100,0) -> 0
L63: =IFERROR((K63-J63)/K63*100,0) -> 0
... L1003: =IFERROR((K1003-J1003)/K1003*100,0) -> 0

Sheet Corrective Actions
A1: 🔧 CORRECTIVE ACTIONS — DATA ENTRY | Q1: Home
A2: Blue = user input · Gray = auto-calculated · use dropdowns where available
A3: S.No | B3: CA No. | C3: Date Raised | D3: Month | E3: Source | F3: Department | G3: Location | H3: Corrective Action | I3: Priority | J3: Assigned To | K3: Verified By | L3: Due Date | M3: Completion Date | N3: Status | O3: Timeliness
A4: 1 | B4: CA-1009 | C4: 46044 | D4: Jan | E4: Management Review | F4: Construction | G4: Control Room | H4: Fire Safety | I4: Medium | J4: H. Patel | K4: G. Das | L4: 46059 | M4: 46055 | N4: Pending | O4: =IF(N4="","",IF(N4="Closed",IF(M4<=L4,"On-Time","Delayed"),"Pending")) -> 0
A5: 2 | B5: CA-1015 | C5: 46025 | D5: Jan | E5: Audit Finding | F5: Safety | G5: Plant B | H5: Confined Space | I5: Critical | J5: M. Khan | K5: A. Sharma | L5: 46040 | M5: 46031 | N5: Completed | O5: =IF(N5="","",IF(N5="Closed",IF(M5<=L5,"On-Time","Delayed"),"Pending")) -> 0
A6: 3 | B6: CA-1020 | C6: 46030 | D6: Jan | E6: Inspection Finding | F6: Safety | G6: Workshop | H6: Machine Guarding | I6: Medium | J6: V. Rao | K6: L. Fernandes | L6: 46073 | M6: 46064 | N6: Cancelled | O6: =IF(N6="","",IF(N6="Closed",IF(M6<=L6,"On-Time","Delayed"),"Pending")) -> 0
A7: 4 | B7: CA-1045 | C7: 46028 | D7: Jan | E7: Inspection Finding | F7: Operations | G7: Plant B | H7: Fire Safety | I7: Medium | J7: M. Khan | K7: L. Fernandes | L7: 46056 | M7: 46070 | N7: Cancelled | O7: =IF(N7="","",IF(N7="Closed",IF(M7<=L7,"On-Time","Delayed"),"Pending")) -> 0
A8: 5 | B8: CA-1005 | C8: 46062 | D8: Feb | E8: Drill Finding | F8: Construction | G8: Warehouse | H8: Manual Handling | I8: Critical | J8: M. Khan | K8: T. Bose | L8: 46093 | M8: 46088 | N8: Cancelled | O8: =IF(N8="","",IF(N8="Closed",IF(M8<=L8,"On-Time","Delayed"),"Pending")) -> 0
A9: 6 | B9: CA-1024 | C9: 46078 | D9: Feb | E9: Incident Follow-up | F9: Logistics | G9: Warehouse | H9: Fire Safety | I9: High | J9: S. Iyer | K9: J. Mehta | L9: 46122 | M9: 46090 | N9: Pending | O9: =IF(N9="","",IF(N9="Closed",IF(M9<=L9,"On-Time","Delayed"),"Pending")) -> 0
A10: 7 | B10: CA-1002 | C10: 46107 | D10: Mar | E10: Inspection Finding | F10: Quality | G10: Admin Block | H10: Slip Trip Fall | I10: High | J10: D. Singh | K10: P. Nair | L10: 46126 | M10: 46124 | N10: Pending | O10: =IF(N10="","",IF(N10="Closed",IF(M10<=L10,"On-Time","Delayed"),"Pending")) -> 0
A11: 8 | B11: CA-1019 | C11: 46107 | D11: Mar | E11: Audit Finding | F11: Maintenance | G11: ETP Plant | H11: Chemical Safety | I11: Low | J11: L. Fernandes | K11: P. Nair | L11: 46124 | M11: 46121 | N11: In Progress | O11: =IF(N11="","",IF(N11="Closed",IF(M11<=L11,"On-Time","Delayed"),"Pending")) -> 0
A12: 9 | B12: CA-1023 | C12: 46083 | D12: Mar | E12: Drill Finding | F12: Construction | G12: Tank Farm | H12: PPE Usage | I12: Low | J12: J. Mehta | K12: N. Gupta | L12: 46105 | M12: 46100 | N12: Completed | O12: =IF(N12="","",IF(N12="Closed",IF(M12<=L12,"On-Time","Delayed"),"Pending")) -> 0
A13: 10 | B13: CA-1026 | C13: 46107 | D13: Mar | E13: Incident Follow-up | F13: Safety | G13: Loading Bay | H13: LOTO | I13: Low | J13: D. Singh | K13: G. Das | L13: 46130 | M13: 46144 | N13: Completed | O13: =IF(N13="","",IF(N13="Closed",IF(M13<=L13,"On-Time","Delayed"),"Pending")) -> 0
A14: 11 | B14: CA-1027 | C14: 46094 | D14: Mar | E14: Drill Finding | F14: Operations | G14: Admin Block | H14: Heat Stress | I14: Critical | J14: N. Gupta | K14: K. Reddy | L14: 46104 | M14: 46119 | N14: Overdue | O14: =IF(N14="","",IF(N14="Closed",IF(M14<=L14,"On-Time","Delayed"),"Pending")) -> 0
A15: 12 | B15: CA-1038 | C15: 46083 | D15: Mar | E15: Drill Finding | F15: Projects | G15: ETP Plant | H15: PPE Usage | I15: High | J15: L. Fernandes | K15: J. Mehta | L15: 46110 | M15: 46105 | N15: Overdue | O15: =IF(N15="","",IF(N15="Closed",IF(M15<=L15,"On-Time","Delayed"),"Pending")) -> 0
... A51: 48 | B51: CA-1044 | C51: 46380 | D51: Dec | E51: Incident Follow-up | F51: Maintenance | G51: Plant A | H51: Heat Stress | I51: Critical | J51: T. Bose | K51: T. Bose | L51: 46420 | M51: 46390 | N51: Pending | O51: =IF(N51="","",IF(N51="Closed",IF(M51<=L51,"On-Time","Delayed"),"Pending")) -> 0
O52: =IF(N52="","",IF(N52="Closed",IF(M52<=L52,"On-Time","Delayed"),"Pending")) -> 0
O53: =IF(N53="","",IF(N53="Closed",IF(M53<=L53,"On-Time","Delayed"),"Pending")) -> 0
O54: =IF(N54="","",IF(N54="Closed",IF(M54<=L54,"On-Time","Delayed"),"Pending")) -> 0
O55: =IF(N55="","",IF(N55="Closed",IF(M55<=L55,"On-Time","Delayed"),"Pending")) -> 0
O56: =IF(N56="","",IF(N56="Closed",IF(M56<=L56,"On-Time","Delayed"),"Pending")) -> 0
O57: =IF(N57="","",IF(N57="Closed",IF(M57<=L57,"On-Time","Delayed"),"Pending")) -> 0
O58: =IF(N58="","",IF(N58="Closed",IF(M58<=L58,"On-Time","Delayed"),"Pending")) -> 0
O59: =IF(N59="","",IF(N59="Closed",IF(M59<=L59,"On-Time","Delayed"),"Pending")) -> 0
O60: =IF(N60="","",IF(N60="Closed",IF(M60<=L60,"On-Time","Delayed"),"Pending")) -> 0
O61: =IF(N61="","",IF(N61="Closed",IF(M61<=L61,"On-Time","Delayed"),"Pending")) -> 0
O62: =IF(N62="","",IF(N62="Closed",IF(M62<=L62,"On-Time","Delayed"),"Pending")) -> 0
O63: =IF(N63="","",IF(N63="Closed",IF(M63<=L63,"On-Time","Delayed"),"Pending")) -> 0
... O1003: =IF(N1003="","",IF(N1003="Closed",IF(M1003<=L1003,"On-Time","Delayed"),"Pending")) -> 0

Sheet NC Management
A1: 🚩 NC MANAGEMENT — DATA ENTRY | P1: Home
A2: Blue = user input · Gray = auto-calculated · use dropdowns where available
A3: S.No | B3: NC No. | C3: Date Raised | D3: Month | E3: Source | F3: Severity | G3: Department | H3: NC Description | I3: Assigned To | J3: Approved By | K3: Target Close Date | L3: Actual Close Date | M3: Status | N3: Root Cause / CAPA
A4: 1 | B4: NC-1005 | C4: 46028 | D4: Jan | E4: Inspection Finding | F4: Major | G4: Contractor | H4: Confined Space | I4: J. Mehta | J4: V. Rao | K4: 46068 | L4: 46048 | M4: Closed | N4: Unsafe Act
A5: 2 | B5: NC-1022 | C5: 46029 | D5: Jan | E5: Observation | F5: Major | G5: Contractor | H5: Working at Heights | I5: S. Iyer | J5: R. Verma | K5: 46071 | L5: 46049 | M5: Closed | N5: Unsafe Act
A6: 3 | B6: NC-1024 | C6: 46032 | D6: Jan | E6: Audit Finding | F6: Observation | G6: Engineering | H6: Machine Guarding | I6: M. Khan | J6: T. Bose | K6: 46052 | L6: 46039 | M6: Closed | N6: PPE Not Used
A7: 4 | B7: NC-1040 | C7: 46045 | D7: Jan | E7: Inspection Finding | F7: Minor | G7: Projects | H7: Confined Space | I7: M. Khan | J7: L. Fernandes | K7: 46067 | L7: 46063 | M7: Closed | N7: Equipment Failure
A8: 5 | B8: NC-1041 | C8: 46032 | D8: Jan | E8: Incident Follow-up | F8: Major | G8: Construction | H8: Heat Stress | I8: N. Gupta | J8: G. Das | K8: 46077 | L8: 46068 | M8: Open | N8: Unsafe Act
A9: 6 | B9: NC-1047 | C9: 46028 | D9: Jan | E9: Audit Finding | F9: Minor | G9: Engineering | H9: Emergency Procedures | I9: J. Mehta | J9: M. Khan | K9: 46072 | L9: 46044 | M9: Closed | N9: Unsafe Condition
A10: 7 | B10: NC-1012 | C10: 46062 | D10: Feb | E10: Inspection Finding | F10: Major | G10: Construction | H10: PPE Usage | I10: D. Singh | J10: D. Singh | K10: 46078 | L10: 46080 | M10: Closed | N10: Poor Housekeeping
A11: 8 | B11: NC-1032 | C11: 46076 | D11: Feb | E11: Observation | F11: Major | G11: Admin | H11: PPE Usage | I11: J. Mehta | J11: P. Nair | K11: 46094 | L11: 46101 | M11: Open | N11: Inadequate Procedure
A12: 9 | B12: NC-1044 | C12: 46081 | D12: Feb | E12: Observation | F12: Major | G12: Contractor | H12: Manual Handling | I12: V. Rao | J12: L. Fernandes | K12: 46086 | L12: 46088 | M12: Closed | N12: Inadequate Procedure
A13: 10 | B13: NC-1010 | C13: 46088 | D13: Mar | E13: Audit Finding | F13: Minor | G13: Projects | H13: Confined Space | I13: R. Verma | J13: R. Verma | K13: 46129 | L13: 46128 | M13: Under Review | N13: Human Error
A14: 11 | B14: NC-1013 | C14: 46082 | D14: Mar | E14: Drill Finding | F14: Observation | G14: Admin | H14: Manual Handling | I14: V. Rao | J14: R. Verma | K14: 46113 | L14: 46098 | M14: Under Review | N14: Unsafe Condition
A15: 12 | B15: NC-1026 | C15: 46107 | D15: Mar | E15: Management Review | F15: Major | G15: Maintenance | H15: Confined Space | I15: V. Rao | J15: N. Gupta | K15: 46147 | L15: 46123 | M15: Closed | N15: PPE Not Used
... A51: 48 | B51: NC-1035 | C51: 46380 | D51: Dec | E51: Observation | F51: Observation | G51: Contractor | H51: Chemical Safety | I51: G. Das | J51: T. Bose | K51: 46419 | L51: 46425 | M51: Open | N51: PPE Not Used

Sheet Unsafe Acts
A1: 🚫 UNSAFE ACTS — DATA ENTRY | O1: Home
A2: Blue = user input · Gray = auto-calculated · use dropdowns where available
A3: S.No | B3: Report No. | C3: Date | D3: Month | E3: Description | F3: Department | G3: Location | H3: Reported By | I3: Risk Level | J3: Immediate Action | K3: Corrective Action | L3: Due Date | M3: Status
A4: 1 | B4: UA-1017 | C4: 46049 | D4: Jan | E4: Operating Without Authorization | F4: Logistics | G4: Tank Farm | H4: H. Patel | I4: Medium | J4: Heat Stress | K4: Slip Trip Fall | L4: 46080 | M4: In Progress
A5: 2 | B5: UA-1046 | C5: 46046 | D5: Jan | E5: Wrong Tool for the Job | F5: Admin | G5: Field Site | H5: M. Khan | I5: High | J5: Slip Trip Fall | K5: PPE Usage | L5: 46086 | M5: Completed
A6: 3 | B6: UA-1007 | C6: 46073 | D6: Feb | E6: Wrong Tool for the Job | F6: Construction | G6: Warehouse | H6: G. Das | I6: High | J6: Manual Handling | K6: Chemical Safety | L6: 46081 | M6: Overdue
A7: 4 | B7: UA-1012 | C7: 46071 | D7: Feb | E7: Improper Lifting Technique | F7: Operations | G7: Loading Bay | H7: S. Iyer | I7: Critical | J7: PPE Usage | K7: Machine Guarding | L7: 46092 | M7: Completed
A8: 5 | B8: UA-1016 | C8: 46056 | D8: Feb | E8: Bypassing Safety Device | F8: Construction | G8: Tank Farm | H8: D. Singh | I8: Low | J8: Machine Guarding | K8: Emergency Procedures | L8: 46081 | M8: In Progress
A9: 6 | B9: UA-1027 | C9: 46074 | D9: Feb | E9: Using Defective Equipment | F9: Engineering | G9: Loading Bay | H9: G. Das | I9: Low | J9: Working at Heights | K9: Machine Guarding | L9: 46094 | M9: Completed
A10: 7 | B10: UA-1031 | C10: 46068 | D10: Feb | E10: Operating Without Authorization | F10: Construction | G10: Loading Bay | H10: K. Reddy | I10: Medium | J10: Emergency Procedures | K10: Emergency Procedures | L10: 46112 | M10: Completed
A11: 8 | B11: UA-1003 | C11: 46099 | D11: Mar | E11: Horseplay | F11: Quality | G11: Boiler House | H11: L. Fernandes | I11: Low | J11: Fire Safety | K11: Working at Heights | L11: 46127 | M11: Completed
A12: 9 | B12: UA-1026 | C12: 46102 | D12: Mar | E12: Horseplay | F12: Quality | G12: Plant A | H12: A. Sharma | I12: High | J12: Housekeeping | K12: Hot Work | L12: 46119 | M12: Completed
A13: 10 | B13: UA-1037 | C13: 46100 | D13: Mar | E13: Not Using PPE | F13: Contractor | G13: Admin Block | H13: M. Khan | I13: Medium | J13: Electrical Safety | K13: Manual Handling | L13: 46135 | M13: In Progress
A14: 11 | B14: UA-1038 | C14: 46098 | D14: Mar | E14: Bypassing Safety Device | F14: Logistics | G14: Plant A | H14: R. Verma | I14: Low | J14: PPE Usage | K14: Chemical Safety | L14: 46130 | M14: Completed
A15: 12 | B15: UA-1047 | C15: 46083 | D15: Mar | E15: Improper Lifting Technique | F15: Engineering | G15: Control Room | H15: V. Rao | I15: High | J15: Slip Trip Fall | K15: Hot Work | L15: 46094 | M15: In Progress
... A51: 48 | B51: UA-1044 | C51: 46361 | D51: Dec | E51: Working Without Permit | F51: Safety | G51: ETP Plant | H51: L. Fernandes | I51: Medium | J51: Hot Work | K51: Chemical Safety | L51: 46406 | M51: Completed

Sheet Unsafe Conditions
A1: ⛔ UNSAFE CONDITIONS — DATA ENTRY | O1: Home
A2: Blue = user input · Gray = auto-calculated · use dropdowns where available
A3: S.No | B3: Report No. | C3: Date | D3: Month | E3: Description | F3: Department | G3: Location | H3: Reported By | I3: Risk Level | J3: Immediate Action | K3: Corrective Action | L3: Due Date | M3: Status
A4: 1 | B4: UC-1022 | C4: 46031 | D4: Jan | E4: Inadequate Lighting | F4: Projects | G4: ETP Plant | H4: G. Das | I4: Low | J4: Slip Trip Fall | K4: Slip Trip Fall | L4: 46043 | M4: Completed
A5: 2 | B5: UC-1039 | C5: 46028 | D5: Jan | E5: Poor Housekeeping | F5: Engineering | G5: Plant B | H5: P. Nair | I5: Low | J5: Emergency Procedures | K5: Machine Guarding | L5: 46046 | M5: Completed
A6: 3 | B6: UC-1014 | C6: 46060 | D6: Feb | E6: Exposed Wiring | F6: Admin | G6: Office | H6: J. Mehta | I6: High | J6: Machine Guarding | K6: LOTO | L6: 46072 | M6: In Progress
A7: 4 | B7: UC-1023 | C7: 46067 | D7: Feb | E7: Missing Signage | F7: Construction | G7: Admin Block | H7: N. Gupta | I7: Critical | J7: LOTO | K7: LOTO | L7: 46109 | M7: Completed
A8: 5 | B8: UC-1025 | C8: 46054 | D8: Feb | E8: Slippery Floor | F8: Projects | G8: Loading Bay | H8: M. Khan | I8: High | J8: Hot Work | K8: Manual Handling | L8: 46091 | M8: Completed
A9: 6 | B9: UC-1037 | C9: 46069 | D9: Feb | E9: Poor Housekeeping | F9: Maintenance | G9: Warehouse | H9: T. Bose | I9: Low | J9: Confined Space | K9: Hot Work | L9: 46082 | M9: Pending
A10: 7 | B10: UC-1045 | C10: 46079 | D10: Feb | E10: Faulty Ladder/Scaffold | F10: Contractor | G10: Control Room | H10: R. Verma | I10: Medium | J10: Machine Guarding | K10: Working at Heights | L10: 46100 | M10: Pending
A11: 8 | B11: UC-1032 | C11: 46109 | D11: Mar | E11: Poor Housekeeping | F11: Engineering | G11: Boiler House | H11: K. Reddy | I11: Medium | J11: Chemical Safety | K11: PPE Usage | L11: 46138 | M11: Completed
A12: 9 | B12: UC-1035 | C12: 46097 | D12: Mar | E12: Exposed Wiring | F12: Contractor | G12: Office | H12: V. Rao | I12: Low | J12: Machine Guarding | K12: Slip Trip Fall | L12: 46107 | M12: Completed
A13: 10 | B13: UC-1048 | C13: 46103 | D13: Mar | E13: Slippery Floor | F13: Logistics | G13: Warehouse | H13: G. Das | I13: Medium | J13: Working at Heights | K13: Heat Stress | L13: 46114 | M13: Completed
A14: 11 | B14: UC-1003 | C14: 46117 | D14: Apr | E14: Damaged Machine Guard | F14: Admin | G14: ETP Plant | H14: J. Mehta | I14: Medium | J14: Housekeeping | K14: Chemical Safety | L14: 46127 | M14: Completed
A15: 12 | B15: UC-1006 | C15: 46132 | D15: Apr | E15: Blocked Walkway/Aisle | F15: Admin | G15: Warehouse | H15: D. Singh | I15: Critical | J15: Manual Handling | K15: Housekeeping | L15: 46145 | M15: Completed
... A51: 48 | B51: UC-1046 | C51: 46371 | D51: Dec | E51: Slippery Floor | F51: Maintenance | G51: Warehouse | H51: K. Reddy | I51: Medium | J51: Working at Heights | K51: Confined Space | L51: 46416 | M51: Completed

Sheet Incident
A1: 🔥 INCIDENT — DATA ENTRY | AF1: Home
A2: Blue = user input · Gray = auto-calculated · use dropdowns where available
A3: S.No | B3: Incident ID | C3: Date | D3: Month | E3: Week | F3: Quarter | G3: Financial Year | H3: Department | I3: Area | J3: Production Line | K3: Shift | L3: Location | M3: Incident Type | N3: Classification | O3: Person Involved | P3: Person Type | Q3: Body Part | R3: Description | S3: Immediate Cause | T3: Root Cause | U3: Risk Rating | V3: Lost Days | W3: Corrective Action | X3: Preventive Action | Y3: Responsible | Z3: Target Date | AA3: Closure Date | AB3: Status | AC3: Ageing (Days) | AD3: Evidence Link
A4: 1 | B4: INC-1007 | C4: 46028 | D4: Jan | E4: W1 | F4: Q1 | G4: FY2026-2027 | H4: Projects | I4: Office | J4: Line 1 | K4: Shift A | L4: Control Room | M4: Vehicle | N4: Near Miss | O4: K. Reddy | P4: Employee | Q4: Foot/Leg | R4: Electrical Safety | S4: Equipment Failure | T4: Unsafe Act | U4: High | V4: 27 | W4: Fire Safety | X4: Electrical Safety | Y4: P. Nair | Z4: 46050 | AA4: 46045 | AB4: Closed | AC4: =IF(C4="","",IF(AB4="Closed",AA4-C4,TODAY()-C4)) -> 0 | AD4: Manual Handling
A5: 2 | B5: INC-1013 | C5: 46033 | D5: Jan | E5: W2 | F5: Q1 | G5: FY2026-2027 | H5: Maintenance | I5: Plant B | J5: Line 2 | K5: General | L5: Boiler House | M5: Property Damage | N5: Medical Treatment | O5: M. Khan | P5: Contractor | Q5: Foot/Leg | R5: Housekeeping | S5: Equipment Failure | T5: Poor Housekeeping | U5: Medium | V5: 0 | W5: PPE Usage | X5: Confined Space | Y5: R. Verma | Z5: 46055 | AA5: 46068 | AB5: Closed | AC5: =IF(C5="","",IF(AB5="Closed",AA5-C5,TODAY()-C5)) -> 0 | AD5: Manual Handling
A6: 3 | B6: INC-1021 | C6: 46035 | D6: Jan | E6: W2 | F6: Q1 | G6: FY2026-2027 | H6: Operations | I6: Admin Block | J6: Line 4 | K6: Shift B | L6: Plant B | M6: Environmental | N6: Near Miss | O6: P. Nair | P6: Employee | Q6: Head | R6: Emergency Procedures | S6: Unsafe Condition | T6: Unsafe Act | U6: Critical | V6: 9 | W6: Hot Work | X6: Working at Heights | Y6: T. Bose | Z6: 46052 | AA6: 46057 | AB6: Closed | AC6: =IF(C6="","",IF(AB6="Closed",AA6-C6,TODAY()-C6)) -> 0 | AD6: Machine Guarding
A7: 4 | B7: INC-1030 | C7: 46029 | D7: Jan | E7: W1 | F7: Q1 | G7: FY2026-2027 | H7: Contractor | I7: Field Site | J7: Can Line | K7: Shift C | L7: Plant B | M7: Environmental | N7: Restricted Work | O7: A. Sharma | P7: Contractor | Q7: Foot/Leg | R7: Working at Heights | S7: Equipment Failure | T7: Inadequate Procedure | U7: Low | V7: 15 | W7: Heat Stress | X7: Heat Stress | Y7: P. Nair | Z7: 46066 | AA7: 46065 | AB7: Closed | AC7: =IF(C7="","",IF(AB7="Closed",AA7-C7,TODAY()-C7)) -> 0 | AD7: Hot Work
A8: 5 | B8: INC-1038 | C8: 46050 | D8: Jan | E8: W4 | F8: Q1 | G8: FY2026-2027 | H8: Engineering | I8: ETP Plant | J8: Line 2 | K8: Shift C | L8: ETP Plant | M8: Vehicle | N8: First Aid | O8: S. Iyer | P8: Contractor | Q8: Multiple | R8: Chemical Safety | S8: Unsafe Act | T8: PPE Not Used | U8: Medium | V8: 25 | W8: Housekeeping | X8: Machine Guarding | Y8: V. Rao | Z8: 46079 | AA8: 46083 | AB8: Closed | AC8: =IF(C8="","",IF(AB8="Closed",AA8-C8,TODAY()-C8)) -> 0 | AD8: Hot Work
A9: 6 | B9: INC-1003 | C9: 46068 | D9: Feb | E9: W3 | F9: Q1 | G9: FY2026-2027 | H9: Admin | I9: Boiler House | J9: Line 1 | K9: Shift C | L9: Admin Block | M9: Environmental | N9: Near Miss | O9: V. Rao | P9: Third Party | Q9: Multiple | R9: Manual Handling | S9: Unsafe Condition | T9: Poor Housekeeping | U9: Medium | V9: 12 | W9: Fire Safety | X9: Hot Work | Y9: L. Fernandes | Z9: 46106 | AA9: 46090 | AB9: Closed | AC9: =IF(C9="","",IF(AB9="Closed",AA9-C9,TODAY()-C9)) -> 0 | AD9: Electrical Safety
A10: 7 | B10: INC-1039 | C10: 46066 | D10: Feb | E10: W2 | F10: Q1 | G10: FY2026-2027 | H10: Admin | I10: Field Site | J10: Line 4 | K10: Shift B | L10: Field Site | M10: Vehicle | N10: First Aid | O10: S. Iyer | P10: Contractor | Q10: Eye | R10: Confined Space | S10: Unsafe Act | T10: Equipment Failure | U10: Low | V10: 7 | W10: Housekeeping | X10: Emergency Procedures | Y10: R. Verma | Z10: 46080 | AA10: 46099 | AB10: Closed | AC10: =IF(C10="","",IF(AB10="Closed",AA10-C10,TODAY()-C10)) -> 0 | AD10: Machine Guarding
A11: 8 | B11: INC-1016 | C11: 46086 | D11: Mar | E11: W1 | F11: Q1 | G11: FY2026-2027 | H11: Operations | I11: Workshop | J11: Line 4 | K11: Shift A | L11: Plant B | M11: Fire | N11: Near Miss | O11: T. Bose | P11: Visitor | Q11: Torso | R11: Chemical Safety | S11: Equipment Failure | T11: Equipment Failure | U11: High | V11: 12 | W11: Electrical Safety | X11: Hot Work | Y11: R. Verma | Z11: 46111 | AA11: 46112 | AB11: Closed | AC11: =IF(C11="","",IF(AB11="Closed",AA11-C11,TODAY()-C11)) -> 0 | AD11: Electrical Safety
A12: 9 | B12: INC-1022 | C12: 46096 | D12: Mar | E12: W3 | F12: Q1 | G12: FY2026-2027 | H12: Contractor | I12: Field Site | J12: Line 3 | K12: Shift A | L12: Office | M12: Injury/Illness | N12: First Aid | O12: D. Singh | P12: Contractor | Q12: Eye | R12: Machine Guarding | S12: Equipment Failure | T12: Equipment Failure | U12: Medium | V12: 20 | W12: Emergency Procedures | X12: Chemical Safety | Y12: K. Reddy | Z12: 46132 | AA12: 46114 | AB12: Closed | AC12: =IF(C12="","",IF(AB12="Closed",AA12-C12,TODAY()-C12)) -> 0 | AD12: Machine Guarding
A13: 10 | B13: INC-1026 | C13: 46105 | D13: Mar | E13: W4 | F13: Q1 | G13: FY2026-2027 | H13: Engineering | I13: Plant B | J13: Line 3 | K13: Shift C | L13: Workshop | M13: Injury/Illness | N13: Medical Treatment | O13: H. Patel | P13: Third Party | Q13: Hand/Finger | R13: Electrical Safety | S13: Unsafe Act | T13: Human Error | U13: Medium | V13: 24 | W13: LOTO | X13: Fire Safety | Y13: T. Bose | Z13: 46142 | AA13: 46134 | AB13: In Progress | AC13: =IF(C13="","",IF(AB13="Closed",AA13-C13,TODAY()-C13)) -> 0 | AD13: Housekeeping
A14: 11 | B14: INC-1034 | C14: 46102 | D14: Mar | E14: W3 | F14: Q1 | G14: FY2026-2027 | H14: Safety | I14: Control Room | J14: Can Line | K14: Shift A | L14: Warehouse | M14: Vehicle | N14: Near Miss | O14: A. Sharma | P14: Third Party | Q14: Torso | R14: Fire Safety | S14: Equipment Failure | T14: Inadequate Procedure | U14: Low | V14: 13 | W14: Chemical Safety | X14: PPE Usage | Y14: J. Mehta | Z14: 46130 | AA14: 46115 | AB14: Open | AC14: =IF(C14="","",IF(AB14="Closed",AA14-C14,TODAY()-C14)) -> 0 | AD14: Fire Safety
A15: 12 | B15: INC-1012 | C15: 46131 | D15: Apr | E15: W3 | F15: Q2 | G15: FY2026-2027 | H15: Quality | I15: Plant A | J15: Line 3 | K15: Shift C | L15: Workshop | M15: Property Damage | N15: First Aid | O15: J. Mehta | P15: Third Party | Q15: Foot/Leg | R15: Heat Stress | S15: Equipment Failure | T15: Equipment Failure | U15: High | V15: 4 | W15: Housekeeping | X15: Manual Handling | Y15: V. Rao | Z15: 46158 | AA15: 46164 | AB15: Closed | AC15: =IF(C15="","",IF(AB15="Closed",AA15-C15,TODAY()-C15)) -> 0 | AD15: Working at Heights
... A51: 48 | B51: INC-1028 | C51: 46376 | D51: Dec | E51: W3 | F51: Q4 | G51: FY2026-2027 | H51: Engineering | I51: Loading Bay | J51: Line 1 | K51: General | L51: Office | M51: Environmental | N51: Near Miss | O51: T. Bose | P51: Visitor | Q51: Foot/Leg | R51: Working at Heights | S51: Unsafe Act | T51: PPE Not Used | U51: Low | V51: 0 | W51: Manual Handling | X51: Chemical Safety | Y51: K. Reddy | Z51: 46392 | AA51: 46381 | AB51: Closed | AC51: =IF(C51="","",IF(AB51="Closed",AA51-C51,TODAY()-C51)) -> 0 | AD51: LOTO
AC52: =IF(C52="","",IF(AB52="Closed",AA52-C52,TODAY()-C52)) -> 0
AC53: =IF(C53="","",IF(AB53="Closed",AA53-C53,TODAY()-C53)) -> 0
AC54: =IF(C54="","",IF(AB54="Closed",AA54-C54,TODAY()-C54)) -> 0
AC55: =IF(C55="","",IF(AB55="Closed",AA55-C55,TODAY()-C55)) -> 0
AC56: =IF(C56="","",IF(AB56="Closed",AA56-C56,TODAY()-C56)) -> 0
AC57: =IF(C57="","",IF(AB57="Closed",AA57-C57,TODAY()-C57)) -> 0
AC58: =IF(C58="","",IF(AB58="Closed",AA58-C58,TODAY()-C58)) -> 0
AC59: =IF(C59="","",IF(AB59="Closed",AA59-C59,TODAY()-C59)) -> 0
AC60: =IF(C60="","",IF(AB60="Closed",AA60-C60,TODAY()-C60)) -> 0
AC61: =IF(C61="","",IF(AB61="Closed",AA61-C61,TODAY()-C61)) -> 0
AC62: =IF(C62="","",IF(AB62="Closed",AA62-C62,TODAY()-C62)) -> 0
AC63: =IF(C63="","",IF(AB63="Closed",AA63-C63,TODAY()-C63)) -> 0
... AC1003: =IF(C1003="","",IF(AB1003="Closed",AA1003-C1003,TODAY()-C1003)) -> 0

Sheet Environmental Perf
A1: 🌱 ENVIRONMENTAL PERF — DATA ENTRY | P1: Home
A2: Blue = user input · Gray = auto-calculated · use dropdowns where available
A3: S.No | B3: Record No. | C3: Date | D3: Month | E3: Department | F3: Location | G3: Waste Type | H3: Waste Generated (kg) | I3: Waste Recycled (kg) | J3: Recycle Rate % | K3: Energy Consumption (kWh) | L3: Water Consumption (m3) | M3: Fuel Consumption (L) | N3: Remarks
A4: 1 | B4: ENV-1004 | C4: 46034 | D4: Jan | E4: Construction | F4: Workshop | G4: Organic/Food Waste | H4: 717 | I4: 325 | J4: =IFERROR(I4/H4*100,0) -> 0 | K4: 27120 | L4: 1474 | M4: 3072 | N4: Awaiting pollution board clearance
A5: 2 | B5: ENV-1010 | C5: 46039 | D5: Jan | E5: Safety | F5: Admin Block | G5: Organic/Food Waste | H5: 1737 | I5: 710 | J5: =IFERROR(I5/H5*100,0) -> 0 | K5: 23737 | L5: 527 | M5: 4224 | N5: Recycling vendor collection delayed
A6: 3 | B6: ENV-1024 | C6: 46036 | D6: Jan | E6: Admin | F6: Office | G6: Organic/Food Waste | H6: 2027 | I6: 1324 | J6: =IFERROR(I6/H6*100,0) -> 0 | K6: 9922 | L6: 1886 | M6: 2163 | N6: Awaiting pollution board clearance
A7: 4 | B7: ENV-1048 | C7: 46026 | D7: Jan | E7: Maintenance | F7: Boiler House | G7: General Waste | H7: 956 | I7: 392 | J7: =IFERROR(I7/H7*100,0) -> 0 | K7: 35385 | L7: 613 | M7: 1415 | N7: Segregation improved this month
A8: 5 | B8: ENV-1006 | C8: 46094 | D8: Mar | E8: Construction | F8: Warehouse | G8: Metal Scrap | H8: 2184 | I8: 1527 | J8: =IFERROR(I8/H8*100,0) -> 0 | K8: 11639 | L8: 1427 | M8: 3462 | N8: No deviation observed
A9: 6 | B9: ENV-1017 | C9: 46106 | D9: Mar | E9: Engineering | F9: Warehouse | G9: Hazardous Waste | H9: 2627 | I9: 1027 | J9: =IFERROR(I9/H9*100,0) -> 0 | K9: 17594 | L9: 1692 | M9: 2793 | N9: Within permitted limits
A10: 7 | B10: ENV-1019 | C10: 46106 | D10: Mar | E10: Logistics | F10: Warehouse | G10: Metal Scrap | H10: 2765 | I10: 1529 | J10: =IFERROR(I10/H10*100,0) -> 0 | K10: 8669 | L10: 1524 | M10: 4507 | N10: Water reuse system commissioned
A11: 8 | B11: ENV-1025 | C11: 46095 | D11: Mar | E11: Contractor | F11: Plant B | G11: General Waste | H11: 2408 | I11: 1110 | J11: =IFERROR(I11/H11*100,0) -> 0 | K11: 21316 | L11: 119 | M11: 1570 | N11: Awaiting pollution board clearance
A12: 9 | B12: ENV-1008 | C12: 46126 | D12: Apr | E12: Projects | F12: Loading Bay | G12: Plastic | H12: 2144 | I12: 1042 | J12: =IFERROR(I12/H12*100,0) -> 0 | K12: 5950 | L12: 1004 | M12: 4369 | N12: Awaiting pollution board clearance
A13: 10 | B13: ENV-1023 | C13: 46113 | D13: Apr | E13: Logistics | F13: Plant A | G13: General Waste | H13: 1434 | I13: 741 | J13: =IFERROR(I13/H13*100,0) -> 0 | K13: 45544 | L13: 918 | M13: 3426 | N13: Water reuse system commissioned
A14: 11 | B14: ENV-1033 | C14: 46138 | D14: Apr | E14: Engineering | F14: Field Site | G14: General Waste | H14: 1917 | I14: 1373 | J14: =IFERROR(I14/H14*100,0) -> 0 | K14: 23741 | L14: 1167 | M14: 4119 | N14: Within permitted limits
A15: 12 | B15: ENV-1041 | C15: 46113 | D15: Apr | E15: Construction | F15: Plant B | G15: General Waste | H15: 2757 | I15: 1636 | J15: =IFERROR(I15/H15*100,0) -> 0 | K15: 39038 | L15: 1775 | M15: 1146 | N15: Awaiting pollution board clearance
... A51: 48 | B51: ENV-1045 | C51: 46379 | D51: Dec | E51: Safety | F51: Warehouse | G51: E-Waste | H51: 2830 | I51: 1210 | J51: =IFERROR(I51/H51*100,0) -> 0 | K51: 7179 | L51: 1967 | M51: 3521 | N51: New effluent treatment measure adopted
J52: =IFERROR(I52/H52*100,0) -> 0
J53: =IFERROR(I53/H53*100,0) -> 0
J54: =IFERROR(I54/H54*100,0) -> 0
J55: =IFERROR(I55/H55*100,0) -> 0
J56: =IFERROR(I56/H56*100,0) -> 0
J57: =IFERROR(I57/H57*100,0) -> 0
J58: =IFERROR(I58/H58*100,0) -> 0
J59: =IFERROR(I59/H59*100,0) -> 0
J60: =IFERROR(I60/H60*100,0) -> 0
J61: =IFERROR(I61/H61*100,0) -> 0
J62: =IFERROR(I62/H62*100,0) -> 0
J63: =IFERROR(I63/H63*100,0) -> 0
... J1003: =IFERROR(I1003/H1003*100,0) -> 0

Sheet Master Data
B1: Home
B2: 📚 MASTER DATA — single source of truth for dropdown lists
B4: Department | C4: Location | D4: Status | E4: Risk Level | F4: Rating | G4: Result | H4: Month | I4: F_Month | J4: F_Dept | K4: F_Period
B5: Operations | C5: Plant A | D5: Open | E5: Critical | F5: Excellent | G5: Pass | H5: Jan | I5: All | J5: All | K5: Jan
B6: Maintenance | C6: Plant B | D6: In Progress | E6: High | F6: Good | G6: Fail | H6: Feb | I6: Jan | J6: Operations | K6: Feb
B7: Engineering | C7: Warehouse | D7: Closed | E7: Medium | F7: Satisfactory | G7: N/A | H7: Mar | I7: Feb | J7: Maintenance | K7: Mar
B8: Construction | C8: Workshop | D8: Overdue | E8: Low | F8: Needs Improvement | H8: Apr | I8: Mar | J8: Engineering | K8: Apr
B9: Safety | C9: Field Site | F9: Unsatisfactory | H9: May | I9: Apr | J9: Construction | K9: May
B10: Logistics | C10: Control Room | H10: Jun | I10: May | J10: Safety | K10: Jun
B11: Quality | C11: Office | H11: Jul | I11: Jun | J11: Logistics | K11: Jul
B12: Admin | C12: Tank Farm | H12: Aug | I12: Jul | J12: Quality | K12: Aug
B13: Projects | C13: Boiler House | H13: Sep | I13: Aug | J13: Admin | K13: Sep
B14: Contractor | C14: ETP Plant | H14: Oct | I14: Sep | J14: Projects | K14: Oct
C15: Admin Block | H15: Nov | I15: Oct | J15: Contractor | K15: Nov
C16: Loading Bay | H16: Dec | I16: Nov | K16: Dec
I17: Dec | K17: Q1
K18: Q2
K19: Q3
K20: Q4

Sheet Settings
B1: Home
B2: ⚙️ SYSTEM SETTINGS — central configuration
B5: ORGANISATION
B6: Company Name | C6: RCPL — Campa Cola
B7: Plant / Site | C7: CSD Manufacturing Plant
B8: Location | C8: India
B9: Reporting Year | C9: 2026
B11: EHS CALCULATION PARAMETERS
B12: Monthly Man-Hours Worked | D12: Edit per month for accuracy — TRIR/LTIFR use the exact hours for the selected period, not a flat average.
B13: Jan | C13: 83333
B14: Feb | C14: 83333
B15: Mar | C15: 83333
B16: Apr | C16: 83333
B17: May | C17: 83333
B18: Jun | C18: 83333
B19: Jul | C19: 83333
B20: Aug | C20: 83333
B21: Sep | C21: 83333
B22: Oct | C22: 83333
B23: Nov | C23: 83333
B24: Dec | C24: 83333
B25: Total Man-Hours (annual, auto-sum) | C25: =SUM(C13:C24) -> 0
B27: TRIR Multiplier | C27: 200000 | D27: OSHA standard = 200,000
B28: LTIFR Multiplier | C28: 1000000 | D28: Per million man-hours
B30: TARGETS / RAG THRESHOLDS
B31: Observation Closure Target | C31: 0.9 | D31: Green if ≥ target
B32: Training Compliance Target | C32: 0.95
B33: Corrective Action Closure Target | C33: 0.9
B34: PTW Compliance Target | C34: 0.95
B35: Generic Close-out % Target | C35: 0.85 | D35: Used by Meetings/Visits/Insp/Unsafe-Act/NC/JSA/Bulletin closure-type KPIs
B36: Generic Attendance/Participation % Target | C36: 0.85 | D36: Used by Toolbox/Drill/Mgmt-Review attendance-type KPIs
B37: Alcohol Positive Rate Target (max acceptable) | C37: 0.05 | D37: Green if actual ≤ target
B38: TRIR Target (max acceptable) | C38: 1 | D38: Green if actual ≤ target
B39: LTIFR Target (max acceptable) | C39: 2 | D39: Green if actual ≤ target
B40: RAG Amber band (fraction of target) | C40: 0.8 | D40: Below this vs target = Red
B42: COST PARAMETERS · used only by the optional cost-impact rollups
B43: Downtime Cost per Minute (₹) | C43: 150 | D43: Stop Work Authority downtime → estimated cost
B44: Lost-Day Cost per Day (₹) | C44: 8000 | D44: Incident lost days → estimated cost
B46: PPE ISSUED / USED · used by the Executive Snapshot dashboard
B47: Location | C47: Issued | D47: Used
B48: Plant A | C48: 500 | D48: 460
B49: Plant B | C49: 340 | D49: 300
B50: Warehouse | C50: 210 | D50: 200
B51: Workshop | C51: 302 | D51: 280
B52: Tank Farm | C52: 180 | D52: 165
B55: INDUSTRY BENCHMARKING
B56: Industry Benchmark TRIR | C56: 1.5 | D56: Reference line on the Executive TRIR trend chart
B57: Industry Benchmark LTIFR | C57: 2.5 | D57: Reference line on the Executive LTIFR trend chart
B59: TRAINING PARAMETERS
B60: Certificate Validity (days) | C60: 365 | D60: Certificate Issued date + this many days = expiry (Training dashboard)
B62: PRIOR YEAR ACTUALS · type in last year's year-end figures for a genuine YoY comparison (left blank/0 until entered - never fabricated)
B63: Prior Year TRIR | C63: 0
B64: Prior Year LTIFR | C64: 0
B65: Prior Year Total Incidents | C65: 0
B66: Prior Year Training Compliance % | C66: 0
B67: Prior Year Obs Closure % | C67: 0
B68: Prior Year CA Closure % | C68: 0

Sheet Help
B2: ❓ Help & User Guide — Integrated EHS Management System
B3: ⌂ Back to Home
B5: Purpose | C5: Single-workbook EHS system: 25 registers, each with its own live dashboard, plus Executive & Leadership rollups.
B6: Enter data | C6: Open any register (colored tab), type new rows under the table. Blue = input, Gray = auto-calculated.
B7: Dropdowns | C7: Driven by the Master Data sheet — edit a list there and every register dropdown updates.
B8: Filters | C8: Executive Dashboard has Month & Department drop-downs that drive the rollups.
B9: Refresh | C9: Click Refresh (or press F9). Workbook is set to automatic calculation.
B10: TRIR | C10: Recordable × TRIR-multiplier ÷ man-hours (man-hours & multipliers live on the Settings sheet).
B11: LTIFR | C11: (LTI + Fatality) × LTIFR-multiplier ÷ man-hours.
B12: RAG logic | C12: 🟢 Green = meets target · 🟡 Amber = within amber band · 🔴 Red = below.
B13: Scalability | C13: Each register + dashboard supports thousands of rows; add rows and refresh — no manual updates.
B14: Extending | C14: New registers follow the same 3-row header pattern (title / legend / column headers).

Sheet Data Quality
B1: Home
B2: 🔎 DATA QUALITY — automatic integrity checks across all 25 registers
B3: Recalculates on every Refresh. A register only needs attention if a count is greater than 0.
B5: Register | C5: Records | D5: Blank Dept | E5: Blank Date | F5: Duplicate IDs | G5: Outside Report Year | H5: Date-Logic Issues | I5: Flag
B6: Toolbox Talks | C6: =COUNTA('Toolbox Talks'!$B$4:$B$51) -> 0 | D6: =COUNTBLANK('Toolbox Talks'!$F$4:$F$51) -> 0 | E6: =COUNTBLANK('Toolbox Talks'!$C$4:$C$51) -> 0 | F6: =SUMPRODUCT((COUNTIF('Toolbox Talks'!$B$4:$B$51,'Toolbox Talks'!$B$4:$B$51)>1)*1) -> 0 | G6: =SUMPRODUCT(('Toolbox Talks'!$C$4:$C$51<>"")*(YEAR('Toolbox Talks'!$C$4:$C$51)<>ReportYear)) -> 0 | H6: n/a | I6: =IF(N(D6)+N(E6)+N(F6)+N(G6)+N(H6)>0,"⚠ REVIEW","✅ OK") -> 0
B7: JSA Risk Assessment | C7: =COUNTA('JSA Risk Assessment'!$B$4:$B$51) -> 0 | D7: =COUNTBLANK('JSA Risk Assessment'!$F$4:$F$51) -> 0 | E7: =COUNTBLANK('JSA Risk Assessment'!$C$4:$C$51) -> 0 | F7: =SUMPRODUCT((COUNTIF('JSA Risk Assessment'!$B$4:$B$51,'JSA Risk Assessment'!$B$4:$B$51)>1)*1) -> 0 | G7: =SUMPRODUCT(('JSA Risk Assessment'!$C$4:$C$51<>"")*(YEAR('JSA Risk Assessment'!$C$4:$C$51)<>ReportYear)) -> 0 | H7: n/a | I7: =IF(N(D7)+N(E7)+N(F7)+N(G7)+N(H7)>0,"⚠ REVIEW","✅ OK") -> 0
B8: Training | C8: =COUNTA('Training'!$B$4:$B$51) -> 0 | D8: =COUNTBLANK('Training'!$G$4:$G$51) -> 0 | E8: =COUNTBLANK('Training'!$C$4:$C$51) -> 0 | F8: =SUMPRODUCT((COUNTIF('Training'!$B$4:$B$51,'Training'!$B$4:$B$51)>1)*1) -> 0 | G8: =SUMPRODUCT(('Training'!$C$4:$C$51<>"")*(YEAR('Training'!$C$4:$C$51)<>ReportYear)) -> 0 | H8: n/a | I8: =IF(N(D8)+N(E8)+N(F8)+N(G8)+N(H8)>0,"⚠ REVIEW","✅ OK") -> 0
B9: HSE Observations | C9: =COUNTA('HSE Observations'!$B$4:$B$51) -> 0 | D9: =COUNTBLANK('HSE Observations'!$G$4:$G$51) -> 0 | E9: =COUNTBLANK('HSE Observations'!$C$4:$C$51) -> 0 | F9: =SUMPRODUCT((COUNTIF('HSE Observations'!$B$4:$B$51,'HSE Observations'!$B$4:$B$51)>1)*1) -> 0 | G9: =SUMPRODUCT(('HSE Observations'!$C$4:$C$51<>"")*(YEAR('HSE Observations'!$C$4:$C$51)<>ReportYear)) -> 0 | H9: n/a | I9: =IF(N(D9)+N(E9)+N(F9)+N(G9)+N(H9)>0,"⚠ REVIEW","✅ OK") -> 0
B10: Workplace Inspections | C10: =COUNTA('Workplace Inspections'!$B$4:$B$51) -> 0 | D10: =COUNTBLANK('Workplace Inspections'!$F$4:$F$51) -> 0 | E10: =COUNTBLANK('Workplace Inspections'!$C$4:$C$51) -> 0 | F10: =SUMPRODUCT((COUNTIF('Workplace Inspections'!$B$4:$B$51,'Workplace Inspections'!$B$4:$B$51)>1)*1) -> 0 | G10: =SUMPRODUCT(('Workplace Inspections'!$C$4:$C$51<>"")*(YEAR('Workplace Inspections'!$C$4:$C$51)<>ReportYear)) -> 0 | H10: n/a | I10: =IF(N(D10)+N(E10)+N(F10)+N(G10)+N(H10)>0,"⚠ REVIEW","✅ OK") -> 0
B11: Equipment Inspections | C11: =COUNTA('Equipment Inspections'!$B$4:$B$51) -> 0 | D11: =COUNTBLANK('Equipment Inspections'!$F$4:$F$51) -> 0 | E11: =COUNTBLANK('Equipment Inspections'!$C$4:$C$51) -> 0 | F11: =SUMPRODUCT((COUNTIF('Equipment Inspections'!$B$4:$B$51,'Equipment Inspections'!$B$4:$B$51)>1)*1) -> 0 | G11: =SUMPRODUCT(('Equipment Inspections'!$C$4:$C$51<>"")*(YEAR('Equipment Inspections'!$C$4:$C$51)<>ReportYear)) -> 0 | H11: n/a | I11: =IF(N(D11)+N(E11)+N(F11)+N(G11)+N(H11)>0,"⚠ REVIEW","✅ OK") -> 0
B12: Safety Walkthroughs | C12: =COUNTA('Safety Walkthroughs'!$B$4:$B$51) -> 0 | D12: =COUNTBLANK('Safety Walkthroughs'!$F$4:$F$51) -> 0 | E12: =COUNTBLANK('Safety Walkthroughs'!$C$4:$C$51) -> 0 | F12: =SUMPRODUCT((COUNTIF('Safety Walkthroughs'!$B$4:$B$51,'Safety Walkthroughs'!$B$4:$B$51)>1)*1) -> 0 | G12: =SUMPRODUCT(('Safety Walkthroughs'!$C$4:$C$51<>"")*(YEAR('Safety Walkthroughs'!$C$4:$C$51)<>ReportYear)) -> 0 | H12: n/a | I12: =IF(N(D12)+N(E12)+N(F12)+N(G12)+N(H12)>0,"⚠ REVIEW","✅ OK") -> 0
B13: Safety Meetings | C13: =COUNTA('Safety Meetings'!$B$4:$B$51) -> 0 | D13: =COUNTBLANK('Safety Meetings'!$G$4:$G$51) -> 0 | E13: =COUNTBLANK('Safety Meetings'!$C$4:$C$51) -> 0 | F13: =SUMPRODUCT((COUNTIF('Safety Meetings'!$B$4:$B$51,'Safety Meetings'!$B$4:$B$51)>1)*1) -> 0 | G13: =SUMPRODUCT(('Safety Meetings'!$C$4:$C$51<>"")*(YEAR('Safety Meetings'!$C$4:$C$51)<>ReportYear)) -> 0 | H13: n/a | I13: =IF(N(D13)+N(E13)+N(F13)+N(G13)+N(H13)>0,"⚠ REVIEW","✅ OK") -> 0
B14: Safety Bulletins | C14: =COUNTA('Safety Bulletins'!$B$4:$B$51) -> 0 | D14: n/a | E14: =COUNTBLANK('Safety Bulletins'!$C$4:$C$51) -> 0 | F14: =SUMPRODUCT((COUNTIF('Safety Bulletins'!$B$4:$B$51,'Safety Bulletins'!$B$4:$B$51)>1)*1) -> 0 | G14: =SUMPRODUCT(('Safety Bulletins'!$C$4:$C$51<>"")*(YEAR('Safety Bulletins'!$C$4:$C$51)<>ReportYear)) -> 0 | H14: n/a | I14: =IF(N(D14)+N(E14)+N(F14)+N(G14)+N(H14)>0,"⚠ REVIEW","✅ OK") -> 0
B15: Emergency Drills | C15: =COUNTA('Emergency Drills'!$B$4:$B$51) -> 0 | D15: n/a | E15: =COUNTBLANK('Emergency Drills'!$C$4:$C$51) -> 0 | F15: =SUMPRODUCT((COUNTIF('Emergency Drills'!$B$4:$B$51,'Emergency Drills'!$B$4:$B$51)>1)*1) -> 0 | G15: =SUMPRODUCT(('Emergency Drills'!$C$4:$C$51<>"")*(YEAR('Emergency Drills'!$C$4:$C$51)<>ReportYear)) -> 0 | H15: n/a | I15: =IF(N(D15)+N(E15)+N(F15)+N(G15)+N(H15)>0,"⚠ REVIEW","✅ OK") -> 0
B16: Internal Audits | C16: =COUNTA('Internal Audits'!$B$4:$B$51) -> 0 | D16: =COUNTBLANK('Internal Audits'!$G$4:$G$51) -> 0 | E16: =COUNTBLANK('Internal Audits'!$C$4:$C$51) -> 0 | F16: =SUMPRODUCT((COUNTIF('Internal Audits'!$B$4:$B$51,'Internal Audits'!$B$4:$B$51)>1)*1) -> 0 | G16: =SUMPRODUCT(('Internal Audits'!$C$4:$C$51<>"")*(YEAR('Internal Audits'!$C$4:$C$51)<>ReportYear)) -> 0 | H16: n/a | I16: =IF(N(D16)+N(E16)+N(F16)+N(G16)+N(H16)>0,"⚠ REVIEW","✅ OK") -> 0
B17: External Audits | C17: =COUNTA('External Audits'!$B$4:$B$51) -> 0 | D17: =COUNTBLANK('External Audits'!$G$4:$G$51) -> 0 | E17: =COUNTBLANK('External Audits'!$C$4:$C$51) -> 0 | F17: =SUMPRODUCT((COUNTIF('External Audits'!$B$4:$B$51,'External Audits'!$B$4:$B$51)>1)*1) -> 0 | G17: =SUMPRODUCT(('External Audits'!$C$4:$C$51<>"")*(YEAR('External Audits'!$C$4:$C$51)<>ReportYear)) -> 0 | H17: n/a | I17: =IF(N(D17)+N(E17)+N(F17)+N(G17)+N(H17)>0,"⚠ REVIEW","✅ OK") -> 0
B18: Management Visits | C18: =COUNTA('Management Visits'!$B$4:$B$51) -> 0 | D18: =COUNTBLANK('Management Visits'!$F$4:$F$51) -> 0 | E18: =COUNTBLANK('Management Visits'!$C$4:$C$51) -> 0 | F18: =SUMPRODUCT((COUNTIF('Management Visits'!$B$4:$B$51,'Management Visits'!$B$4:$B$51)>1)*1) -> 0 | G18: =SUMPRODUCT(('Management Visits'!$C$4:$C$51<>"")*(YEAR('Management Visits'!$C$4:$C$51)<>ReportYear)) -> 0 | H18: n/a | I18: =IF(N(D18)+N(E18)+N(F18)+N(G18)+N(H18)>0,"⚠ REVIEW","✅ OK") -> 0
B19: Management Reviews | C19: =COUNTA('Management Reviews'!$B$4:$B$51) -> 0 | D19: n/a | E19: =COUNTBLANK('Management Reviews'!$C$4:$C$51) -> 0 | F19: =SUMPRODUCT((COUNTIF('Management Reviews'!$B$4:$B$51,'Management Reviews'!$B$4:$B$51)>1)*1) -> 0 | G19: =SUMPRODUCT(('Management Reviews'!$C$4:$C$51<>"")*(YEAR('Management Reviews'!$C$4:$C$51)<>ReportYear)) -> 0 | H19: n/a | I19: =IF(N(D19)+N(E19)+N(F19)+N(G19)+N(H19)>0,"⚠ REVIEW","✅ OK") -> 0
B20: Disciplinary Actions | C20: =COUNTA('Disciplinary Actions'!$B$4:$B$51) -> 0 | D20: =COUNTBLANK('Disciplinary Actions'!$F$4:$F$51) -> 0 | E20: =COUNTBLANK('Disciplinary Actions'!$C$4:$C$51) -> 0 | F20: =SUMPRODUCT((COUNTIF('Disciplinary Actions'!$B$4:$B$51,'Disciplinary Actions'!$B$4:$B$51)>1)*1) -> 0 | G20: =SUMPRODUCT(('Disciplinary Actions'!$C$4:$C$51<>"")*(YEAR('Disciplinary Actions'!$C$4:$C$51)<>ReportYear)) -> 0 | H20: n/a | I20: =IF(N(D20)+N(E20)+N(F20)+N(G20)+N(H20)>0,"⚠ REVIEW","✅ OK") -> 0
B21: Safety Awards | C21: =COUNTA('Safety Awards'!$B$4:$B$51) -> 0 | D21: =COUNTBLANK('Safety Awards'!$F$4:$F$51) -> 0 | E21: =COUNTBLANK('Safety Awards'!$C$4:$C$51) -> 0 | F21: =SUMPRODUCT((COUNTIF('Safety Awards'!$B$4:$B$51,'Safety Awards'!$B$4:$B$51)>1)*1) -> 0 | G21: =SUMPRODUCT(('Safety Awards'!$C$4:$C$51<>"")*(YEAR('Safety Awards'!$C$4:$C$51)<>ReportYear)) -> 0 | H21: n/a | I21: =IF(N(D21)+N(E21)+N(F21)+N(G21)+N(H21)>0,"⚠ REVIEW","✅ OK") -> 0
B22: Stop Work Authority | C22: =COUNTA('Stop Work Authority'!$B$4:$B$51) -> 0 | D22: =COUNTBLANK('Stop Work Authority'!$F$4:$F$51) -> 0 | E22: =COUNTBLANK('Stop Work Authority'!$C$4:$C$51) -> 0 | F22: =SUMPRODUCT((COUNTIF('Stop Work Authority'!$B$4:$B$51,'Stop Work Authority'!$B$4:$B$51)>1)*1) -> 0 | G22: =SUMPRODUCT(('Stop Work Authority'!$C$4:$C$51<>"")*(YEAR('Stop Work Authority'!$C$4:$C$51)<>ReportYear)) -> 0 | H22: n/a | I22: =IF(N(D22)+N(E22)+N(F22)+N(G22)+N(H22)>0,"⚠ REVIEW","✅ OK") -> 0
B23: Alcohol Tests | C23: =COUNTA('Alcohol Tests'!$B$4:$B$51) -> 0 | D23: =COUNTBLANK('Alcohol Tests'!$E$4:$E$51) -> 0 | E23: =COUNTBLANK('Alcohol Tests'!$C$4:$C$51) -> 0 | F23: =SUMPRODUCT((COUNTIF('Alcohol Tests'!$B$4:$B$51,'Alcohol Tests'!$B$4:$B$51)>1)*1) -> 0 | G23: =SUMPRODUCT(('Alcohol Tests'!$C$4:$C$51<>"")*(YEAR('Alcohol Tests'!$C$4:$C$51)<>ReportYear)) -> 0 | H23: n/a | I23: =IF(N(D23)+N(E23)+N(F23)+N(G23)+N(H23)>0,"⚠ REVIEW","✅ OK") -> 0
B24: PTW Audits | C24: =COUNTA('PTW Audits'!$B$4:$B$51) -> 0 | D24: =COUNTBLANK('PTW Audits'!$F$4:$F$51) -> 0 | E24: =COUNTBLANK('PTW Audits'!$C$4:$C$51) -> 0 | F24: =SUMPRODUCT((COUNTIF('PTW Audits'!$B$4:$B$51,'PTW Audits'!$B$4:$B$51)>1)*1) -> 0 | G24: =SUMPRODUCT(('PTW Audits'!$C$4:$C$51<>"")*(YEAR('PTW Audits'!$C$4:$C$51)<>ReportYear)) -> 0 | H24: n/a | I24: =IF(N(D24)+N(E24)+N(F24)+N(G24)+N(H24)>0,"⚠ REVIEW","✅ OK") -> 0
B25: Corrective Actions | C25: =COUNTA('Corrective Actions'!$B$4:$B$51) -> 0 | D25: =COUNTBLANK('Corrective Actions'!$F$4:$F$51) -> 0 | E25: =COUNTBLANK('Corrective Actions'!$C$4:$C$51) -> 0 | F25: =SUMPRODUCT((COUNTIF('Corrective Actions'!$B$4:$B$51,'Corrective Actions'!$B$4:$B$51)>1)*1) -> 0 | G25: =SUMPRODUCT(('Corrective Actions'!$C$4:$C$51<>"")*(YEAR('Corrective Actions'!$C$4:$C$51)<>ReportYear)) -> 0 | H25: =SUMPRODUCT(('Corrective Actions'!$M$4:$M$51<>"")*('Corrective Actions'!$M$4:$M$51<'Corrective Actions'!$C$4:$C$51)) -> 0 | I25: =IF(N(D25)+N(E25)+N(F25)+N(G25)+N(H25)>0,"⚠ REVIEW","✅ OK") -> 0
B26: NC Management | C26: =COUNTA('NC Management'!$B$4:$B$51) -> 0 | D26: =COUNTBLANK('NC Management'!$G$4:$G$51) -> 0 | E26: =COUNTBLANK('NC Management'!$C$4:$C$51) -> 0 | F26: =SUMPRODUCT((COUNTIF('NC Management'!$B$4:$B$51,'NC Management'!$B$4:$B$51)>1)*1) -> 0 | G26: =SUMPRODUCT(('NC Management'!$C$4:$C$51<>"")*(YEAR('NC Management'!$C$4:$C$51)<>ReportYear)) -> 0 | H26: =SUMPRODUCT(('NC Management'!$L$4:$L$51<>"")*('NC Management'!$L$4:$L$51<'NC Management'!$C$4:$C$51)) -> 0 | I26: =IF(N(D26)+N(E26)+N(F26)+N(G26)+N(H26)>0,"⚠ REVIEW","✅ OK") -> 0
B27: Unsafe Acts | C27: =COUNTA('Unsafe Acts'!$B$4:$B$51) -> 0 | D27: =COUNTBLANK('Unsafe Acts'!$F$4:$F$51) -> 0 | E27: =COUNTBLANK('Unsafe Acts'!$C$4:$C$51) -> 0 | F27: =SUMPRODUCT((COUNTIF('Unsafe Acts'!$B$4:$B$51,'Unsafe Acts'!$B$4:$B$51)>1)*1) -> 0 | G27: =SUMPRODUCT(('Unsafe Acts'!$C$4:$C$51<>"")*(YEAR('Unsafe Acts'!$C$4:$C$51)<>ReportYear)) -> 0 | H27: n/a | I27: =IF(N(D27)+N(E27)+N(F27)+N(G27)+N(H27)>0,"⚠ REVIEW","✅ OK") -> 0
B28: Unsafe Conditions | C28: =COUNTA('Unsafe Conditions'!$B$4:$B$51) -> 0 | D28: =COUNTBLANK('Unsafe Conditions'!$F$4:$F$51) -> 0 | E28: =COUNTBLANK('Unsafe Conditions'!$C$4:$C$51) -> 0 | F28: =SUMPRODUCT((COUNTIF('Unsafe Conditions'!$B$4:$B$51,'Unsafe Conditions'!$B$4:$B$51)>1)*1) -> 0 | G28: =SUMPRODUCT(('Unsafe Conditions'!$C$4:$C$51<>"")*(YEAR('Unsafe Conditions'!$C$4:$C$51)<>ReportYear)) -> 0 | H28: n/a | I28: =IF(N(D28)+N(E28)+N(F28)+N(G28)+N(H28)>0,"⚠ REVIEW","✅ OK") -> 0
B29: Incident | C29: =COUNTA('Incident'!$B$4:$B$51) -> 0 | D29: =COUNTBLANK('Incident'!$H$4:$H$51) -> 0 | E29: =COUNTBLANK('Incident'!$C$4:$C$51) -> 0 | F29: =SUMPRODUCT((COUNTIF('Incident'!$B$4:$B$51,'Incident'!$B$4:$B$51)>1)*1) -> 0 | G29: =SUMPRODUCT(('Incident'!$C$4:$C$51<>"")*(YEAR('Incident'!$C$4:$C$51)<>ReportYear)) -> 0 | H29: =SUMPRODUCT(('Incident'!$AA$4:$AA$51<>"")*('Incident'!$AA$4:$AA$51<'Incident'!$C$4:$C$51)) -> 0 | I29: =IF(N(D29)+N(E29)+N(F29)+N(G29)+N(H29)>0,"⚠ REVIEW","✅ OK") -> 0
B30: Environmental Perf | C30: =COUNTA('Environmental Perf'!$B$4:$B$51) -> 0 | D30: =COUNTBLANK('Environmental Perf'!$E$4:$E$51) -> 0 | E30: =COUNTBLANK('Environmental Perf'!$C$4:$C$51) -> 0 | F30: =SUMPRODUCT((COUNTIF('Environmental Perf'!$B$4:$B$51,'Environmental Perf'!$B$4:$B$51)>1)*1) -> 0 | G30: =SUMPRODUCT(('Environmental Perf'!$C$4:$C$51<>"")*(YEAR('Environmental Perf'!$C$4:$C$51)<>ReportYear)) -> 0 | H30: n/a | I30: =IF(N(D30)+N(E30)+N(F30)+N(G30)+N(H30)>0,"⚠ REVIEW","✅ OK") -> 0
B32: TOTAL ISSUES (all registers) | D32: =SUMPRODUCT(N(D$6:D$30)) -> 0 | E32: =SUMPRODUCT(N(E$6:E$30)) -> 0 | F32: =SUMPRODUCT(N(F$6:F$30)) -> 0 | G32: =SUMPRODUCT(N(G$6:G$30)) -> 0 | H32: =SUMPRODUCT(N(H$6:H$30)) -> 0

Sheet Investigation Log
A1: 🔬 INVESTIGATION LOG — 5-Why Root-Cause Analysis — DATA ENTRY | R1: Home
A2: Pick an Incident ID OR an NC No. (not both) — Department & Classification/Severity auto-fill. Blue = user input · Gray = auto-calculated
A3: S.No | B3: Investigation ID | C3: Date | D3: Incident ID | E3: NC No. | F3: Department | G3: Classification / Severity | H3: Why 1 | I3: Why 2 | J3: Why 3 | K3: Why 4 | L3: Why 5 | M3: Root Cause | N3: Corrective Action | O3: Investigator | P3: Status
A4: 1 | F4: =IFERROR(INDEX('Incident'!$H$4:$H$100003,MATCH(D4,'Incident'!$B$4:$B$100003,0)),IFERROR(INDEX('NC Management'!$G$4:$G$100003,MATCH(E4,'NC Management'!$B$4:$B$100003,0)),"")) -> 0 | G4: =IFERROR(INDEX('Incident'!$N$4:$N$100003,MATCH(D4,'Incident'!$B$4:$B$100003,0)),IFERROR(INDEX('NC Management'!$F$4:$F$100003,MATCH(E4,'NC Management'!$B$4:$B$100003,0)),"")) -> 0
A5: 2 | F5: =IFERROR(INDEX('Incident'!$H$4:$H$100003,MATCH(D5,'Incident'!$B$4:$B$100003,0)),IFERROR(INDEX('NC Management'!$G$4:$G$100003,MATCH(E5,'NC Management'!$B$4:$B$100003,0)),"")) -> 0 | G5: =IFERROR(INDEX('Incident'!$N$4:$N$100003,MATCH(D5,'Incident'!$B$4:$B$100003,0)),IFERROR(INDEX('NC Management'!$F$4:$F$100003,MATCH(E5,'NC Management'!$B$4:$B$100003,0)),"")) -> 0
A6: 3 | F6: =IFERROR(INDEX('Incident'!$H$4:$H$100003,MATCH(D6,'Incident'!$B$4:$B$100003,0)),IFERROR(INDEX('NC Management'!$G$4:$G$100003,MATCH(E6,'NC Management'!$B$4:$B$100003,0)),"")) -> 0 | G6: =IFERROR(INDEX('Incident'!$N$4:$N$100003,MATCH(D6,'Incident'!$B$4:$B$100003,0)),IFERROR(INDEX('NC Management'!$F$4:$F$100003,MATCH(E6,'NC Management'!$B$4:$B$100003,0)),"")) -> 0
A7: 4 | F7: =IFERROR(INDEX('Incident'!$H$4:$H$100003,MATCH(D7,'Incident'!$B$4:$B$100003,0)),IFERROR(INDEX('NC Management'!$G$4:$G$100003,MATCH(E7,'NC Management'!$B$4:$B$100003,0)),"")) -> 0 | G7: =IFERROR(INDEX('Incident'!$N$4:$N$100003,MATCH(D7,'Incident'!$B$4:$B$100003,0)),IFERROR(INDEX('NC Management'!$F$4:$F$100003,MATCH(E7,'NC Management'!$B$4:$B$100003,0)),"")) -> 0
A8: 5 | F8: =IFERROR(INDEX('Incident'!$H$4:$H$100003,MATCH(D8,'Incident'!$B$4:$B$100003,0)),IFERROR(INDEX('NC Management'!$G$4:$G$100003,MATCH(E8,'NC Management'!$B$4:$B$100003,0)),"")) -> 0 | G8: =IFERROR(INDEX('Incident'!$N$4:$N$100003,MATCH(D8,'Incident'!$B$4:$B$100003,0)),IFERROR(INDEX('NC Management'!$F$4:$F$100003,MATCH(E8,'NC Management'!$B$4:$B$100003,0)),"")) -> 0
A9: 6 | F9: =IFERROR(INDEX('Incident'!$H$4:$H$100003,MATCH(D9,'Incident'!$B$4:$B$100003,0)),IFERROR(INDEX('NC Management'!$G$4:$G$100003,MATCH(E9,'NC Management'!$B$4:$B$100003,0)),"")) -> 0 | G9: =IFERROR(INDEX('Incident'!$N$4:$N$100003,MATCH(D9,'Incident'!$B$4:$B$100003,0)),IFERROR(INDEX('NC Management'!$F$4:$F$100003,MATCH(E9,'NC Management'!$B$4:$B$100003,0)),"")) -> 0
A10: 7 | F10: =IFERROR(INDEX('Incident'!$H$4:$H$100003,MATCH(D10,'Incident'!$B$4:$B$100003,0)),IFERROR(INDEX('NC Management'!$G$4:$G$100003,MATCH(E10,'NC Management'!$B$4:$B$100003,0)),"")) -> 0 | G10: =IFERROR(INDEX('Incident'!$N$4:$N$100003,MATCH(D10,'Incident'!$B$4:$B$100003,0)),IFERROR(INDEX('NC Management'!$F$4:$F$100003,MATCH(E10,'NC Management'!$B$4:$B$100003,0)),"")) -> 0
A11: 8 | F11: =IFERROR(INDEX('Incident'!$H$4:$H$100003,MATCH(D11,'Incident'!$B$4:$B$100003,0)),IFERROR(INDEX('NC Management'!$G$4:$G$100003,MATCH(E11,'NC Management'!$B$4:$B$100003,0)),"")) -> 0 | G11: =IFERROR(INDEX('Incident'!$N$4:$N$100003,MATCH(D11,'Incident'!$B$4:$B$100003,0)),IFERROR(INDEX('NC Management'!$F$4:$F$100003,MATCH(E11,'NC Management'!$B$4:$B$100003,0)),"")) -> 0
A12: 9 | F12: =IFERROR(INDEX('Incident'!$H$4:$H$100003,MATCH(D12,'Incident'!$B$4:$B$100003,0)),IFERROR(INDEX('NC Management'!$G$4:$G$100003,MATCH(E12,'NC Management'!$B$4:$B$100003,0)),"")) -> 0 | G12: =IFERROR(INDEX('Incident'!$N$4:$N$100003,MATCH(D12,'Incident'!$B$4:$B$100003,0)),IFERROR(INDEX('NC Management'!$F$4:$F$100003,MATCH(E12,'NC Management'!$B$4:$B$100003,0)),"")) -> 0
A13: 10 | F13: =IFERROR(INDEX('Incident'!$H$4:$H$100003,MATCH(D13,'Incident'!$B$4:$B$100003,0)),IFERROR(INDEX('NC Management'!$G$4:$G$100003,MATCH(E13,'NC Management'!$B$4:$B$100003,0)),"")) -> 0 | G13: =IFERROR(INDEX('Incident'!$N$4:$N$100003,MATCH(D13,'Incident'!$B$4:$B$100003,0)),IFERROR(INDEX('NC Management'!$F$4:$F$100003,MATCH(E13,'NC Management'!$B$4:$B$100003,0)),"")) -> 0
A14: 11 | F14: =IFERROR(INDEX('Incident'!$H$4:$H$100003,MATCH(D14,'Incident'!$B$4:$B$100003,0)),IFERROR(INDEX('NC Management'!$G$4:$G$100003,MATCH(E14,'NC Management'!$B$4:$B$100003,0)),"")) -> 0 | G14: =IFERROR(INDEX('Incident'!$N$4:$N$100003,MATCH(D14,'Incident'!$B$4:$B$100003,0)),IFERROR(INDEX('NC Management'!$F$4:$F$100003,MATCH(E14,'NC Management'!$B$4:$B$100003,0)),"")) -> 0
A15: 12 | F15: =IFERROR(INDEX('Incident'!$H$4:$H$100003,MATCH(D15,'Incident'!$B$4:$B$100003,0)),IFERROR(INDEX('NC Management'!$G$4:$G$100003,MATCH(E15,'NC Management'!$B$4:$B$100003,0)),"")) -> 0 | G15: =IFERROR(INDEX('Incident'!$N$4:$N$100003,MATCH(D15,'Incident'!$B$4:$B$100003,0)),IFERROR(INDEX('NC Management'!$F$4:$F$100003,MATCH(E15,'NC Management'!$B$4:$B$100003,0)),"")) -> 0
... A303: 300 | F303: =IFERROR(INDEX('Incident'!$H$4:$H$100003,MATCH(D303,'Incident'!$B$4:$B$100003,0)),IFERROR(INDEX('NC Management'!$G$4:$G$100003,MATCH(E303,'NC Management'!$B$4:$B$100003,0)),"")) -> 0 | G303: =IFERROR(INDEX('Incident'!$N$4:$N$100003,MATCH(D303,'Incident'!$B$4:$B$100003,0)),IFERROR(INDEX('NC Management'!$F$4:$F$100003,MATCH(E303,'NC Management'!$B$4:$B$100003,0)),"")) -> 0

Sheet Change Log
B1: Home
B2: 📝 CHANGE LOG — automatic audit trail of register edits (who, what, when)
B3: Populated automatically by Workbook_SheetChange whenever a register cell is edited. Old Value shows '(n/a)' for multi-cell pastes (only single-cell edits are tracked before/after).
B5: Timestamp | C5: Sheet | D5: Cell | E5: Old Value | F5: New Value | G5: User

Sheet Calculations
B1: Home
B2: EHS ROLLUP ENGINE — auto-recalculates from every register
B5: Resolved Filters
B6: Month criteria | C6: =IF(SelMonth="All","<>",SelMonth) -> 0
B7: Dept criteria | C7: =IF(SelDept="All","<>",SelDept) -> 0
B9: PERIOD ENGINE (current vs prior)
B10: IsQuarter | C10: =IF(LEFT(SelPeriod,1)="Q",1,0) -> 0 | E10: CurQ | F10: =IF(Calculations!$C$10=1,VALUE(MID(SelPeriod,2,1)),ROUNDUP(MATCH(SelPeriod,L_Month,0)/3,0)) -> 0 | H10: CurMonthNo | I10: =IF(Calculations!$C$10=1,0,MATCH(SelPeriod,L_Month,0)) -> 0 | DJ10: Executive KPI (period variance) | DS10: Incident Pyramid (period) | DT10: Count | DV10: Incident Trend | DW10: Inc
B11: Month | C11: No | D11: Cur | E11: Prior | F11: recordable | G11: ltifat | H11: nearmiss | I11: firstaid | J11: medical | K11: restricted | L11: lti | M11: fatality | N11: lostdays | O11: totalinc | P11: disc | Q11: nc_open | R11: training_total | S11: train_completed | T11: obs_total | U11: obs_closed | V11: toolbox | W11: inspections | X11: audits | Y11: ptw_total | Z11: ptw_compliant | AA11: drills | AB11: ca_total | AC11: ca_closed | AD11: jsa | AE11: meetings | AF11: unsafe_reports | AG11: ua_m | AH11: uc_m | AI11: toolbox_att_actual | AJ11: toolbox_att_target | AK11: jsa_approved | AL11: wpinsp_total | AM11: wpinsp_closed | AN11: eqinsp_total | AO11: eqinsp_critical | AP11: walk_total | AQ11: meetings_raised | AR11: meetings_closed | AS11: bulletins_total | AT11: bulletins_target | AU11: bulletins_actual | AV11: drills_target | AW11: drills_actual | AX11: iaudit_total | AY11: iaudit_nc | AZ11: eaudit_total | BA11: eaudit_nc | BB11: mgmtvisit_total | BC11: mgmtvisit_raised | BD11: mgmtvisit_closed | BE11: mgmtreview_total | BF11: mgmtreview_attended | BG11: mgmtreview_invited | BH11: awards_total | BI11: swa_total | BJ11: alcohol_total | BK11: alcohol_positive | BL11: unsafeact_total | BM11: unsafeact_closed | BN11: unsafecond_total | BO11: unsafecond_closed | BP11: nc_total | BQ11: nc_closed | BR11: induction_total | BS11: hseobs_safe | BT11: hseobs_atrisk | BU11: drill_resp_actual | BV11: drill_resp_target | BW11: iaudit_major | BX11: eaudit_major | BY11: mgmtreview_decisions | BZ11: mgmtreview_actions | CA11: swa_downtime | CB11: training_hours | CC11: wpinsp_nc | CD11: ca_ontime | CE11: ca_delayed | CF11: jsa_critical | CG11: jsa_high | CH11: jsa_medium | CI11: jsa_low | CJ11: trir_m | CK11: ltifr_m | CL11: bench_trir_m | CM11: bench_ltifr_m | CN11: alcohol_rate_m | CO11: leading_total | CP11: lagging_total | CQ11: leadlag_ratio | DJ11: KPI | DK11: Band | DL11: Cur | DM11: Prior | DN11: Delta% | DO11: Good | DS11: Fatality | DT11: =SUMPRODUCT(Calculations!$M$12:$M$23,Calculations!$D$12:$D$23) -> 0 | DV11: Jan | DW11: =COUNTIFS('Incident'!$D$4:$D$100003,"Jan",'Incident'!$H$4:$H$100003,dCrit) -> 0 | DY11: NC Closure | DZ11: Alcohol Positive % | EA11: Toolbox Avg Attendance | EB11: JSA % Approved | EC11: Training Compliance | ED11: Obs Closure | EE11: Workplace Insp. Closure | EF11: Meetings Close-out | EG11: Bulletin Reach | EH11: Drill Participation | EI11: Mgmt Visit Close-out | EJ11: Mgmt Review Attendance | EK11: PTW Compliance | EL11: CA Closure | EM11: Unsafe Act Closure | EN11: Unsafe Condition Closure
B12: Jan | C12: 1 | D12: =IF(Calculations!$C$10=1,IF(ROUNDUP($C$12/3,0)=Calculations!$F$10,1,0),IF($C$12=Calculations!$I$10,1,0)) -> 0 | E12: =IF(Calculations!$C$10=1,IF(ROUNDUP($C$12/3,0)=Calculations!$F$10-1,1,0),IF($C$12=Calculations!$I$10-1,1,0)) -> 0 | F12: =COUNTIFS('Incident'!$N$4:$N$100003,"Medical Treatment",'Incident'!$D$4:$D$100003,"Jan",'Incident'!$H$4:$H$100003,dCrit)+COUNTIFS('Incident'!$N$4:$N$100003,"Restricted Work",'Incident'!$D$4:$D$100003,"Jan",'Incident'!$H$4:$H$100003,dCrit)+COUNTIFS('Incident'!$N$4:$N$100003,"Lost Time Injury",'Incident'!$D$4:$D$100003,"Jan",'Incident'!$H$4:$H$100003,dCrit)+COUNTIFS('Incident'!$N$4:$N$100003,"Fatality",'Incident'!$D$4:$D$100003,"Jan",'Incident'!$H$4:$H$100003,dCrit) -> 0 | G12: =COUNTIFS('Incident'!$N$4:$N$100003,"Lost Time Injury",'Incident'!$D$4:$D$100003,"Jan",'Incident'!$H$4:$H$100003,dCrit)+COUNTIFS('Incident'!$N$4:$N$100003,"Fatality",'Incident'!$D$4:$D$100003,"Jan",'Incident'!$H$4:$H$100003,dCrit) -> 0 | H12: =COUNTIFS('Incident'!$N$4:$N$100003,"Near Miss",'Incident'!$D$4:$D$100003,"Jan",'Incident'!$H$4:$H$100003,dCrit) -> 0 | I12: =COUNTIFS('Incident'!$N$4:$N$100003,"First Aid",'Incident'!$D$4:$D$100003,"Jan",'Incident'!$H$4:$H$100003,dCrit) -> 0 | J12: =COUNTIFS('Incident'!$N$4:$N$100003,"Medical Treatment",'Incident'!$D$4:$D$100003,"Jan",'Incident'!$H$4:$H$100003,dCrit) -> 0 | K12: =COUNTIFS('Incident'!$N$4:$N$100003,"Restricted Work",'Incident'!$D$4:$D$100003,"Jan",'Incident'!$H$4:$H$100003,dCrit) -> 0 | L12: =COUNTIFS('Incident'!$N$4:$N$100003,"Lost Time Injury",'Incident'!$D$4:$D$100003,"Jan",'Incident'!$H$4:$H$100003,dCrit) -> 0 | M12: =COUNTIFS('Incident'!$N$4:$N$100003,"Fatality",'Incident'!$D$4:$D$100003,"Jan",'Incident'!$H$4:$H$100003,dCrit) -> 0 | N12: =SUMIFS('Incident'!$V$4:$V$100003,'Incident'!$D$4:$D$100003,"Jan",'Incident'!$H$4:$H$100003,dCrit) -> 0 | O12: =COUNTIFS('Incident'!$D$4:$D$100003,"Jan",'Incident'!$H$4:$H$100003,dCrit) -> 0 | P12: =COUNTIFS('Disciplinary Actions'!$D$4:$D$100003,"Jan",'Disciplinary Actions'!$F$4:$F$100003,dCrit) -> 0 | Q12: =COUNTIFS('NC Management'!$M$4:$M$100003,"Open",'NC Management'!$D$4:$D$100003,"Jan",'NC Management'!$G$4:$G$100003,dCrit)+COUNTIFS('NC Management'!$M$4:$M$100003,"Overdue",'NC Management'!$D$4:$D$100003,"Jan",'NC Management'!$G$4:$G$100003,dCrit) -> 0 | R12: =COUNTIFS('Training'!$D$4:$D$100003,"Jan",'Training'!$G$4:$G$100003,dCrit) -> 0 | S12: =COUNTIFS('Training'!$N$4:$N$100003,"Completed",'Training'!$D$4:$D$100003,"Jan",'Training'!$G$4:$G$100003,dCrit) -> 0 | T12: =COUNTIFS('HSE Observations'!$D$4:$D$100003,"Jan",'HSE Observations'!$G$4:$G$100003,dCrit) -> 0 | U12: =COUNTIFS('HSE Observations'!$M$4:$M$100003,"Completed",'HSE Observations'!$D$4:$D$100003,"Jan",'HSE Observations'!$G$4:$G$100003,dCrit) -> 0 | V12: =COUNTIFS('Toolbox Talks'!$D$4:$D$100003,"Jan",'Toolbox Talks'!$F$4:$F$100003,dCrit) -> 0 | W12: =COUNTIFS('Workplace Inspections'!$D$4:$D$100003,"Jan",'Workplace Inspections'!$F$4:$F$100003,dCrit)+COUNTIFS('Equipment Inspections'!$D$4:$D$100003,"Jan",'Equipment Inspections'!$F$4:$F$100003,dCrit)+COUNTIFS('Safety Walkthroughs'!$D$4:$D$100003,"Jan",'Safety Walkthroughs'!$F$4:$F$100003,dCrit) -> 0 | X12: =COUNTIFS('Internal Audits'!$D$4:$D$100003,"Jan",'Internal Audits'!$G$4:$G$100003,dCrit)+COUNTIFS('External Audits'!$D$4:$D$100003,"Jan",'External Audits'!$G$4:$G$100003,dCrit) -> 0 | Y12: =COUNTIFS('PTW Audits'!$D$4:$D$100003,"Jan",'PTW Audits'!$F$4:$F$100003,dCrit) -> 0 | Z12: =COUNTIFS('PTW Audits'!$M$4:$M$100003,"Compliant",'PTW Audits'!$D$4:$D$100003,"Jan",'PTW Audits'!$F$4:$F$100003,dCrit) -> 0 | AA12: =COUNTIFS('Emergency Drills'!$D$4:$D$100003,"Jan") -> 0 | AB12: =COUNTIFS('Corrective Actions'!$D$4:$D$100003,"Jan",'Corrective Actions'!$F$4:$F$100003,dCrit) -> 0 | AC12: =COUNTIFS('Corrective Actions'!$N$4:$N$100003,"Completed",'Corrective Actions'!$D$4:$D$100003,"Jan",'Corrective Actions'!$F$4:$F$100003,dCrit) -> 0 | AD12: =COUNTIFS('JSA Risk Assessment'!$D$4:$D$100003,"Jan",'JSA Risk Assessment'!$F$4:$F$100003,dCrit) -> 0 | AE12: =COUNTIFS('Safety Meetings'!$D$4:$D$100003,"Jan",'Safety Meetings'!$G$4:$G$100003,dCrit) -> 0 | AF12: =COUNTIFS('Unsafe Acts'!$D$4:$D$100003,"Jan",'Unsafe Acts'!$F$4:$F$100003,dCrit)+COUNTIFS('Unsafe Conditions'!$D$4:$D$100003,"Jan",'Unsafe Conditions'!$F$4:$F$100003,dCrit) -> 0 | AG12: =COUNTIFS('Unsafe Acts'!$D$4:$D$100003,"Jan",'Unsafe Acts'!$F$4:$F$100003,dCrit) -> 0 | AH12: =COUNTIFS('Unsafe Conditions'!$D$4:$D$100003,"Jan",'Unsafe Conditions'!$F$4:$F$100003,dCrit) -> 0 | AI12: =SUMIFS('Toolbox Talks'!$J$4:$J$100003,'Toolbox Talks'!$D$4:$D$100003,"Jan",'Toolbox Talks'!$F$4:$F$100003,dCrit) -> 0 | AJ12: =SUMIFS('Toolbox Talks'!$I$4:$I$100003,'Toolbox Talks'!$D$4:$D$100003,"Jan",'Toolbox Talks'!$F$4:$F$100003,dCrit) -> 0 | AK12: =COUNTIFS('JSA Risk Assessment'!$M$4:$M$100003,"Approved",'JSA Risk Assessment'!$D$4:$D$100003,"Jan",'JSA Risk Assessment'!$F$4:$F$100003,dCrit) -> 0 | AL12: =COUNTIFS('Workplace Inspections'!$D$4:$D$100003,"Jan",'Workplace Inspections'!$F$4:$F$100003,dCrit) -> 0 | AM12: =COUNTIFS('Workplace Inspections'!$M$4:$M$100003,"Completed",'Workplace Inspections'!$D$4:$D$100003,"Jan",'Workplace Inspections'!$F$4:$F$100003,dCrit) -> 0 | AN12: =COUNTIFS('Equipment Inspections'!$D$4:$D$100003,"Jan",'Equipment Inspections'!$F$4:$F$100003,dCrit) -> 0 | AO12: =SUMIFS('Equipment Inspections'!$K$4:$K$100003,'Equipment Inspections'!$D$4:$D$100003,"Jan",'Equipment Inspections'!$F$4:$F$100003,dCrit) -> 0 | AP12: =COUNTIFS('Safety Walkthroughs'!$D$4:$D$100003,"Jan",'Safety Walkthroughs'!$F$4:$F$100003,dCrit) -> 0 | AQ12: =SUMIFS('Safety Meetings'!$M$4:$M$100003,'Safety Meetings'!$D$4:$D$100003,"Jan",'Safety Meetings'!$G$4:$G$100003,dCrit) -> 0 | AR12: =SUMIFS('Safety Meetings'!$N$4:$N$100003,'Safety Meetings'!$D$4:$D$100003,"Jan",'Safety Meetings'!$G$4:$G$100003,dCrit) -> 0 | AS12: =COUNTIFS('Safety Bulletins'!$D$4:$D$100003,"Jan") -> 0 | AT12: =SUMIFS('Safety Bulletins'!$L$4:$L$100003,'Safety Bulletins'!$D$4:$D$100003,"Jan") -> 0 | AU12: =SUMIFS('Safety Bulletins'!$M$4:$M$100003,'Safety Bulletins'!$D$4:$D$100003,"Jan") -> 0 | AV12: =SUMIFS('Emergency Drills'!$H$4:$H$100003,'Emergency Drills'!$D$4:$D$100003,"Jan") -> 0 | AW12: =SUMIFS('Emergency Drills'!$I$4:$I$100003,'Emergency Drills'!$D$4:$D$100003,"Jan") -> 0 | AX12: =COUNTIFS('Internal Audits'!$D$4:$D$100003,"Jan",'Internal Audits'!$G$4:$G$100003,dCrit) -> 0 | AY12: =SUMIFS('Internal Audits'!$L$4:$L$100003,'Internal Audits'!$D$4:$D$100003,"Jan",'Internal Audits'!$G$4:$G$100003,dCrit)+SUMIFS('Internal Audits'!$M$4:$M$100003,'Internal Audits'!$D$4:$D$100003,"Jan",'Internal Audits'!$G$4:$G$100003,dCrit) -> 0 | AZ12: =COUNTIFS('External Audits'!$D$4:$D$100003,"Jan",'External Audits'!$G$4:$G$100003,dCrit) -> 0 | BA12: =SUMIFS('External Audits'!$L$4:$L$100003,'External Audits'!$D$4:$D$100003,"Jan",'External Audits'!$G$4:$G$100003,dCrit)+SUMIFS('External Audits'!$M$4:$M$100003,'External Audits'!$D$4:$D$100003,"Jan",'External Audits'!$G$4:$G$100003,dCrit) -> 0 | BB12: =COUNTIFS('Management Visits'!$D$4:$D$100003,"Jan",'Management Visits'!$F$4:$F$100003,dCrit) -> 0 | BC12: =SUMIFS('Management Visits'!$K$4:$K$100003,'Management Visits'!$D$4:$D$100003,"Jan",'Management Visits'!$F$4:$F$100003,dCrit) -> 0 | BD12: =SUMIFS('Management Visits'!$L$4:$L$100003,'Management Visits'!$D$4:$D$100003,"Jan",'Management Visits'!$F$4:$F$100003,dCrit) -> 0 | BE12: =COUNTIFS('Management Reviews'!$D$4:$D$100003,"Jan") -> 0 | BF12: =SUMIFS('Management Reviews'!$H$4:$H$100003,'Management Reviews'!$D$4:$D$100003,"Jan") -> 0 | BG12: =SUMIFS('Management Reviews'!$G$4:$G$100003,'Management Reviews'!$D$4:$D$100003,"Jan") -> 0 | BH12: =COUNTIFS('Safety Awards'!$D$4:$D$100003,"Jan",'Safety Awards'!$F$4:$F$100003,dCrit) -> 0 | BI12: =COUNTIFS('Stop Work Authority'!$D$4:$D$100003,"Jan",'Stop Work Authority'!$F$4:$F$100003,dCrit) -> 0 | BJ12: =COUNTIFS('Alcohol Tests'!$D$4:$D$100003,"Jan",'Alcohol Tests'!$E$4:$E$100003,dCrit) -> 0 | BK12: =COUNTIFS('Alcohol Tests'!$H$4:$H$100003,"Positive",'Alcohol Tests'!$D$4:$D$100003,"Jan",'Alcohol Tests'!$E$4:$E$100003,dCrit) -> 0 | BL12: =COUNTIFS('Unsafe Acts'!$D$4:$D$100003,"Jan",'Unsafe Acts'!$F$4:$F$100003,dCrit) -> 0 | BM12: =COUNTIFS('Unsafe Acts'!$M$4:$M$100003,"Completed",'Unsafe Acts'!$D$4:$D$100003,"Jan",'Unsafe Acts'!$F$4:$F$100003,dCrit) -> 0 | BN12: =COUNTIFS('Unsafe Conditions'!$D$4:$D$100003,"Jan",'Unsafe Conditions'!$F$4:$F$100003,dCrit) -> 0 | BO12: =COUNTIFS('Unsafe Conditions'!$M$4:$M$100003,"Completed",'Unsafe Conditions'!$D$4:$D$100003,"Jan",'Unsafe Conditions'!$F$4:$F$100003,dCrit) -> 0 | BP12: =COUNTIFS('NC Management'!$D$4:$D$100003,"Jan",'NC Management'!$G$4:$G$100003,dCrit) -> 0 | BQ12: =COUNTIFS('NC Management'!$M$4:$M$100003,"Closed",'NC Management'!$D$4:$D$100003,"Jan",'NC Management'!$G$4:$G$100003,dCrit) -> 0 | BR12: =COUNTIFS('Training'!$F$4:$F$100003,"Induction",'Training'!$D$4:$D$100003,"Jan",'Training'!$G$4:$G$100003,dCrit) -> 0 | BS12: =COUNTIFS('HSE Observations'!$E$4:$E$100003,"Safe Act",'HSE Observations'!$D$4:$D$100003,"Jan",'HSE Observations'!$G$4:$G$100003,dCrit)+COUNTIFS('HSE Observations'!$E$4:$E$100003,"Safe Condition",'HSE Observations'!$D$4:$D$100003,"Jan",'HSE Observations'!$G$4:$G$100003,dCrit) -> 0 | BT12: =COUNTIFS('HSE Observations'!$E$4:$E$100003,"Unsafe Act",'HSE Observations'!$D$4:$D$100003,"Jan",'HSE Observations'!$G$4:$G$100003,dCrit)+COUNTIFS('HSE Observations'!$E$4:$E$100003,"Unsafe Condition",'HSE Observations'!$D$4:$D$100003,"Jan",'HSE Observations'!$G$4:$G$100003,dCrit) -> 0 | BU12: =IFERROR(AVERAGEIFS('Emergency Drills'!$L$4:$L$100003,'Emergency Drills'!$D$4:$D$100003,"Jan"),0) -> 0 | BV12: =IFERROR(AVERAGEIFS('Emergency Drills'!$K$4:$K$100003,'Emergency Drills'!$D$4:$D$100003,"Jan"),0) -> 0 | BW12: =SUMIFS('Internal Audits'!$M$4:$M$100003,'Internal Audits'!$D$4:$D$100003,"Jan",'Internal Audits'!$G$4:$G$100003,dCrit) -> 0 | BX12: =SUMIFS('External Audits'!$M$4:$M$100003,'External Audits'!$D$4:$D$100003,"Jan",'External Audits'!$G$4:$G$100003,dCrit) -> 0 | BY12: =SUMIFS('Management Reviews'!$K$4:$K$100003,'Management Reviews'!$D$4:$D$100003,"Jan") -> 0 | BZ12: =SUMIFS('Management Reviews'!$L$4:$L$100003,'Management Reviews'!$D$4:$D$100003,"Jan") -> 0 | CA12: =SUMIFS('Stop Work Authority'!$J$4:$J$100003,'Stop Work Authority'!$D$4:$D$100003,"Jan",'Stop Work Authority'!$F$4:$F$100003,dCrit) -> 0 | CB12: =SUMIFS('Training'!$M$4:$M$100003,'Training'!$D$4:$D$100003,"Jan",'Training'!$G$4:$G$100003,dCrit) -> 0 | CC12: =SUMIFS('Workplace Inspections'!$J$4:$J$100003,'Workplace Inspections'!$D$4:$D$100003,"Jan",'Workplace Inspections'!$F$4:$F$100003,dCrit) -> 0 | CD12: =COUNTIFS('Corrective Actions'!$O$4:$O$100003,"On-Time",'Corrective Actions'!$D$4:$D$100003,"Jan",'Corrective Actions'!$F$4:$F$100003,dCrit) -> 0 | CE12: =COUNTIFS('Corrective Actions'!$O$4:$O$100003,"Delayed",'Corrective Actions'!$D$4:$D$100003,"Jan",'Corrective Actions'!$F$4:$F$100003,dCrit) -> 0 | CF12: =COUNTIFS('JSA Risk Assessment'!$J$4:$J$100003,"Critical",'JSA Risk Assessment'!$D$4:$D$100003,"Jan",'JSA Risk Assessment'!$F$4:$F$100003,dCrit) -> 0 | CG12: =COUNTIFS('JSA Risk Assessment'!$J$4:$J$100003,"High",'JSA Risk Assessment'!$D$4:$D$100003,"Jan",'JSA Risk Assessment'!$F$4:$F$100003,dCrit) -> 0 | CH12: =COUNTIFS('JSA Risk Assessment'!$J$4:$J$100003,"Medium",'JSA Risk Assessment'!$D$4:$D$100003,"Jan",'JSA Risk Assessment'!$F$4:$F$100003,dCrit) -> 0 | CI12: =COUNTIFS('JSA Risk Assessment'!$J$4:$J$100003,"Low",'JSA Risk Assessment'!$D$4:$D$100003,"Jan",'JSA Risk Assessment'!$F$4:$F$100003,dCrit) -> 0 | CJ12: =IFERROR($F$12*TRIRmult/Settings!$C$13,0) -> 0 | CK12: =IFERROR($G$12*LTIFRmult/Settings!$C$13,0) -> 0 | CL12: =BenchTRIR -> 0 | CM12: =BenchLTIFR -> 0 | CN12: =IFERROR($BK$12/$BJ$12*100,0) -> 0 | CO12: =$V$12+$R$12+$T$12+$W$12+$X$12+$AA$12+$Y$12+$AE$12+$AD$12 -> 0 | CP12: =$O$12+$BP$12+$P$12 -> 0 | CQ12: =IFERROR($CO$12/$CP$12,0) -> 0 | DJ12: TRIR | DK12: Lagging | DL12: =IFERROR(SUMPRODUCT(Calculations!$F$12:$F$23,Calculations!$D$12:$D$23)*TRIRmult/SUMPRODUCT(ManhoursM,Calculations!$D$12:$D$23),0) -> 0 | DM12: =IFERROR(SUMPRODUCT(Calculations!$F$12:$F$23,Calculations!$E$12:$E$23)*TRIRmult/SUMPRODUCT(ManhoursM,Calculations!$E$12:$E$23),0) -> 0 | DN12: =IFERROR(($DL$12-$DM$12)/$DM$12,IF($DL$12>0,1,0)) -> 0 | DO12: =($DL$12-$DM$12)*-1 -> 0 | DP12: =TgtTRIR -> 0 | DQ12: =IFERROR(IF($DL$12<=$DP$12,2,IF($DL$12<=$DP$12/AmberBand,1,0)),1) -> 0 | DS12: Lost Time Injury | DT12: =SUMPRODUCT(Calculations!$L$12:$L$23,Calculations!$D$12:$D$23) -> 0 | DV12: Feb | DW12: =COUNTIFS('Incident'!$D$4:$D$100003,"Feb",'Incident'!$H$4:$H$100003,dCrit) -> 0 | DY12: =IFERROR($BQ$12/$BP$12*100,0) -> 0 | DZ12: =IFERROR($BK$12/$BJ$12*100,0) -> 0 | EA12: =IFERROR($AI$12/$AJ$12*100,0) -> 0 | EB12: =IFERROR($AK$12/$AD$12*100,0) -> 0 | EC12: =IFERROR($S$12/$R$12*100,0) -> 0 | ED12: =IFERROR($U$12/$T$12*100,0) -> 0 | EE12: =IFERROR($AM$12/$AL$12*100,0) -> 0 | EF12: =IFERROR($AR$12/$AQ$12*100,0) -> 0 | EG12: =IFERROR($AU$12/$AT$12*100,0) -> 0 | EH12: =IFERROR($AW$12/$AV$12*100,0) -> 0 | EI12: =IFERROR($BD$12/$BC$12*100,0) -> 0 | EJ12: =IFERROR($BF$12/$BG$12*100,0) -> 0 | EK12: =IFERROR($Z$12/$Y$12*100,0) -> 0 | EL12: =IFERROR($AC$12/$AB$12*100,0) -> 0 | EM12: =IFERROR($BM$12/$BL$12*100,0) -> 0 | EN12: =IFERROR($BO$12/$BN$12*100,0) -> 0
B13: Feb | C13: 2 | D13: =IF(Calculations!$C$10=1,IF(ROUNDUP($C$13/3,0)=Calculations!$F$10,1,0),IF($C$13=Calculations!$I$10,1,0)) -> 0 | E13: =IF(Calculations!$C$10=1,IF(ROUNDUP($C$13/3,0)=Calculations!$F$10-1,1,0),IF($C$13=Calculations!$I$10-1,1,0)) -> 0 | F13: =COUNTIFS('Incident'!$N$4:$N$100003,"Medical Treatment",'Incident'!$D$4:$D$100003,"Feb",'Incident'!$H$4:$H$100003,dCrit)+COUNTIFS('Incident'!$N$4:$N$100003,"Restricted Work",'Incident'!$D$4:$D$100003,"Feb",'Incident'!$H$4:$H$100003,dCrit)+COUNTIFS('Incident'!$N$4:$N$100003,"Lost Time Injury",'Incident'!$D$4:$D$100003,"Feb",'Incident'!$H$4:$H$100003,dCrit)+COUNTIFS('Incident'!$N$4:$N$100003,"Fatality",'Incident'!$D$4:$D$100003,"Feb",'Incident'!$H$4:$H$100003,dCrit) -> 0 | G13: =COUNTIFS('Incident'!$N$4:$N$100003,"Lost Time Injury",'Incident'!$D$4:$D$100003,"Feb",'Incident'!$H$4:$H$100003,dCrit)+COUNTIFS('Incident'!$N$4:$N$100003,"Fatality",'Incident'!$D$4:$D$100003,"Feb",'Incident'!$H$4:$H$100003,dCrit) -> 0 | H13: =COUNTIFS('Incident'!$N$4:$N$100003,"Near Miss",'Incident'!$D$4:$D$100003,"Feb",'Incident'!$H$4:$H$100003,dCrit) -> 0 | I13: =COUNTIFS('Incident'!$N$4:$N$100003,"First Aid",'Incident'!$D$4:$D$100003,"Feb",'Incident'!$H$4:$H$100003,dCrit) -> 0 | J13: =COUNTIFS('Incident'!$N$4:$N$100003,"Medical Treatment",'Incident'!$D$4:$D$100003,"Feb",'Incident'!$H$4:$H$100003,dCrit) -> 0 | K13: =COUNTIFS('Incident'!$N$4:$N$100003,"Restricted Work",'Incident'!$D$4:$D$100003,"Feb",'Incident'!$H$4:$H$100003,dCrit) -> 0 | L13: =COUNTIFS('Incident'!$N$4:$N$100003,"Lost Time Injury",'Incident'!$D$4:$D$100003,"Feb",'Incident'!$H$4:$H$100003,dCrit) -> 0 | M13: =COUNTIFS('Incident'!$N$4:$N$100003,"Fatality",'Incident'!$D$4:$D$100003,"Feb",'Incident'!$H$4:$H$100003,dCrit) -> 0 | N13: =SUMIFS('Incident'!$V$4:$V$100003,'Incident'!$D$4:$D$100003,"Feb",'Incident'!$H$4:$H$100003,dCrit) -> 0 | O13: =COUNTIFS('Incident'!$D$4:$D$100003,"Feb",'Incident'!$H$4:$H$100003,dCrit) -> 0 | P13: =COUNTIFS('Disciplinary Actions'!$D$4:$D$100003,"Feb",'Disciplinary Actions'!$F$4:$F$100003,dCrit) -> 0 | Q13: =COUNTIFS('NC Management'!$M$4:$M$100003,"Open",'NC Management'!$D$4:$D$100003,"Feb",'NC Management'!$G$4:$G$100003,dCrit)+COUNTIFS('NC Management'!$M$4:$M$100003,"Overdue",'NC Management'!$D$4:$D$100003,"Feb",'NC Management'!$G$4:$G$100003,dCrit) -> 0 | R13: =COUNTIFS('Training'!$D$4:$D$100003,"Feb",'Training'!$G$4:$G$100003,dCrit) -> 0 | S13: =COUNTIFS('Training'!$N$4:$N$100003,"Completed",'Training'!$D$4:$D$100003,"Feb",'Training'!$G$4:$G$100003,dCrit) -> 0 | T13: =COUNTIFS('HSE Observations'!$D$4:$D$100003,"Feb",'HSE Observations'!$G$4:$G$100003,dCrit) -> 0 | U13: =COUNTIFS('HSE Observations'!$M$4:$M$100003,"Completed",'HSE Observations'!$D$4:$D$100003,"Feb",'HSE Observations'!$G$4:$G$100003,dCrit) -> 0 | V13: =COUNTIFS('Toolbox Talks'!$D$4:$D$100003,"Feb",'Toolbox Talks'!$F$4:$F$100003,dCrit) -> 0 | W13: =COUNTIFS('Workplace Inspections'!$D$4:$D$100003,"Feb",'Workplace Inspections'!$F$4:$F$100003,dCrit)+COUNTIFS('Equipment Inspections'!$D$4:$D$100003,"Feb",'Equipment Inspections'!$F$4:$F$100003,dCrit)+COUNTIFS('Safety Walkthroughs'!$D$4:$D$100003,"Feb",'Safety Walkthroughs'!$F$4:$F$100003,dCrit) -> 0 | X13: =COUNTIFS('Internal Audits'!$D$4:$D$100003,"Feb",'Internal Audits'!$G$4:$G$100003,dCrit)+COUNTIFS('External Audits'!$D$4:$D$100003,"Feb",'External Audits'!$G$4:$G$100003,dCrit) -> 0 | Y13: =COUNTIFS('PTW Audits'!$D$4:$D$100003,"Feb",'PTW Audits'!$F$4:$F$100003,dCrit) -> 0 | Z13: =COUNTIFS('PTW Audits'!$M$4:$M$100003,"Compliant",'PTW Audits'!$D$4:$D$100003,"Feb",'PTW Audits'!$F$4:$F$100003,dCrit) -> 0 | AA13: =COUNTIFS('Emergency Drills'!$D$4:$D$100003,"Feb") -> 0 | AB13: =COUNTIFS('Corrective Actions'!$D$4:$D$100003,"Feb",'Corrective Actions'!$F$4:$F$100003,dCrit) -> 0 | AC13: =COUNTIFS('Corrective Actions'!$N$4:$N$100003,"Completed",'Corrective Actions'!$D$4:$D$100003,"Feb",'Corrective Actions'!$F$4:$F$100003,dCrit) -> 0 | AD13: =COUNTIFS('JSA Risk Assessment'!$D$4:$D$100003,"Feb",'JSA Risk Assessment'!$F$4:$F$100003,dCrit) -> 0 | AE13: =COUNTIFS('Safety Meetings'!$D$4:$D$100003,"Feb",'Safety Meetings'!$G$4:$G$100003,dCrit) -> 0 | AF13: =COUNTIFS('Unsafe Acts'!$D$4:$D$100003,"Feb",'Unsafe Acts'!$F$4:$F$100003,dCrit)+COUNTIFS('Unsafe Conditions'!$D$4:$D$100003,"Feb",'Unsafe Conditions'!$F$4:$F$100003,dCrit) -> 0 | AG13: =COUNTIFS('Unsafe Acts'!$D$4:$D$100003,"Feb",'Unsafe Acts'!$F$4:$F$100003,dCrit) -> 0 | AH13: =COUNTIFS('Unsafe Conditions'!$D$4:$D$100003,"Feb",'Unsafe Conditions'!$F$4:$F$100003,dCrit) -> 0 | AI13: =SUMIFS('Toolbox Talks'!$J$4:$J$100003,'Toolbox Talks'!$D$4:$D$100003,"Feb",'Toolbox Talks'!$F$4:$F$100003,dCrit) -> 0 | AJ13: =SUMIFS('Toolbox Talks'!$I$4:$I$100003,'Toolbox Talks'!$D$4:$D$100003,"Feb",'Toolbox Talks'!$F$4:$F$100003,dCrit) -> 0 | AK13: =COUNTIFS('JSA Risk Assessment'!$M$4:$M$100003,"Approved",'JSA Risk Assessment'!$D$4:$D$100003,"Feb",'JSA Risk Assessment'!$F$4:$F$100003,dCrit) -> 0 | AL13: =COUNTIFS('Workplace Inspections'!$D$4:$D$100003,"Feb",'Workplace Inspections'!$F$4:$F$100003,dCrit) -> 0 | AM13: =COUNTIFS('Workplace Inspections'!$M$4:$M$100003,"Completed",'Workplace Inspections'!$D$4:$D$100003,"Feb",'Workplace Inspections'!$F$4:$F$100003,dCrit) -> 0 | AN13: =COUNTIFS('Equipment Inspections'!$D$4:$D$100003,"Feb",'Equipment Inspections'!$F$4:$F$100003,dCrit) -> 0 | AO13: =SUMIFS('Equipment Inspections'!$K$4:$K$100003,'Equipment Inspections'!$D$4:$D$100003,"Feb",'Equipment Inspections'!$F$4:$F$100003,dCrit) -> 0 | AP13: =COUNTIFS('Safety Walkthroughs'!$D$4:$D$100003,"Feb",'Safety Walkthroughs'!$F$4:$F$100003,dCrit) -> 0 | AQ13: =SUMIFS('Safety Meetings'!$M$4:$M$100003,'Safety Meetings'!$D$4:$D$100003,"Feb",'Safety Meetings'!$G$4:$G$100003,dCrit) -> 0 | AR13: =SUMIFS('Safety Meetings'!$N$4:$N$100003,'Safety Meetings'!$D$4:$D$100003,"Feb",'Safety Meetings'!$G$4:$G$100003,dCrit) -> 0 | AS13: =COUNTIFS('Safety Bulletins'!$D$4:$D$100003,"Feb") -> 0 | AT13: =SUMIFS('Safety Bulletins'!$L$4:$L$100003,'Safety Bulletins'!$D$4:$D$100003,"Feb") -> 0 | AU13: =SUMIFS('Safety Bulletins'!$M$4:$M$100003,'Safety Bulletins'!$D$4:$D$100003,"Feb") -> 0 | AV13: =SUMIFS('Emergency Drills'!$H$4:$H$100003,'Emergency Drills'!$D$4:$D$100003,"Feb") -> 0 | AW13: =SUMIFS('Emergency Drills'!$I$4:$I$100003,'Emergency Drills'!$D$4:$D$100003,"Feb") -> 0 | AX13: =COUNTIFS('Internal Audits'!$D$4:$D$100003,"Feb",'Internal Audits'!$G$4:$G$100003,dCrit) -> 0 | AY13: =SUMIFS('Internal Audits'!$L$4:$L$100003,'Internal Audits'!$D$4:$D$100003,"Feb",'Internal Audits'!$G$4:$G$100003,dCrit)+SUMIFS('Internal Audits'!$M$4:$M$100003,'Internal Audits'!$D$4:$D$100003,"Feb",'Internal Audits'!$G$4:$G$100003,dCrit) -> 0 | AZ13: =COUNTIFS('External Audits'!$D$4:$D$100003,"Feb",'External Audits'!$G$4:$G$100003,dCrit) -> 0 | BA13: =SUMIFS('External Audits'!$L$4:$L$100003,'External Audits'!$D$4:$D$100003,"Feb",'External Audits'!$G$4:$G$100003,dCrit)+SUMIFS('External Audits'!$M$4:$M$100003,'External Audits'!$D$4:$D$100003,"Feb",'External Audits'!$G$4:$G$100003,dCrit) -> 0 | BB13: =COUNTIFS('Management Visits'!$D$4:$D$100003,"Feb",'Management Visits'!$F$4:$F$100003,dCrit) -> 0 | BC13: =SUMIFS('Management Visits'!$K$4:$K$100003,'Management Visits'!$D$4:$D$100003,"Feb",'Management Visits'!$F$4:$F$100003,dCrit) -> 0 | BD13: =SUMIFS('Management Visits'!$L$4:$L$100003,'Management Visits'!$D$4:$D$100003,"Feb",'Management Visits'!$F$4:$F$100003,dCrit) -> 0 | BE13: =COUNTIFS('Management Reviews'!$D$4:$D$100003,"Feb") -> 0 | BF13: =SUMIFS('Management Reviews'!$H$4:$H$100003,'Management Reviews'!$D$4:$D$100003,"Feb") -> 0 | BG13: =SUMIFS('Management Reviews'!$G$4:$G$100003,'Management Reviews'!$D$4:$D$100003,"Feb") -> 0 | BH13: =COUNTIFS('Safety Awards'!$D$4:$D$100003,"Feb",'Safety Awards'!$F$4:$F$100003,dCrit) -> 0 | BI13: =COUNTIFS('Stop Work Authority'!$D$4:$D$100003,"Feb",'Stop Work Authority'!$F$4:$F$100003,dCrit) -> 0 | BJ13: =COUNTIFS('Alcohol Tests'!$D$4:$D$100003,"Feb",'Alcohol Tests'!$E$4:$E$100003,dCrit) -> 0 | BK13: =COUNTIFS('Alcohol Tests'!$H$4:$H$100003,"Positive",'Alcohol Tests'!$D$4:$D$100003,"Feb",'Alcohol Tests'!$E$4:$E$100003,dCrit) -> 0 | BL13: =COUNTIFS('Unsafe Acts'!$D$4:$D$100003,"Feb",'Unsafe Acts'!$F$4:$F$100003,dCrit) -> 0 | BM13: =COUNTIFS('Unsafe Acts'!$M$4:$M$100003,"Completed",'Unsafe Acts'!$D$4:$D$100003,"Feb",'Unsafe Acts'!$F$4:$F$100003,dCrit) -> 0 | BN13: =COUNTIFS('Unsafe Conditions'!$D$4:$D$100003,"Feb",'Unsafe Conditions'!$F$4:$F$100003,dCrit) -> 0 | BO13: =COUNTIFS('Unsafe Conditions'!$M$4:$M$100003,"Completed",'Unsafe Conditions'!$D$4:$D$100003,"Feb",'Unsafe Conditions'!$F$4:$F$100003,dCrit) -> 0 | BP13: =COUNTIFS('NC Management'!$D$4:$D$100003,"Feb",'NC Management'!$G$4:$G$100003,dCrit) -> 0 | BQ13: =COUNTIFS('NC Management'!$M$4:$M$100003,"Closed",'NC Management'!$D$4:$D$100003,"Feb",'NC Management'!$G$4:$G$100003,dCrit) -> 0 | BR13: =COUNTIFS('Training'!$F$4:$F$100003,"Induction",'Training'!$D$4:$D$100003,"Feb",'Training'!$G$4:$G$100003,dCrit) -> 0 | BS13: =COUNTIFS('HSE Observations'!$E$4:$E$100003,"Safe Act",'HSE Observations'!$D$4:$D$100003,"Feb",'HSE Observations'!$G$4:$G$100003,dCrit)+COUNTIFS('HSE Observations'!$E$4:$E$100003,"Safe Condition",'HSE Observations'!$D$4:$D$100003,"Feb",'HSE Observations'!$G$4:$G$100003,dCrit) -> 0 | BT13: =COUNTIFS('HSE Observations'!$E$4:$E$100003,"Unsafe Act",'HSE Observations'!$D$4:$D$100003,"Feb",'HSE Observations'!$G$4:$G$100003,dCrit)+COUNTIFS('HSE Observations'!$E$4:$E$100003,"Unsafe Condition",'HSE Observations'!$D$4:$D$100003,"Feb",'HSE Observations'!$G$4:$G$100003,dCrit) -> 0 | BU13: =IFERROR(AVERAGEIFS('Emergency Drills'!$L$4:$L$100003,'Emergency Drills'!$D$4:$D$100003,"Feb"),0) -> 0 | BV13: =IFERROR(AVERAGEIFS('Emergency Drills'!$K$4:$K$100003,'Emergency Drills'!$D$4:$D$100003,"Feb"),0) -> 0 | BW13: =SUMIFS('Internal Audits'!$M$4:$M$100003,'Internal Audits'!$D$4:$D$100003,"Feb",'Internal Audits'!$G$4:$G$100003,dCrit) -> 0 | BX13: =SUMIFS('External Audits'!$M$4:$M$100003,'External Audits'!$D$4:$D$100003,"Feb",'External Audits'!$G$4:$G$100003,dCrit) -> 0 | BY13: =SUMIFS('Management Reviews'!$K$4:$K$100003,'Management Reviews'!$D$4:$D$100003,"Feb") -> 0 | BZ13: =SUMIFS('Management Reviews'!$L$4:$L$100003,'Management Reviews'!$D$4:$D$100003,"Feb") -> 0 | CA13: =SUMIFS('Stop Work Authority'!$J$4:$J$100003,'Stop Work Authority'!$D$4:$D$100003,"Feb",'Stop Work Authority'!$F$4:$F$100003,dCrit) -> 0 | CB13: =SUMIFS('Training'!$M$4:$M$100003,'Training'!$D$4:$D$100003,"Feb",'Training'!$G$4:$G$100003,dCrit) -> 0 | CC13: =SUMIFS('Workplace Inspections'!$J$4:$J$100003,'Workplace Inspections'!$D$4:$D$100003,"Feb",'Workplace Inspections'!$F$4:$F$100003,dCrit) -> 0 | CD13: =COUNTIFS('Corrective Actions'!$O$4:$O$100003,"On-Time",'Corrective Actions'!$D$4:$D$100003,"Feb",'Corrective Actions'!$F$4:$F$100003,dCrit) -> 0 | CE13: =COUNTIFS('Corrective Actions'!$O$4:$O$100003,"Delayed",'Corrective Actions'!$D$4:$D$100003,"Feb",'Corrective Actions'!$F$4:$F$100003,dCrit) -> 0 | CF13: =COUNTIFS('JSA Risk Assessment'!$J$4:$J$100003,"Critical",'JSA Risk Assessment'!$D$4:$D$100003,"Feb",'JSA Risk Assessment'!$F$4:$F$100003,dCrit) -> 0 | CG13: =COUNTIFS('JSA Risk Assessment'!$J$4:$J$100003,"High",'JSA Risk Assessment'!$D$4:$D$100003,"Feb",'JSA Risk Assessment'!$F$4:$F$100003,dCrit) -> 0 | CH13: =COUNTIFS('JSA Risk Assessment'!$J$4:$J$100003,"Medium",'JSA Risk Assessment'!$D$4:$D$100003,"Feb",'JSA Risk Assessment'!$F$4:$F$100003,dCrit) -> 0 | CI13: =COUNTIFS('JSA Risk Assessment'!$J$4:$J$100003,"Low",'JSA Risk Assessment'!$D$4:$D$100003,"Feb",'JSA Risk Assessment'!$F$4:$F$100003,dCrit) -> 0 | CJ13: =IFERROR($F$13*TRIRmult/Settings!$C$14,0) -> 0 | CK13: =IFERROR($G$13*LTIFRmult/Settings!$C$14,0) -> 0 | CL13: =BenchTRIR -> 0 | CM13: =BenchLTIFR -> 0 | CN13: =IFERROR($BK$13/$BJ$13*100,0) -> 0 | CO13: =$V$13+$R$13+$T$13+$W$13+$X$13+$AA$13+$Y$13+$AE$13+$AD$13 -> 0 | CP13: =$O$13+$BP$13+$P$13 -> 0 | CQ13: =IFERROR($CO$13/$CP$13,0) -> 0 | DJ13: LTIFR | DK13: Lagging | DL13: =IFERROR(SUMPRODUCT(Calculations!$G$12:$G$23,Calculations!$D$12:$D$23)*LTIFRmult/SUMPRODUCT(ManhoursM,Calculations!$D$12:$D$23),0) -> 0 | DM13: =IFERROR(SUMPRODUCT(Calculations!$G$12:$G$23,Calculations!$E$12:$E$23)*LTIFRmult/SUMPRODUCT(ManhoursM,Calculations!$E$12:$E$23),0) -> 0 | DN13: =IFERROR(($DL$13-$DM$13)/$DM$13,IF($DL$13>0,1,0)) -> 0 | DO13: =($DL$13-$DM$13)*-1 -> 0 | DP13: =TgtLTIFR -> 0 | DQ13: =IFERROR(IF($DL$13<=$DP$13,2,IF($DL$13<=$DP$13/AmberBand,1,0)),1) -> 0 | DS13: Restricted Work | DT13: =SUMPRODUCT(Calculations!$K$12:$K$23,Calculations!$D$12:$D$23) -> 0 | DV13: Mar | DW13: =COUNTIFS('Incident'!$D$4:$D$100003,"Mar",'Incident'!$H$4:$H$100003,dCrit) -> 0 | DY13: =IFERROR($BQ$13/$BP$13*100,0) -> 0 | DZ13: =IFERROR($BK$13/$BJ$13*100,0) -> 0 | EA13: =IFERROR($AI$13/$AJ$13*100,0) -> 0 | EB13: =IFERROR($AK$13/$AD$13*100,0) -> 0 | EC13: =IFERROR($S$13/$R$13*100,0) -> 0 | ED13: =IFERROR($U$13/$T$13*100,0) -> 0 | EE13: =IFERROR($AM$13/$AL$13*100,0) -> 0 | EF13: =IFERROR($AR$13/$AQ$13*100,0) -> 0 | EG13: =IFERROR($AU$13/$AT$13*100,0) -> 0 | EH13: =IFERROR($AW$13/$AV$13*100,0) -> 0 | EI13: =IFERROR($BD$13/$BC$13*100,0) -> 0 | EJ13: =IFERROR($BF$13/$BG$13*100,0) -> 0 | EK13: =IFERROR($Z$13/$Y$13*100,0) -> 0 | EL13: =IFERROR($AC$13/$AB$13*100,0) -> 0 | EM13: =IFERROR($BM$13/$BL$13*100,0) -> 0 | EN13: =IFERROR($BO$13/$BN$13*100,0) -> 0
B14: Mar | C14: 3 | D14: =IF(Calculations!$C$10=1,IF(ROUNDUP($C$14/3,0)=Calculations!$F$10,1,0),IF($C$14=Calculations!$I$10,1,0)) -> 0 | E14: =IF(Calculations!$C$10=1,IF(ROUNDUP($C$14/3,0)=Calculations!$F$10-1,1,0),IF($C$14=Calculations!$I$10-1,1,0)) -> 0 | F14: =COUNTIFS('Incident'!$N$4:$N$100003,"Medical Treatment",'Incident'!$D$4:$D$100003,"Mar",'Incident'!$H$4:$H$100003,dCrit)+COUNTIFS('Incident'!$N$4:$N$100003,"Restricted Work",'Incident'!$D$4:$D$100003,"Mar",'Incident'!$H$4:$H$100003,dCrit)+COUNTIFS('Incident'!$N$4:$N$100003,"Lost Time Injury",'Incident'!$D$4:$D$100003,"Mar",'Incident'!$H$4:$H$100003,dCrit)+COUNTIFS('Incident'!$N$4:$N$100003,"Fatality",'Incident'!$D$4:$D$100003,"Mar",'Incident'!$H$4:$H$100003,dCrit) -> 0 | G14: =COUNTIFS('Incident'!$N$4:$N$100003,"Lost Time Injury",'Incident'!$D$4:$D$100003,"Mar",'Incident'!$H$4:$H$100003,dCrit)+COUNTIFS('Incident'!$N$4:$N$100003,"Fatality",'Incident'!$D$4:$D$100003,"Mar",'Incident'!$H$4:$H$100003,dCrit) -> 0 | H14: =COUNTIFS('Incident'!$N$4:$N$100003,"Near Miss",'Incident'!$D$4:$D$100003,"Mar",'Incident'!$H$4:$H$100003,dCrit) -> 0 | I14: =COUNTIFS('Incident'!$N$4:$N$100003,"First Aid",'Incident'!$D$4:$D$100003,"Mar",'Incident'!$H$4:$H$100003,dCrit) -> 0 | J14: =COUNTIFS('Incident'!$N$4:$N$100003,"Medical Treatment",'Incident'!$D$4:$D$100003,"Mar",'Incident'!$H$4:$H$100003,dCrit) -> 0 | K14: =COUNTIFS('Incident'!$N$4:$N$100003,"Restricted Work",'Incident'!$D$4:$D$100003,"Mar",'Incident'!$H$4:$H$100003,dCrit) -> 0 | L14: =COUNTIFS('Incident'!$N$4:$N$100003,"Lost Time Injury",'Incident'!$D$4:$D$100003,"Mar",'Incident'!$H$4:$H$100003,dCrit) -> 0 | M14: =COUNTIFS('Incident'!$N$4:$N$100003,"Fatality",'Incident'!$D$4:$D$100003,"Mar",'Incident'!$H$4:$H$100003,dCrit) -> 0 | N14: =SUMIFS('Incident'!$V$4:$V$100003,'Incident'!$D$4:$D$100003,"Mar",'Incident'!$H$4:$H$100003,dCrit) -> 0 | O14: =COUNTIFS('Incident'!$D$4:$D$100003,"Mar",'Incident'!$H$4:$H$100003,dCrit) -> 0 | P14: =COUNTIFS('Disciplinary Actions'!$D$4:$D$100003,"Mar",'Disciplinary Actions'!$F$4:$F$100003,dCrit) -> 0 | Q14: =COUNTIFS('NC Management'!$M$4:$M$100003,"Open",'NC Management'!$D$4:$D$100003,"Mar",'NC Management'!$G$4:$G$100003,dCrit)+COUNTIFS('NC Management'!$M$4:$M$100003,"Overdue",'NC Management'!$D$4:$D$100003,"Mar",'NC Management'!$G$4:$G$100003,dCrit) -> 0 | R14: =COUNTIFS('Training'!$D$4:$D$100003,"Mar",'Training'!$G$4:$G$100003,dCrit) -> 0 | S14: =COUNTIFS('Training'!$N$4:$N$100003,"Completed",'Training'!$D$4:$D$100003,"Mar",'Training'!$G$4:$G$100003,dCrit) -> 0 | T14: =COUNTIFS('HSE Observations'!$D$4:$D$100003,"Mar",'HSE Observations'!$G$4:$G$100003,dCrit) -> 0 | U14: =COUNTIFS('HSE Observations'!$M$4:$M$100003,"Completed",'HSE Observations'!$D$4:$D$100003,"Mar",'HSE Observations'!$G$4:$G$100003,dCrit) -> 0 | V14: =COUNTIFS('Toolbox Talks'!$D$4:$D$100003,"Mar",'Toolbox Talks'!$F$4:$F$100003,dCrit) -> 0 | W14: =COUNTIFS('Workplace Inspections'!$D$4:$D$100003,"Mar",'Workplace Inspections'!$F$4:$F$100003,dCrit)+COUNTIFS('Equipment Inspections'!$D$4:$D$100003,"Mar",'Equipment Inspections'!$F$4:$F$100003,dCrit)+COUNTIFS('Safety Walkthroughs'!$D$4:$D$100003,"Mar",'Safety Walkthroughs'!$F$4:$F$100003,dCrit) -> 0 | X14: =COUNTIFS('Internal Audits'!$D$4:$D$100003,"Mar",'Internal Audits'!$G$4:$G$100003,dCrit)+COUNTIFS('External Audits'!$D$4:$D$100003,"Mar",'External Audits'!$G$4:$G$100003,dCrit) -> 0 | Y14: =COUNTIFS('PTW Audits'!$D$4:$D$100003,"Mar",'PTW Audits'!$F$4:$F$100003,dCrit) -> 0 | Z14: =COUNTIFS('PTW Audits'!$M$4:$M$100003,"Compliant",'PTW Audits'!$D$4:$D$100003,"Mar",'PTW Audits'!$F$4:$F$100003,dCrit) -> 0 | AA14: =COUNTIFS('Emergency Drills'!$D$4:$D$100003,"Mar") -> 0 | AB14: =COUNTIFS('Corrective Actions'!$D$4:$D$100003,"Mar",'Corrective Actions'!$F$4:$F$100003,dCrit) -> 0 | AC14: =COUNTIFS('Corrective Actions'!$N$4:$N$100003,"Completed",'Corrective Actions'!$D$4:$D$100003,"Mar",'Corrective Actions'!$F$4:$F$100003,dCrit) -> 0 | AD14: =COUNTIFS('JSA Risk Assessment'!$D$4:$D$100003,"Mar",'JSA Risk Assessment'!$F$4:$F$100003,dCrit) -> 0 | AE14: =COUNTIFS('Safety Meetings'!$D$4:$D$100003,"Mar",'Safety Meetings'!$G$4:$G$100003,dCrit) -> 0 | AF14: =COUNTIFS('Unsafe Acts'!$D$4:$D$100003,"Mar",'Unsafe Acts'!$F$4:$F$100003,dCrit)+COUNTIFS('Unsafe Conditions'!$D$4:$D$100003,"Mar",'Unsafe Conditions'!$F$4:$F$100003,dCrit) -> 0 | AG14: =COUNTIFS('Unsafe Acts'!$D$4:$D$100003,"Mar",'Unsafe Acts'!$F$4:$F$100003,dCrit) -> 0 | AH14: =COUNTIFS('Unsafe Conditions'!$D$4:$D$100003,"Mar",'Unsafe Conditions'!$F$4:$F$100003,dCrit) -> 0 | AI14: =SUMIFS('Toolbox Talks'!$J$4:$J$100003,'Toolbox Talks'!$D$4:$D$100003,"Mar",'Toolbox Talks'!$F$4:$F$100003,dCrit) -> 0 | AJ14: =SUMIFS('Toolbox Talks'!$I$4:$I$100003,'Toolbox Talks'!$D$4:$D$100003,"Mar",'Toolbox Talks'!$F$4:$F$100003,dCrit) -> 0 | AK14: =COUNTIFS('JSA Risk Assessment'!$M$4:$M$100003,"Approved",'JSA Risk Assessment'!$D$4:$D$100003,"Mar",'JSA Risk Assessment'!$F$4:$F$100003,dCrit) -> 0 | AL14: =COUNTIFS('Workplace Inspections'!$D$4:$D$100003,"Mar",'Workplace Inspections'!$F$4:$F$100003,dCrit) -> 0 | AM14: =COUNTIFS('Workplace Inspections'!$M$4:$M$100003,"Completed",'Workplace Inspections'!$D$4:$D$100003,"Mar",'Workplace Inspections'!$F$4:$F$100003,dCrit) -> 0 | AN14: =COUNTIFS('Equipment Inspections'!$D$4:$D$100003,"Mar",'Equipment Inspections'!$F$4:$F$100003,dCrit) -> 0 | AO14: =SUMIFS('Equipment Inspections'!$K$4:$K$100003,'Equipment Inspections'!$D$4:$D$100003,"Mar",'Equipment Inspections'!$F$4:$F$100003,dCrit) -> 0 | AP14: =COUNTIFS('Safety Walkthroughs'!$D$4:$D$100003,"Mar",'Safety Walkthroughs'!$F$4:$F$100003,dCrit) -> 0 | AQ14: =SUMIFS('Safety Meetings'!$M$4:$M$100003,'Safety Meetings'!$D$4:$D$100003,"Mar",'Safety Meetings'!$G$4:$G$100003,dCrit) -> 0 | AR14: =SUMIFS('Safety Meetings'!$N$4:$N$100003,'Safety Meetings'!$D$4:$D$100003,"Mar",'Safety Meetings'!$G$4:$G$100003,dCrit) -> 0 | AS14: =COUNTIFS('Safety Bulletins'!$D$4:$D$100003,"Mar") -> 0 | AT14: =SUMIFS('Safety Bulletins'!$L$4:$L$100003,'Safety Bulletins'!$D$4:$D$100003,"Mar") -> 0 | AU14: =SUMIFS('Safety Bulletins'!$M$4:$M$100003,'Safety Bulletins'!$D$4:$D$100003,"Mar") -> 0 | AV14: =SUMIFS('Emergency Drills'!$H$4:$H$100003,'Emergency Drills'!$D$4:$D$100003,"Mar") -> 0 | AW14: =SUMIFS('Emergency Drills'!$I$4:$I$100003,'Emergency Drills'!$D$4:$D$100003,"Mar") -> 0 | AX14: =COUNTIFS('Internal Audits'!$D$4:$D$100003,"Mar",'Internal Audits'!$G$4:$G$100003,dCrit) -> 0 | AY14: =SUMIFS('Internal Audits'!$L$4:$L$100003,'Internal Audits'!$D$4:$D$100003,"Mar",'Internal Audits'!$G$4:$G$100003,dCrit)+SUMIFS('Internal Audits'!$M$4:$M$100003,'Internal Audits'!$D$4:$D$100003,"Mar",'Internal Audits'!$G$4:$G$100003,dCrit) -> 0 | AZ14: =COUNTIFS('External Audits'!$D$4:$D$100003,"Mar",'External Audits'!$G$4:$G$100003,dCrit) -> 0 | BA14: =SUMIFS('External Audits'!$L$4:$L$100003,'External Audits'!$D$4:$D$100003,"Mar",'External Audits'!$G$4:$G$100003,dCrit)+SUMIFS('External Audits'!$M$4:$M$100003,'External Audits'!$D$4:$D$100003,"Mar",'External Audits'!$G$4:$G$100003,dCrit) -> 0 | BB14: =COUNTIFS('Management Visits'!$D$4:$D$100003,"Mar",'Management Visits'!$F$4:$F$100003,dCrit) -> 0 | BC14: =SUMIFS('Management Visits'!$K$4:$K$100003,'Management Visits'!$D$4:$D$100003,"Mar",'Management Visits'!$F$4:$F$100003,dCrit) -> 0 | BD14: =SUMIFS('Management Visits'!$L$4:$L$100003,'Management Visits'!$D$4:$D$100003,"Mar",'Management Visits'!$F$4:$F$100003,dCrit) -> 0 | BE14: =COUNTIFS('Management Reviews'!$D$4:$D$100003,"Mar") -> 0 | BF14: =SUMIFS('Management Reviews'!$H$4:$H$100003,'Management Reviews'!$D$4:$D$100003,"Mar") -> 0 | BG14: =SUMIFS('Management Reviews'!$G$4:$G$100003,'Management Reviews'!$D$4:$D$100003,"Mar") -> 0 | BH14: =COUNTIFS('Safety Awards'!$D$4:$D$100003,"Mar",'Safety Awards'!$F$4:$F$100003,dCrit) -> 0 | BI14: =COUNTIFS('Stop Work Authority'!$D$4:$D$100003,"Mar",'Stop Work Authority'!$F$4:$F$100003,dCrit) -> 0 | BJ14: =COUNTIFS('Alcohol Tests'!$D$4:$D$100003,"Mar",'Alcohol Tests'!$E$4:$E$100003,dCrit) -> 0 | BK14: =COUNTIFS('Alcohol Tests'!$H$4:$H$100003,"Positive",'Alcohol Tests'!$D$4:$D$100003,"Mar",'Alcohol Tests'!$E$4:$E$100003,dCrit) -> 0 | BL14: =COUNTIFS('Unsafe Acts'!$D$4:$D$100003,"Mar",'Unsafe Acts'!$F$4:$F$100003,dCrit) -> 0 | BM14: =COUNTIFS('Unsafe Acts'!$M$4:$M$100003,"Completed",'Unsafe Acts'!$D$4:$D$100003,"Mar",'Unsafe Acts'!$F$4:$F$100003,dCrit) -> 0 | BN14: =COUNTIFS('Unsafe Conditions'!$D$4:$D$100003,"Mar",'Unsafe Conditions'!$F$4:$F$100003,dCrit) -> 0 | BO14: =COUNTIFS('Unsafe Conditions'!$M$4:$M$100003,"Completed",'Unsafe Conditions'!$D$4:$D$100003,"Mar",'Unsafe Conditions'!$F$4:$F$100003,dCrit) -> 0 | BP14: =COUNTIFS('NC Management'!$D$4:$D$100003,"Mar",'NC Management'!$G$4:$G$100003,dCrit) -> 0 | BQ14: =COUNTIFS('NC Management'!$M$4:$M$100003,"Closed",'NC Management'!$D$4:$D$100003,"Mar",'NC Management'!$G$4:$G$100003,dCrit) -> 0 | BR14: =COUNTIFS('Training'!$F$4:$F$100003,"Induction",'Training'!$D$4:$D$100003,"Mar",'Training'!$G$4:$G$100003,dCrit) -> 0 | BS14: =COUNTIFS('HSE Observations'!$E$4:$E$100003,"Safe Act",'HSE Observations'!$D$4:$D$100003,"Mar",'HSE Observations'!$G$4:$G$100003,dCrit)+COUNTIFS('HSE Observations'!$E$4:$E$100003,"Safe Condition",'HSE Observations'!$D$4:$D$100003,"Mar",'HSE Observations'!$G$4:$G$100003,dCrit) -> 0 | BT14: =COUNTIFS('HSE Observations'!$E$4:$E$100003,"Unsafe Act",'HSE Observations'!$D$4:$D$100003,"Mar",'HSE Observations'!$G$4:$G$100003,dCrit)+COUNTIFS('HSE Observations'!$E$4:$E$100003,"Unsafe Condition",'HSE Observations'!$D$4:$D$100003,"Mar",'HSE Observations'!$G$4:$G$100003,dCrit) -> 0 | BU14: =IFERROR(AVERAGEIFS('Emergency Drills'!$L$4:$L$100003,'Emergency Drills'!$D$4:$D$100003,"Mar"),0) -> 0 | BV14: =IFERROR(AVERAGEIFS('Emergency Drills'!$K$4:$K$100003,'Emergency Drills'!$D$4:$D$100003,"Mar"),0) -> 0 | BW14: =SUMIFS('Internal Audits'!$M$4:$M$100003,'Internal Audits'!$D$4:$D$100003,"Mar",'Internal Audits'!$G$4:$G$100003,dCrit) -> 0 | BX14: =SUMIFS('External Audits'!$M$4:$M$100003,'External Audits'!$D$4:$D$100003,"Mar",'External Audits'!$G$4:$G$100003,dCrit) -> 0 | BY14: =SUMIFS('Management Reviews'!$K$4:$K$100003,'Management Reviews'!$D$4:$D$100003,"Mar") -> 0 | BZ14: =SUMIFS('Management Reviews'!$L$4:$L$100003,'Management Reviews'!$D$4:$D$100003,"Mar") -> 0 | CA14: =SUMIFS('Stop Work Authority'!$J$4:$J$100003,'Stop Work Authority'!$D$4:$D$100003,"Mar",'Stop Work Authority'!$F$4:$F$100003,dCrit) -> 0 | CB14: =SUMIFS('Training'!$M$4:$M$100003,'Training'!$D$4:$D$100003,"Mar",'Training'!$G$4:$G$100003,dCrit) -> 0 | CC14: =SUMIFS('Workplace Inspections'!$J$4:$J$100003,'Workplace Inspections'!$D$4:$D$100003,"Mar",'Workplace Inspections'!$F$4:$F$100003,dCrit) -> 0 | CD14: =COUNTIFS('Corrective Actions'!$O$4:$O$100003,"On-Time",'Corrective Actions'!$D$4:$D$100003,"Mar",'Corrective Actions'!$F$4:$F$100003,dCrit) -> 0 | CE14: =COUNTIFS('Corrective Actions'!$O$4:$O$100003,"Delayed",'Corrective Actions'!$D$4:$D$100003,"Mar",'Corrective Actions'!$F$4:$F$100003,dCrit) -> 0 | CF14: =COUNTIFS('JSA Risk Assessment'!$J$4:$J$100003,"Critical",'JSA Risk Assessment'!$D$4:$D$100003,"Mar",'JSA Risk Assessment'!$F$4:$F$100003,dCrit) -> 0 | CG14: =COUNTIFS('JSA Risk Assessment'!$J$4:$J$100003,"High",'JSA Risk Assessment'!$D$4:$D$100003,"Mar",'JSA Risk Assessment'!$F$4:$F$100003,dCrit) -> 0 | CH14: =COUNTIFS('JSA Risk Assessment'!$J$4:$J$100003,"Medium",'JSA Risk Assessment'!$D$4:$D$100003,"Mar",'JSA Risk Assessment'!$F$4:$F$100003,dCrit) -> 0 | CI14: =COUNTIFS('JSA Risk Assessment'!$J$4:$J$100003,"Low",'JSA Risk Assessment'!$D$4:$D$100003,"Mar",'JSA Risk Assessment'!$F$4:$F$100003,dCrit) -> 0 | CJ14: =IFERROR($F$14*TRIRmult/Settings!$C$15,0) -> 0 | CK14: =IFERROR($G$14*LTIFRmult/Settings!$C$15,0) -> 0 | CL14: =BenchTRIR -> 0 | CM14: =BenchLTIFR -> 0 | CN14: =IFERROR($BK$14/$BJ$14*100,0) -> 0 | CO14: =$V$14+$R$14+$T$14+$W$14+$X$14+$AA$14+$Y$14+$AE$14+$AD$14 -> 0 | CP14: =$O$14+$BP$14+$P$14 -> 0 | CQ14: =IFERROR($CO$14/$CP$14,0) -> 0 | DJ14: Total Incidents | DK14: Lagging | DL14: =SUMPRODUCT(Calculations!$O$12:$O$23,Calculations!$D$12:$D$23) -> 0 | DM14: =SUMPRODUCT(Calculations!$O$12:$O$23,Calculations!$E$12:$E$23) -> 0 | DN14: =IFERROR(($DL$14-$DM$14)/$DM$14,IF($DL$14>0,1,0)) -> 0 | DO14: =($DL$14-$DM$14)*-1 -> 0 | DP14: =IFERROR(AVERAGE(Calculations!$O$12:$O$23)*SUM(Calculations!$D$12:$D$23),0) -> 0 | DQ14: =IFERROR(IF($DL$14<=$DP$14,2,IF($DL$14<=$DP$14/AmberBand,1,0)),1) -> 0 | DS14: Medical Treatment | DT14: =SUMPRODUCT(Calculations!$J$12:$J$23,Calculations!$D$12:$D$23) -> 0 | DV14: Apr | DW14: =COUNTIFS('Incident'!$D$4:$D$100003,"Apr",'Incident'!$H$4:$H$100003,dCrit) -> 0 | DY14: =IFERROR($BQ$14/$BP$14*100,0) -> 0 | DZ14: =IFERROR($BK$14/$BJ$14*100,0) -> 0 | EA14: =IFERROR($AI$14/$AJ$14*100,0) -> 0 | EB14: =IFERROR($AK$14/$AD$14*100,0) -> 0 | EC14: =IFERROR($S$14/$R$14*100,0) -> 0 | ED14: =IFERROR($U$14/$T$14*100,0) -> 0 | EE14: =IFERROR($AM$14/$AL$14*100,0) -> 0 | EF14: =IFERROR($AR$14/$AQ$14*100,0) -> 0 | EG14: =IFERROR($AU$14/$AT$14*100,0) -> 0 | EH14: =IFERROR($AW$14/$AV$14*100,0) -> 0 | EI14: =IFERROR($BD$14/$BC$14*100,0) -> 0 | EJ14: =IFERROR($BF$14/$BG$14*100,0) -> 0 | EK14: =IFERROR($Z$14/$Y$14*100,0) -> 0 | EL14: =IFERROR($AC$14/$AB$14*100,0) -> 0 | EM14: =IFERROR($BM$14/$BL$14*100,0) -> 0 | EN14: =IFERROR($BO$14/$BN$14*100,0) -> 0
B15: Apr | C15: 4 | D15: =IF(Calculations!$C$10=1,IF(ROUNDUP($C$15/3,0)=Calculations!$F$10,1,0),IF($C$15=Calculations!$I$10,1,0)) -> 0 | E15: =IF(Calculations!$C$10=1,IF(ROUNDUP($C$15/3,0)=Calculations!$F$10-1,1,0),IF($C$15=Calculations!$I$10-1,1,0)) -> 0 | F15: =COUNTIFS('Incident'!$N$4:$N$100003,"Medical Treatment",'Incident'!$D$4:$D$100003,"Apr",'Incident'!$H$4:$H$100003,dCrit)+COUNTIFS('Incident'!$N$4:$N$100003,"Restricted Work",'Incident'!$D$4:$D$100003,"Apr",'Incident'!$H$4:$H$100003,dCrit)+COUNTIFS('Incident'!$N$4:$N$100003,"Lost Time Injury",'Incident'!$D$4:$D$100003,"Apr",'Incident'!$H$4:$H$100003,dCrit)+COUNTIFS('Incident'!$N$4:$N$100003,"Fatality",'Incident'!$D$4:$D$100003,"Apr",'Incident'!$H$4:$H$100003,dCrit) -> 0 | G15: =COUNTIFS('Incident'!$N$4:$N$100003,"Lost Time Injury",'Incident'!$D$4:$D$100003,"Apr",'Incident'!$H$4:$H$100003,dCrit)+COUNTIFS('Incident'!$N$4:$N$100003,"Fatality",'Incident'!$D$4:$D$100003,"Apr",'Incident'!$H$4:$H$100003,dCrit) -> 0 | H15: =COUNTIFS('Incident'!$N$4:$N$100003,"Near Miss",'Incident'!$D$4:$D$100003,"Apr",'Incident'!$H$4:$H$100003,dCrit) -> 0 | I15: =COUNTIFS('Incident'!$N$4:$N$100003,"First Aid",'Incident'!$D$4:$D$100003,"Apr",'Incident'!$H$4:$H$100003,dCrit) -> 0 | J15: =COUNTIFS('Incident'!$N$4:$N$100003,"Medical Treatment",'Incident'!$D$4:$D$100003,"Apr",'Incident'!$H$4:$H$100003,dCrit) -> 0 | K15: =COUNTIFS('Incident'!$N$4:$N$100003,"Restricted Work",'Incident'!$D$4:$D$100003,"Apr",'Incident'!$H$4:$H$100003,dCrit) -> 0 | L15: =COUNTIFS('Incident'!$N$4:$N$100003,"Lost Time Injury",'Incident'!$D$4:$D$100003,"Apr",'Incident'!$H$4:$H$100003,dCrit) -> 0 | M15: =COUNTIFS('Incident'!$N$4:$N$100003,"Fatality",'Incident'!$D$4:$D$100003,"Apr",'Incident'!$H$4:$H$100003,dCrit) -> 0 | N15: =SUMIFS('Incident'!$V$4:$V$100003,'Incident'!$D$4:$D$100003,"Apr",'Incident'!$H$4:$H$100003,dCrit) -> 0 | O15: =COUNTIFS('Incident'!$D$4:$D$100003,"Apr",'Incident'!$H$4:$H$100003,dCrit) -> 0 | P15: =COUNTIFS('Disciplinary Actions'!$D$4:$D$100003,"Apr",'Disciplinary Actions'!$F$4:$F$100003,dCrit) -> 0 | Q15: =COUNTIFS('NC Management'!$M$4:$M$100003,"Open",'NC Management'!$D$4:$D$100003,"Apr",'NC Management'!$G$4:$G$100003,dCrit)+COUNTIFS('NC Management'!$M$4:$M$100003,"Overdue",'NC Management'!$D$4:$D$100003,"Apr",'NC Management'!$G$4:$G$100003,dCrit) -> 0 | R15: =COUNTIFS('Training'!$D$4:$D$100003,"Apr",'Training'!$G$4:$G$100003,dCrit) -> 0 | S15: =COUNTIFS('Training'!$N$4:$N$100003,"Completed",'Training'!$D$4:$D$100003,"Apr",'Training'!$G$4:$G$100003,dCrit) -> 0 | T15: =COUNTIFS('HSE Observations'!$D$4:$D$100003,"Apr",'HSE Observations'!$G$4:$G$100003,dCrit) -> 0 | U15: =COUNTIFS('HSE Observations'!$M$4:$M$100003,"Completed",'HSE Observations'!$D$4:$D$100003,"Apr",'HSE Observations'!$G$4:$G$100003,dCrit) -> 0 | V15: =COUNTIFS('Toolbox Talks'!$D$4:$D$100003,"Apr",'Toolbox Talks'!$F$4:$F$100003,dCrit) -> 0 | W15: =COUNTIFS('Workplace Inspections'!$D$4:$D$100003,"Apr",'Workplace Inspections'!$F$4:$F$100003,dCrit)+COUNTIFS('Equipment Inspections'!$D$4:$D$100003,"Apr",'Equipment Inspections'!$F$4:$F$100003,dCrit)+COUNTIFS('Safety Walkthroughs'!$D$4:$D$100003,"Apr",'Safety Walkthroughs'!$F$4:$F$100003,dCrit) -> 0 | X15: =COUNTIFS('Internal Audits'!$D$4:$D$100003,"Apr",'Internal Audits'!$G$4:$G$100003,dCrit)+COUNTIFS('External Audits'!$D$4:$D$100003,"Apr",'External Audits'!$G$4:$G$100003,dCrit) -> 0 | Y15: =COUNTIFS('PTW Audits'!$D$4:$D$100003,"Apr",'PTW Audits'!$F$4:$F$100003,dCrit) -> 0 | Z15: =COUNTIFS('PTW Audits'!$M$4:$M$100003,"Compliant",'PTW Audits'!$D$4:$D$100003,"Apr",'PTW Audits'!$F$4:$F$100003,dCrit) -> 0 | AA15: =COUNTIFS('Emergency Drills'!$D$4:$D$100003,"Apr") -> 0 | AB15: =COUNTIFS('Corrective Actions'!$D$4:$D$100003,"Apr",'Corrective Actions'!$F$4:$F$100003,dCrit) -> 0 | AC15: =COUNTIFS('Corrective Actions'!$N$4:$N$100003,"Completed",'Corrective Actions'!$D$4:$D$100003,"Apr",'Corrective Actions'!$F$4:$F$100003,dCrit) -> 0 | AD15: =COUNTIFS('JSA Risk Assessment'!$D$4:$D$100003,"Apr",'JSA Risk Assessment'!$F$4:$F$100003,dCrit) -> 0 | AE15: =COUNTIFS('Safety Meetings'!$D$4:$D$100003,"Apr",'Safety Meetings'!$G$4:$G$100003,dCrit) -> 0 | AF15: =COUNTIFS('Unsafe Acts'!$D$4:$D$100003,"Apr",'Unsafe Acts'!$F$4:$F$100003,dCrit)+COUNTIFS('Unsafe Conditions'!$D$4:$D$100003,"Apr",'Unsafe Conditions'!$F$4:$F$100003,dCrit) -> 0 | AG15: =COUNTIFS('Unsafe Acts'!$D$4:$D$100003,"Apr",'Unsafe Acts'!$F$4:$F$100003,dCrit) -> 0 | AH15: =COUNTIFS('Unsafe Conditions'!$D$4:$D$100003,"Apr",'Unsafe Conditions'!$F$4:$F$100003,dCrit) -> 0 | AI15: =SUMIFS('Toolbox Talks'!$J$4:$J$100003,'Toolbox Talks'!$D$4:$D$100003,"Apr",'Toolbox Talks'!$F$4:$F$100003,dCrit) -> 0 | AJ15: =SUMIFS('Toolbox Talks'!$I$4:$I$100003,'Toolbox Talks'!$D$4:$D$100003,"Apr",'Toolbox Talks'!$F$4:$F$100003,dCrit) -> 0 | AK15: =COUNTIFS('JSA Risk Assessment'!$M$4:$M$100003,"Approved",'JSA Risk Assessment'!$D$4:$D$100003,"Apr",'JSA Risk Assessment'!$F$4:$F$100003,dCrit) -> 0 | AL15: =COUNTIFS('Workplace Inspections'!$D$4:$D$100003,"Apr",'Workplace Inspections'!$F$4:$F$100003,dCrit) -> 0 | AM15: =COUNTIFS('Workplace Inspections'!$M$4:$M$100003,"Completed",'Workplace Inspections'!$D$4:$D$100003,"Apr",'Workplace Inspections'!$F$4:$F$100003,dCrit) -> 0 | AN15: =COUNTIFS('Equipment Inspections'!$D$4:$D$100003,"Apr",'Equipment Inspections'!$F$4:$F$100003,dCrit) -> 0 | AO15: =SUMIFS('Equipment Inspections'!$K$4:$K$100003,'Equipment Inspections'!$D$4:$D$100003,"Apr",'Equipment Inspections'!$F$4:$F$100003,dCrit) -> 0 | AP15: =COUNTIFS('Safety Walkthroughs'!$D$4:$D$100003,"Apr",'Safety Walkthroughs'!$F$4:$F$100003,dCrit) -> 0 | AQ15: =SUMIFS('Safety Meetings'!$M$4:$M$100003,'Safety Meetings'!$D$4:$D$100003,"Apr",'Safety Meetings'!$G$4:$G$100003,dCrit) -> 0 | AR15: =SUMIFS('Safety Meetings'!$N$4:$N$100003,'Safety Meetings'!$D$4:$D$100003,"Apr",'Safety Meetings'!$G$4:$G$100003,dCrit) -> 0 | AS15: =COUNTIFS('Safety Bulletins'!$D$4:$D$100003,"Apr") -> 0 | AT15: =SUMIFS('Safety Bulletins'!$L$4:$L$100003,'Safety Bulletins'!$D$4:$D$100003,"Apr") -> 0 | AU15: =SUMIFS('Safety Bulletins'!$M$4:$M$100003,'Safety Bulletins'!$D$4:$D$100003,"Apr") -> 0 | AV15: =SUMIFS('Emergency Drills'!$H$4:$H$100003,'Emergency Drills'!$D$4:$D$100003,"Apr") -> 0 | AW15: =SUMIFS('Emergency Drills'!$I$4:$I$100003,'Emergency Drills'!$D$4:$D$100003,"Apr") -> 0 | AX15: =COUNTIFS('Internal Audits'!$D$4:$D$100003,"Apr",'Internal Audits'!$G$4:$G$100003,dCrit) -> 0 | AY15: =SUMIFS('Internal Audits'!$L$4:$L$100003,'Internal Audits'!$D$4:$D$100003,"Apr",'Internal Audits'!$G$4:$G$100003,dCrit)+SUMIFS('Internal Audits'!$M$4:$M$100003,'Internal Audits'!$D$4:$D$100003,"Apr",'Internal Audits'!$G$4:$G$100003,dCrit) -> 0 | AZ15: =COUNTIFS('External Audits'!$D$4:$D$100003,"Apr",'External Audits'!$G$4:$G$100003,dCrit) -> 0 | BA15: =SUMIFS('External Audits'!$L$4:$L$100003,'External Audits'!$D$4:$D$100003,"Apr",'External Audits'!$G$4:$G$100003,dCrit)+SUMIFS('External Audits'!$M$4:$M$100003,'External Audits'!$D$4:$D$100003,"Apr",'External Audits'!$G$4:$G$100003,dCrit) -> 0 | BB15: =COUNTIFS('Management Visits'!$D$4:$D$100003,"Apr",'Management Visits'!$F$4:$F$100003,dCrit) -> 0 | BC15: =SUMIFS('Management Visits'!$K$4:$K$100003,'Management Visits'!$D$4:$D$100003,"Apr",'Management Visits'!$F$4:$F$100003,dCrit) -> 0 | BD15: =SUMIFS('Management Visits'!$L$4:$L$100003,'Management Visits'!$D$4:$D$100003,"Apr",'Management Visits'!$F$4:$F$100003,dCrit) -> 0 | BE15: =COUNTIFS('Management Reviews'!$D$4:$D$100003,"Apr") -> 0 | BF15: =SUMIFS('Management Reviews'!$H$4:$H$100003,'Management Reviews'!$D$4:$D$100003,"Apr") -> 0 | BG15: =SUMIFS('Management Reviews'!$G$4:$G$100003,'Management Reviews'!$D$4:$D$100003,"Apr") -> 0 | BH15: =COUNTIFS('Safety Awards'!$D$4:$D$100003,"Apr",'Safety Awards'!$F$4:$F$100003,dCrit) -> 0 | BI15: =COUNTIFS('Stop Work Authority'!$D$4:$D$100003,"Apr",'Stop Work Authority'!$F$4:$F$100003,dCrit) -> 0 | BJ15: =COUNTIFS('Alcohol Tests'!$D$4:$D$100003,"Apr",'Alcohol Tests'!$E$4:$E$100003,dCrit) -> 0 | BK15: =COUNTIFS('Alcohol Tests'!$H$4:$H$100003,"Positive",'Alcohol Tests'!$D$4:$D$100003,"Apr",'Alcohol Tests'!$E$4:$E$100003,dCrit) -> 0 | BL15: =COUNTIFS('Unsafe Acts'!$D$4:$D$100003,"Apr",'Unsafe Acts'!$F$4:$F$100003,dCrit) -> 0 | BM15: =COUNTIFS('Unsafe Acts'!$M$4:$M$100003,"Completed",'Unsafe Acts'!$D$4:$D$100003,"Apr",'Unsafe Acts'!$F$4:$F$100003,dCrit) -> 0 | BN15: =COUNTIFS('Unsafe Conditions'!$D$4:$D$100003,"Apr",'Unsafe Conditions'!$F$4:$F$100003,dCrit) -> 0 | BO15: =COUNTIFS('Unsafe Conditions'!$M$4:$M$100003,"Completed",'Unsafe Conditions'!$D$4:$D$100003,"Apr",'Unsafe Conditions'!$F$4:$F$100003,dCrit) -> 0 | BP15: =COUNTIFS('NC Management'!$D$4:$D$100003,"Apr",'NC Management'!$G$4:$G$100003,dCrit) -> 0 | BQ15: =COUNTIFS('NC Management'!$M$4:$M$100003,"Closed",'NC Management'!$D$4:$D$100003,"Apr",'NC Management'!$G$4:$G$100003,dCrit) -> 0 | BR15: =COUNTIFS('Training'!$F$4:$F$100003,"Induction",'Training'!$D$4:$D$100003,"Apr",'Training'!$G$4:$G$100003,dCrit) -> 0 | BS15: =COUNTIFS('HSE Observations'!$E$4:$E$100003,"Safe Act",'HSE Observations'!$D$4:$D$100003,"Apr",'HSE Observations'!$G$4:$G$100003,dCrit)+COUNTIFS('HSE Observations'!$E$4:$E$100003,"Safe Condition",'HSE Observations'!$D$4:$D$100003,"Apr",'HSE Observations'!$G$4:$G$100003,dCrit) -> 0 | BT15: =COUNTIFS('HSE Observations'!$E$4:$E$100003,"Unsafe Act",'HSE Observations'!$D$4:$D$100003,"Apr",'HSE Observations'!$G$4:$G$100003,dCrit)+COUNTIFS('HSE Observations'!$E$4:$E$100003,"Unsafe Condition",'HSE Observations'!$D$4:$D$100003,"Apr",'HSE Observations'!$G$4:$G$100003,dCrit) -> 0 | BU15: =IFERROR(AVERAGEIFS('Emergency Drills'!$L$4:$L$100003,'Emergency Drills'!$D$4:$D$100003,"Apr"),0) -> 0 | BV15: =IFERROR(AVERAGEIFS('Emergency Drills'!$K$4:$K$100003,'Emergency Drills'!$D$4:$D$100003,"Apr"),0) -> 0 | BW15: =SUMIFS('Internal Audits'!$M$4:$M$100003,'Internal Audits'!$D$4:$D$100003,"Apr",'Internal Audits'!$G$4:$G$100003,dCrit) -> 0 | BX15: =SUMIFS('External Audits'!$M$4:$M$100003,'External Audits'!$D$4:$D$100003,"Apr",'External Audits'!$G$4:$G$100003,dCrit) -> 0 | BY15: =SUMIFS('Management Reviews'!$K$4:$K$100003,'Management Reviews'!$D$4:$D$100003,"Apr") -> 0 | BZ15: =SUMIFS('Management Reviews'!$L$4:$L$100003,'Management Reviews'!$D$4:$D$100003,"Apr") -> 0 | CA15: =SUMIFS('Stop Work Authority'!$J$4:$J$100003,'Stop Work Authority'!$D$4:$D$100003,"Apr",'Stop Work Authority'!$F$4:$F$100003,dCrit) -> 0 | CB15: =SUMIFS('Training'!$M$4:$M$100003,'Training'!$D$4:$D$100003,"Apr",'Training'!$G$4:$G$100003,dCrit) -> 0 | CC15: =SUMIFS('Workplace Inspections'!$J$4:$J$100003,'Workplace Inspections'!$D$4:$D$100003,"Apr",'Workplace Inspections'!$F$4:$F$100003,dCrit) -> 0 | CD15: =COUNTIFS('Corrective Actions'!$O$4:$O$100003,"On-Time",'Corrective Actions'!$D$4:$D$100003,"Apr",'Corrective Actions'!$F$4:$F$100003,dCrit) -> 0 | CE15: =COUNTIFS('Corrective Actions'!$O$4:$O$100003,"Delayed",'Corrective Actions'!$D$4:$D$100003,"Apr",'Corrective Actions'!$F$4:$F$100003,dCrit) -> 0 | CF15: =COUNTIFS('JSA Risk Assessment'!$J$4:$J$100003,"Critical",'JSA Risk Assessment'!$D$4:$D$100003,"Apr",'JSA Risk Assessment'!$F$4:$F$100003,dCrit) -> 0 | CG15: =COUNTIFS('JSA Risk Assessment'!$J$4:$J$100003,"High",'JSA Risk Assessment'!$D$4:$D$100003,"Apr",'JSA Risk Assessment'!$F$4:$F$100003,dCrit) -> 0 | CH15: =COUNTIFS('JSA Risk Assessment'!$J$4:$J$100003,"Medium",'JSA Risk Assessment'!$D$4:$D$100003,"Apr",'JSA Risk Assessment'!$F$4:$F$100003,dCrit) -> 0 | CI15: =COUNTIFS('JSA Risk Assessment'!$J$4:$J$100003,"Low",'JSA Risk Assessment'!$D$4:$D$100003,"Apr",'JSA Risk Assessment'!$F$4:$F$100003,dCrit) -> 0 | CJ15: =IFERROR($F$15*TRIRmult/Settings!$C$16,0) -> 0 | CK15: =IFERROR($G$15*LTIFRmult/Settings!$C$16,0) -> 0 | CL15: =BenchTRIR -> 0 | CM15: =BenchLTIFR -> 0 | CN15: =IFERROR($BK$15/$BJ$15*100,0) -> 0 | CO15: =$V$15+$R$15+$T$15+$W$15+$X$15+$AA$15+$Y$15+$AE$15+$AD$15 -> 0 | CP15: =$O$15+$BP$15+$P$15 -> 0 | CQ15: =IFERROR($CO$15/$CP$15,0) -> 0 | DJ15: Recordable | DK15: Lagging | DL15: =SUMPRODUCT(Calculations!$F$12:$F$23,Calculations!$D$12:$D$23) -> 0 | DM15: =SUMPRODUCT(Calculations!$F$12:$F$23,Calculations!$E$12:$E$23) -> 0 | DN15: =IFERROR(($DL$15-$DM$15)/$DM$15,IF($DL$15>0,1,0)) -> 0 | DO15: =($DL$15-$DM$15)*-1 -> 0 | DP15: =IFERROR(AVERAGE(Calculations!$F$12:$F$23)*SUM(Calculations!$D$12:$D$23),0) -> 0 | DQ15: =IFERROR(IF($DL$15<=$DP$15,2,IF($DL$15<=$DP$15/AmberBand,1,0)),1) -> 0 | DS15: First Aid | DT15: =SUMPRODUCT(Calculations!$I$12:$I$23,Calculations!$D$12:$D$23) -> 0 | DV15: May | DW15: =COUNTIFS('Incident'!$D$4:$D$100003,"May",'Incident'!$H$4:$H$100003,dCrit) -> 0 | DY15: =IFERROR($BQ$15/$BP$15*100,0) -> 0 | DZ15: =IFERROR($BK$15/$BJ$15*100,0) -> 0 | EA15: =IFERROR($AI$15/$AJ$15*100,0) -> 0 | EB15: =IFERROR($AK$15/$AD$15*100,0) -> 0 | EC15: =IFERROR($S$15/$R$15*100,0) -> 0 | ED15: =IFERROR($U$15/$T$15*100,0) -> 0 | EE15: =IFERROR($AM$15/$AL$15*100,0) -> 0 | EF15: =IFERROR($AR$15/$AQ$15*100,0) -> 0 | EG15: =IFERROR($AU$15/$AT$15*100,0) -> 0 | EH15: =IFERROR($AW$15/$AV$15*100,0) -> 0 | EI15: =IFERROR($BD$15/$BC$15*100,0) -> 0 | EJ15: =IFERROR($BF$15/$BG$15*100,0) -> 0 | EK15: =IFERROR($Z$15/$Y$15*100,0) -> 0 | EL15: =IFERROR($AC$15/$AB$15*100,0) -> 0 | EM15: =IFERROR($BM$15/$BL$15*100,0) -> 0 | EN15: =IFERROR($BO$15/$BN$15*100,0) -> 0
B16: May | C16: 5 | D16: =IF(Calculations!$C$10=1,IF(ROUNDUP($C$16/3,0)=Calculations!$F$10,1,0),IF($C$16=Calculations!$I$10,1,0)) -> 0 | E16: =IF(Calculations!$C$10=1,IF(ROUNDUP($C$16/3,0)=Calculations!$F$10-1,1,0),IF($C$16=Calculations!$I$10-1,1,0)) -> 0 | F16: =COUNTIFS('Incident'!$N$4:$N$100003,"Medical Treatment",'Incident'!$D$4:$D$100003,"May",'Incident'!$H$4:$H$100003,dCrit)+COUNTIFS('Incident'!$N$4:$N$100003,"Restricted Work",'Incident'!$D$4:$D$100003,"May",'Incident'!$H$4:$H$100003,dCrit)+COUNTIFS('Incident'!$N$4:$N$100003,"Lost Time Injury",'Incident'!$D$4:$D$100003,"May",'Incident'!$H$4:$H$100003,dCrit)+COUNTIFS('Incident'!$N$4:$N$100003,"Fatality",'Incident'!$D$4:$D$100003,"May",'Incident'!$H$4:$H$100003,dCrit) -> 0 | G16: =COUNTIFS('Incident'!$N$4:$N$100003,"Lost Time Injury",'Incident'!$D$4:$D$100003,"May",'Incident'!$H$4:$H$100003,dCrit)+COUNTIFS('Incident'!$N$4:$N$100003,"Fatality",'Incident'!$D$4:$D$100003,"May",'Incident'!$H$4:$H$100003,dCrit) -> 0 | H16: =COUNTIFS('Incident'!$N$4:$N$100003,"Near Miss",'Incident'!$D$4:$D$100003,"May",'Incident'!$H$4:$H$100003,dCrit) -> 0 | I16: =COUNTIFS('Incident'!$N$4:$N$100003,"First Aid",'Incident'!$D$4:$D$100003,"May",'Incident'!$H$4:$H$100003,dCrit) -> 0 | J16: =COUNTIFS('Incident'!$N$4:$N$100003,"Medical Treatment",'Incident'!$D$4:$D$100003,"May",'Incident'!$H$4:$H$100003,dCrit) -> 0 | K16: =COUNTIFS('Incident'!$N$4:$N$100003,"Restricted Work",'Incident'!$D$4:$D$100003,"May",'Incident'!$H$4:$H$100003,dCrit) -> 0 | L16: =COUNTIFS('Incident'!$N$4:$N$100003,"Lost Time Injury",'Incident'!$D$4:$D$100003,"May",'Incident'!$H$4:$H$100003,dCrit) -> 0 | M16: =COUNTIFS('Incident'!$N$4:$N$100003,"Fatality",'Incident'!$D$4:$D$100003,"May",'Incident'!$H$4:$H$100003,dCrit) -> 0 | N16: =SUMIFS('Incident'!$V$4:$V$100003,'Incident'!$D$4:$D$100003,"May",'Incident'!$H$4:$H$100003,dCrit) -> 0 | O16: =COUNTIFS('Incident'!$D$4:$D$100003,"May",'Incident'!$H$4:$H$100003,dCrit) -> 0 | P16: =COUNTIFS('Disciplinary Actions'!$D$4:$D$100003,"May",'Disciplinary Actions'!$F$4:$F$100003,dCrit) -> 0 | Q16: =COUNTIFS('NC Management'!$M$4:$M$100003,"Open",'NC Management'!$D$4:$D$100003,"May",'NC Management'!$G$4:$G$100003,dCrit)+COUNTIFS('NC Management'!$M$4:$M$100003,"Overdue",'NC Management'!$D$4:$D$100003,"May",'NC Management'!$G$4:$G$100003,dCrit) -> 0 | R16: =COUNTIFS('Training'!$D$4:$D$100003,"May",'Training'!$G$4:$G$100003,dCrit) -> 0 | S16: =COUNTIFS('Training'!$N$4:$N$100003,"Completed",'Training'!$D$4:$D$100003,"May",'Training'!$G$4:$G$100003,dCrit) -> 0 | T16: =COUNTIFS('HSE Observations'!$D$4:$D$100003,"May",'HSE Observations'!$G$4:$G$100003,dCrit) -> 0 | U16: =COUNTIFS('HSE Observations'!$M$4:$M$100003,"Completed",'HSE Observations'!$D$4:$D$100003,"May",'HSE Observations'!$G$4:$G$100003,dCrit) -> 0 | V16: =COUNTIFS('Toolbox Talks'!$D$4:$D$100003,"May",'Toolbox Talks'!$F$4:$F$100003,dCrit) -> 0 | W16: =COUNTIFS('Workplace Inspections'!$D$4:$D$100003,"May",'Workplace Inspections'!$F$4:$F$100003,dCrit)+COUNTIFS('Equipment Inspections'!$D$4:$D$100003,"May",'Equipment Inspections'!$F$4:$F$100003,dCrit)+COUNTIFS('Safety Walkthroughs'!$D$4:$D$100003,"May",'Safety Walkthroughs'!$F$4:$F$100003,dCrit) -> 0 | X16: =COUNTIFS('Internal Audits'!$D$4:$D$100003,"May",'Internal Audits'!$G$4:$G$100003,dCrit)+COUNTIFS('External Audits'!$D$4:$D$100003,"May",'External Audits'!$G$4:$G$100003,dCrit) -> 0 | Y16: =COUNTIFS('PTW Audits'!$D$4:$D$100003,"May",'PTW Audits'!$F$4:$F$100003,dCrit) -> 0 | Z16: =COUNTIFS('PTW Audits'!$M$4:$M$100003,"Compliant",'PTW Audits'!$D$4:$D$100003,"May",'PTW Audits'!$F$4:$F$100003,dCrit) -> 0 | AA16: =COUNTIFS('Emergency Drills'!$D$4:$D$100003,"May") -> 0 | AB16: =COUNTIFS('Corrective Actions'!$D$4:$D$100003,"May",'Corrective Actions'!$F$4:$F$100003,dCrit) -> 0 | AC16: =COUNTIFS('Corrective Actions'!$N$4:$N$100003,"Completed",'Corrective Actions'!$D$4:$D$100003,"May",'Corrective Actions'!$F$4:$F$100003,dCrit) -> 0 | AD16: =COUNTIFS('JSA Risk Assessment'!$D$4:$D$100003,"May",'JSA Risk Assessment'!$F$4:$F$100003,dCrit) -> 0 | AE16: =COUNTIFS('Safety Meetings'!$D$4:$D$100003,"May",'Safety Meetings'!$G$4:$G$100003,dCrit) -> 0 | AF16: =COUNTIFS('Unsafe Acts'!$D$4:$D$100003,"May",'Unsafe Acts'!$F$4:$F$100003,dCrit)+COUNTIFS('Unsafe Conditions'!$D$4:$D$100003,"May",'Unsafe Conditions'!$F$4:$F$100003,dCrit) -> 0 | AG16: =COUNTIFS('Unsafe Acts'!$D$4:$D$100003,"May",'Unsafe Acts'!$F$4:$F$100003,dCrit) -> 0 | AH16: =COUNTIFS('Unsafe Conditions'!$D$4:$D$100003,"May",'Unsafe Conditions'!$F$4:$F$100003,dCrit) -> 0 | AI16: =SUMIFS('Toolbox Talks'!$J$4:$J$100003,'Toolbox Talks'!$D$4:$D$100003,"May",'Toolbox Talks'!$F$4:$F$100003,dCrit) -> 0 | AJ16: =SUMIFS('Toolbox Talks'!$I$4:$I$100003,'Toolbox Talks'!$D$4:$D$100003,"May",'Toolbox Talks'!$F$4:$F$100003,dCrit) -> 0 | AK16: =COUNTIFS('JSA Risk Assessment'!$M$4:$M$100003,"Approved",'JSA Risk Assessment'!$D$4:$D$100003,"May",'JSA Risk Assessment'!$F$4:$F$100003,dCrit) -> 0 | AL16: =COUNTIFS('Workplace Inspections'!$D$4:$D$100003,"May",'Workplace Inspections'!$F$4:$F$100003,dCrit) -> 0 | AM16: =COUNTIFS('Workplace Inspections'!$M$4:$M$100003,"Completed",'Workplace Inspections'!$D$4:$D$100003,"May",'Workplace Inspections'!$F$4:$F$100003,dCrit) -> 0 | AN16: =COUNTIFS('Equipment Inspections'!$D$4:$D$100003,"May",'Equipment Inspections'!$F$4:$F$100003,dCrit) -> 0 | AO16: =SUMIFS('Equipment Inspections'!$K$4:$K$100003,'Equipment Inspections'!$D$4:$D$100003,"May",'Equipment Inspections'!$F$4:$F$100003,dCrit) -> 0 | AP16: =COUNTIFS('Safety Walkthroughs'!$D$4:$D$100003,"May",'Safety Walkthroughs'!$F$4:$F$100003,dCrit) -> 0 | AQ16: =SUMIFS('Safety Meetings'!$M$4:$M$100003,'Safety Meetings'!$D$4:$D$100003,"May",'Safety Meetings'!$G$4:$G$100003,dCrit) -> 0 | AR16: =SUMIFS('Safety Meetings'!$N$4:$N$100003,'Safety Meetings'!$D$4:$D$100003,"May",'Safety Meetings'!$G$4:$G$100003,dCrit) -> 0 | AS16: =COUNTIFS('Safety Bulletins'!$D$4:$D$100003,"May") -> 0 | AT16: =SUMIFS('Safety Bulletins'!$L$4:$L$100003,'Safety Bulletins'!$D$4:$D$100003,"May") -> 0 | AU16: =SUMIFS('Safety Bulletins'!$M$4:$M$100003,'Safety Bulletins'!$D$4:$D$100003,"May") -> 0 | AV16: =SUMIFS('Emergency Drills'!$H$4:$H$100003,'Emergency Drills'!$D$4:$D$100003,"May") -> 0 | AW16: =SUMIFS('Emergency Drills'!$I$4:$I$100003,'Emergency Drills'!$D$4:$D$100003,"May") -> 0 | AX16: =COUNTIFS('Internal Audits'!$D$4:$D$100003,"May",'Internal Audits'!$G$4:$G$100003,dCrit) -> 0 | AY16: =SUMIFS('Internal Audits'!$L$4:$L$100003,'Internal Audits'!$D$4:$D$100003,"May",'Internal Audits'!$G$4:$G$100003,dCrit)+SUMIFS('Internal Audits'!$M$4:$M$100003,'Internal Audits'!$D$4:$D$100003,"May",'Internal Audits'!$G$4:$G$100003,dCrit) -> 0 | AZ16: =COUNTIFS('External Audits'!$D$4:$D$100003,"May",'External Audits'!$G$4:$G$100003,dCrit) -> 0 | BA16: =SUMIFS('External Audits'!$L$4:$L$100003,'External Audits'!$D$4:$D$100003,"May",'External Audits'!$G$4:$G$100003,dCrit)+SUMIFS('External Audits'!$M$4:$M$100003,'External Audits'!$D$4:$D$100003,"May",'External Audits'!$G$4:$G$100003,dCrit) -> 0 | BB16: =COUNTIFS('Management Visits'!$D$4:$D$100003,"May",'Management Visits'!$F$4:$F$100003,dCrit) -> 0 | BC16: =SUMIFS('Management Visits'!$K$4:$K$100003,'Management Visits'!$D$4:$D$100003,"May",'Management Visits'!$F$4:$F$100003,dCrit) -> 0 | BD16: =SUMIFS('Management Visits'!$L$4:$L$100003,'Management Visits'!$D$4:$D$100003,"May",'Management Visits'!$F$4:$F$100003,dCrit) -> 0 | BE16: =COUNTIFS('Management Reviews'!$D$4:$D$100003,"May") -> 0 | BF16: =SUMIFS('Management Reviews'!$H$4:$H$100003,'Management Reviews'!$D$4:$D$100003,"May") -> 0 | BG16: =SUMIFS('Management Reviews'!$G$4:$G$100003,'Management Reviews'!$D$4:$D$100003,"May") -> 0 | BH16: =COUNTIFS('Safety Awards'!$D$4:$D$100003,"May",'Safety Awards'!$F$4:$F$100003,dCrit) -> 0 | BI16: =COUNTIFS('Stop Work Authority'!$D$4:$D$100003,"May",'Stop Work Authority'!$F$4:$F$100003,dCrit) -> 0 | BJ16: =COUNTIFS('Alcohol Tests'!$D$4:$D$100003,"May",'Alcohol Tests'!$E$4:$E$100003,dCrit) -> 0 | BK16: =COUNTIFS('Alcohol Tests'!$H$4:$H$100003,"Positive",'Alcohol Tests'!$D$4:$D$100003,"May",'Alcohol Tests'!$E$4:$E$100003,dCrit) -> 0 | BL16: =COUNTIFS('Unsafe Acts'!$D$4:$D$100003,"May",'Unsafe Acts'!$F$4:$F$100003,dCrit) -> 0 | BM16: =COUNTIFS('Unsafe Acts'!$M$4:$M$100003,"Completed",'Unsafe Acts'!$D$4:$D$100003,"May",'Unsafe Acts'!$F$4:$F$100003,dCrit) -> 0 | BN16: =COUNTIFS('Unsafe Conditions'!$D$4:$D$100003,"May",'Unsafe Conditions'!$F$4:$F$100003,dCrit) -> 0 | BO16: =COUNTIFS('Unsafe Conditions'!$M$4:$M$100003,"Completed",'Unsafe Conditions'!$D$4:$D$100003,"May",'Unsafe Conditions'!$F$4:$F$100003,dCrit) -> 0 | BP16: =COUNTIFS('NC Management'!$D$4:$D$100003,"May",'NC Management'!$G$4:$G$100003,dCrit) -> 0 | BQ16: =COUNTIFS('NC Management'!$M$4:$M$100003,"Closed",'NC Management'!$D$4:$D$100003,"May",'NC Management'!$G$4:$G$100003,dCrit) -> 0 | BR16: =COUNTIFS('Training'!$F$4:$F$100003,"Induction",'Training'!$D$4:$D$100003,"May",'Training'!$G$4:$G$100003,dCrit) -> 0 | BS16: =COUNTIFS('HSE Observations'!$E$4:$E$100003,"Safe Act",'HSE Observations'!$D$4:$D$100003,"May",'HSE Observations'!$G$4:$G$100003,dCrit)+COUNTIFS('HSE Observations'!$E$4:$E$100003,"Safe Condition",'HSE Observations'!$D$4:$D$100003,"May",'HSE Observations'!$G$4:$G$100003,dCrit) -> 0 | BT16: =COUNTIFS('HSE Observations'!$E$4:$E$100003,"Unsafe Act",'HSE Observations'!$D$4:$D$100003,"May",'HSE Observations'!$G$4:$G$100003,dCrit)+COUNTIFS('HSE Observations'!$E$4:$E$100003,"Unsafe Condition",'HSE Observations'!$D$4:$D$100003,"May",'HSE Observations'!$G$4:$G$100003,dCrit) -> 0 | BU16: =IFERROR(AVERAGEIFS('Emergency Drills'!$L$4:$L$100003,'Emergency Drills'!$D$4:$D$100003,"May"),0) -> 0 | BV16: =IFERROR(AVERAGEIFS('Emergency Drills'!$K$4:$K$100003,'Emergency Drills'!$D$4:$D$100003,"May"),0) -> 0 | BW16: =SUMIFS('Internal Audits'!$M$4:$M$100003,'Internal Audits'!$D$4:$D$100003,"May",'Internal Audits'!$G$4:$G$100003,dCrit) -> 0 | BX16: =SUMIFS('External Audits'!$M$4:$M$100003,'External Audits'!$D$4:$D$100003,"May",'External Audits'!$G$4:$G$100003,dCrit) -> 0 | BY16: =SUMIFS('Management Reviews'!$K$4:$K$100003,'Management Reviews'!$D$4:$D$100003,"May") -> 0 | BZ16: =SUMIFS('Management Reviews'!$L$4:$L$100003,'Management Reviews'!$D$4:$D$100003,"May") -> 0 | CA16: =SUMIFS('Stop Work Authority'!$J$4:$J$100003,'Stop Work Authority'!$D$4:$D$100003,"May",'Stop Work Authority'!$F$4:$F$100003,dCrit) -> 0 | CB16: =SUMIFS('Training'!$M$4:$M$100003,'Training'!$D$4:$D$100003,"May",'Training'!$G$4:$G$100003,dCrit) -> 0 | CC16: =SUMIFS('Workplace Inspections'!$J$4:$J$100003,'Workplace Inspections'!$D$4:$D$100003,"May",'Workplace Inspections'!$F$4:$F$100003,dCrit) -> 0 | CD16: =COUNTIFS('Corrective Actions'!$O$4:$O$100003,"On-Time",'Corrective Actions'!$D$4:$D$100003,"May",'Corrective Actions'!$F$4:$F$100003,dCrit) -> 0 | CE16: =COUNTIFS('Corrective Actions'!$O$4:$O$100003,"Delayed",'Corrective Actions'!$D$4:$D$100003,"May",'Corrective Actions'!$F$4:$F$100003,dCrit) -> 0 | CF16: =COUNTIFS('JSA Risk Assessment'!$J$4:$J$100003,"Critical",'JSA Risk Assessment'!$D$4:$D$100003,"May",'JSA Risk Assessment'!$F$4:$F$100003,dCrit) -> 0 | CG16: =COUNTIFS('JSA Risk Assessment'!$J$4:$J$100003,"High",'JSA Risk Assessment'!$D$4:$D$100003,"May",'JSA Risk Assessment'!$F$4:$F$100003,dCrit) -> 0 | CH16: =COUNTIFS('JSA Risk Assessment'!$J$4:$J$100003,"Medium",'JSA Risk Assessment'!$D$4:$D$100003,"May",'JSA Risk Assessment'!$F$4:$F$100003,dCrit) -> 0 | CI16: =COUNTIFS('JSA Risk Assessment'!$J$4:$J$100003,"Low",'JSA Risk Assessment'!$D$4:$D$100003,"May",'JSA Risk Assessment'!$F$4:$F$100003,dCrit) -> 0 | CJ16: =IFERROR($F$16*TRIRmult/Settings!$C$17,0) -> 0 | CK16: =IFERROR($G$16*LTIFRmult/Settings!$C$17,0) -> 0 | CL16: =BenchTRIR -> 0 | CM16: =BenchLTIFR -> 0 | CN16: =IFERROR($BK$16/$BJ$16*100,0) -> 0 | CO16: =$V$16+$R$16+$T$16+$W$16+$X$16+$AA$16+$Y$16+$AE$16+$AD$16 -> 0 | CP16: =$O$16+$BP$16+$P$16 -> 0 | CQ16: =IFERROR($CO$16/$CP$16,0) -> 0 | DJ16: LTI + Fatality | DK16: Lagging | DL16: =SUMPRODUCT(Calculations!$G$12:$G$23,Calculations!$D$12:$D$23) -> 0 | DM16: =SUMPRODUCT(Calculations!$G$12:$G$23,Calculations!$E$12:$E$23) -> 0 | DN16: =IFERROR(($DL$16-$DM$16)/$DM$16,IF($DL$16>0,1,0)) -> 0 | DO16: =($DL$16-$DM$16)*-1 -> 0 | DP16: =IFERROR(AVERAGE(Calculations!$G$12:$G$23)*SUM(Calculations!$D$12:$D$23),0) -> 0 | DQ16: =IFERROR(IF($DL$16<=$DP$16,2,IF($DL$16<=$DP$16/AmberBand,1,0)),1) -> 0 | DS16: Near Miss | DT16: =SUMPRODUCT(Calculations!$H$12:$H$23,Calculations!$D$12:$D$23) -> 0 | DV16: Jun | DW16: =COUNTIFS('Incident'!$D$4:$D$100003,"Jun",'Incident'!$H$4:$H$100003,dCrit) -> 0 | DY16: =IFERROR($BQ$16/$BP$16*100,0) -> 0 | DZ16: =IFERROR($BK$16/$BJ$16*100,0) -> 0 | EA16: =IFERROR($AI$16/$AJ$16*100,0) -> 0 | EB16: =IFERROR($AK$16/$AD$16*100,0) -> 0 | EC16: =IFERROR($S$16/$R$16*100,0) -> 0 | ED16: =IFERROR($U$16/$T$16*100,0) -> 0 | EE16: =IFERROR($AM$16/$AL$16*100,0) -> 0 | EF16: =IFERROR($AR$16/$AQ$16*100,0) -> 0 | EG16: =IFERROR($AU$16/$AT$16*100,0) -> 0 | EH16: =IFERROR($AW$16/$AV$16*100,0) -> 0 | EI16: =IFERROR($BD$16/$BC$16*100,0) -> 0 | EJ16: =IFERROR($BF$16/$BG$16*100,0) -> 0 | EK16: =IFERROR($Z$16/$Y$16*100,0) -> 0 | EL16: =IFERROR($AC$16/$AB$16*100,0) -> 0 | EM16: =IFERROR($BM$16/$BL$16*100,0) -> 0 | EN16: =IFERROR($BO$16/$BN$16*100,0) -> 0
B17: Jun | C17: 6 | D17: =IF(Calculations!$C$10=1,IF(ROUNDUP($C$17/3,0)=Calculations!$F$10,1,0),IF($C$17=Calculations!$I$10,1,0)) -> 0 | E17: =IF(Calculations!$C$10=1,IF(ROUNDUP($C$17/3,0)=Calculations!$F$10-1,1,0),IF($C$17=Calculations!$I$10-1,1,0)) -> 0 | F17: =COUNTIFS('Incident'!$N$4:$N$100003,"Medical Treatment",'Incident'!$D$4:$D$100003,"Jun",'Incident'!$H$4:$H$100003,dCrit)+COUNTIFS('Incident'!$N$4:$N$100003,"Restricted Work",'Incident'!$D$4:$D$100003,"Jun",'Incident'!$H$4:$H$100003,dCrit)+COUNTIFS('Incident'!$N$4:$N$100003,"Lost Time Injury",'Incident'!$D$4:$D$100003,"Jun",'Incident'!$H$4:$H$100003,dCrit)+COUNTIFS('Incident'!$N$4:$N$100003,"Fatality",'Incident'!$D$4:$D$100003,"Jun",'Incident'!$H$4:$H$100003,dCrit) -> 0 | G17: =COUNTIFS('Incident'!$N$4:$N$100003,"Lost Time Injury",'Incident'!$D$4:$D$100003,"Jun",'Incident'!$H$4:$H$100003,dCrit)+COUNTIFS('Incident'!$N$4:$N$100003,"Fatality",'Incident'!$D$4:$D$100003,"Jun",'Incident'!$H$4:$H$100003,dCrit) -> 0 | H17: =COUNTIFS('Incident'!$N$4:$N$100003,"Near Miss",'Incident'!$D$4:$D$100003,"Jun",'Incident'!$H$4:$H$100003,dCrit) -> 0 | I17: =COUNTIFS('Incident'!$N$4:$N$100003,"First Aid",'Incident'!$D$4:$D$100003,"Jun",'Incident'!$H$4:$H$100003,dCrit) -> 0 | J17: =COUNTIFS('Incident'!$N$4:$N$100003,"Medical Treatment",'Incident'!$D$4:$D$100003,"Jun",'Incident'!$H$4:$H$100003,dCrit) -> 0 | K17: =COUNTIFS('Incident'!$N$4:$N$100003,"Restricted Work",'Incident'!$D$4:$D$100003,"Jun",'Incident'!$H$4:$H$100003,dCrit) -> 0 | L17: =COUNTIFS('Incident'!$N$4:$N$100003,"Lost Time Injury",'Incident'!$D$4:$D$100003,"Jun",'Incident'!$H$4:$H$100003,dCrit) -> 0 | M17: =COUNTIFS('Incident'!$N$4:$N$100003,"Fatality",'Incident'!$D$4:$D$100003,"Jun",'Incident'!$H$4:$H$100003,dCrit) -> 0 | N17: =SUMIFS('Incident'!$V$4:$V$100003,'Incident'!$D$4:$D$100003,"Jun",'Incident'!$H$4:$H$100003,dCrit) -> 0 | O17: =COUNTIFS('Incident'!$D$4:$D$100003,"Jun",'Incident'!$H$4:$H$100003,dCrit) -> 0 | P17: =COUNTIFS('Disciplinary Actions'!$D$4:$D$100003,"Jun",'Disciplinary Actions'!$F$4:$F$100003,dCrit) -> 0 | Q17: =COUNTIFS('NC Management'!$M$4:$M$100003,"Open",'NC Management'!$D$4:$D$100003,"Jun",'NC Management'!$G$4:$G$100003,dCrit)+COUNTIFS('NC Management'!$M$4:$M$100003,"Overdue",'NC Management'!$D$4:$D$100003,"Jun",'NC Management'!$G$4:$G$100003,dCrit) -> 0 | R17: =COUNTIFS('Training'!$D$4:$D$100003,"Jun",'Training'!$G$4:$G$100003,dCrit) -> 0 | S17: =COUNTIFS('Training'!$N$4:$N$100003,"Completed",'Training'!$D$4:$D$100003,"Jun",'Training'!$G$4:$G$100003,dCrit) -> 0 | T17: =COUNTIFS('HSE Observations'!$D$4:$D$100003,"Jun",'HSE Observations'!$G$4:$G$100003,dCrit) -> 0 | U17: =COUNTIFS('HSE Observations'!$M$4:$M$100003,"Completed",'HSE Observations'!$D$4:$D$100003,"Jun",'HSE Observations'!$G$4:$G$100003,dCrit) -> 0 | V17: =COUNTIFS('Toolbox Talks'!$D$4:$D$100003,"Jun",'Toolbox Talks'!$F$4:$F$100003,dCrit) -> 0 | W17: =COUNTIFS('Workplace Inspections'!$D$4:$D$100003,"Jun",'Workplace Inspections'!$F$4:$F$100003,dCrit)+COUNTIFS('Equipment Inspections'!$D$4:$D$100003,"Jun",'Equipment Inspections'!$F$4:$F$100003,dCrit)+COUNTIFS('Safety Walkthroughs'!$D$4:$D$100003,"Jun",'Safety Walkthroughs'!$F$4:$F$100003,dCrit) -> 0 | X17: =COUNTIFS('Internal Audits'!$D$4:$D$100003,"Jun",'Internal Audits'!$G$4:$G$100003,dCrit)+COUNTIFS('External Audits'!$D$4:$D$100003,"Jun",'External Audits'!$G$4:$G$100003,dCrit) -> 0 | Y17: =COUNTIFS('PTW Audits'!$D$4:$D$100003,"Jun",'PTW Audits'!$F$4:$F$100003,dCrit) -> 0 | Z17: =COUNTIFS('PTW Audits'!$M$4:$M$100003,"Compliant",'PTW Audits'!$D$4:$D$100003,"Jun",'PTW Audits'!$F$4:$F$100003,dCrit) -> 0 | AA17: =COUNTIFS('Emergency Drills'!$D$4:$D$100003,"Jun") -> 0 | AB17: =COUNTIFS('Corrective Actions'!$D$4:$D$100003,"Jun",'Corrective Actions'!$F$4:$F$100003,dCrit) -> 0 | AC17: =COUNTIFS('Corrective Actions'!$N$4:$N$100003,"Completed",'Corrective Actions'!$D$4:$D$100003,"Jun",'Corrective Actions'!$F$4:$F$100003,dCrit) -> 0 | AD17: =COUNTIFS('JSA Risk Assessment'!$D$4:$D$100003,"Jun",'JSA Risk Assessment'!$F$4:$F$100003,dCrit) -> 0 | AE17: =COUNTIFS('Safety Meetings'!$D$4:$D$100003,"Jun",'Safety Meetings'!$G$4:$G$100003,dCrit) -> 0 | AF17: =COUNTIFS('Unsafe Acts'!$D$4:$D$100003,"Jun",'Unsafe Acts'!$F$4:$F$100003,dCrit)+COUNTIFS('Unsafe Conditions'!$D$4:$D$100003,"Jun",'Unsafe Conditions'!$F$4:$F$100003,dCrit) -> 0 | AG17: =COUNTIFS('Unsafe Acts'!$D$4:$D$100003,"Jun",'Unsafe Acts'!$F$4:$F$100003,dCrit) -> 0 | AH17: =COUNTIFS('Unsafe Conditions'!$D$4:$D$100003,"Jun",'Unsafe Conditions'!$F$4:$F$100003,dCrit) -> 0 | AI17: =SUMIFS('Toolbox Talks'!$J$4:$J$100003,'Toolbox Talks'!$D$4:$D$100003,"Jun",'Toolbox Talks'!$F$4:$F$100003,dCrit) -> 0 | AJ17: =SUMIFS('Toolbox Talks'!$I$4:$I$100003,'Toolbox Talks'!$D$4:$D$100003,"Jun",'Toolbox Talks'!$F$4:$F$100003,dCrit) -> 0 | AK17: =COUNTIFS('JSA Risk Assessment'!$M$4:$M$100003,"Approved",'JSA Risk Assessment'!$D$4:$D$100003,"Jun",'JSA Risk Assessment'!$F$4:$F$100003,dCrit) -> 0 | AL17: =COUNTIFS('Workplace Inspections'!$D$4:$D$100003,"Jun",'Workplace Inspections'!$F$4:$F$100003,dCrit) -> 0 | AM17: =COUNTIFS('Workplace Inspections'!$M$4:$M$100003,"Completed",'Workplace Inspections'!$D$4:$D$100003,"Jun",'Workplace Inspections'!$F$4:$F$100003,dCrit) -> 0 | AN17: =COUNTIFS('Equipment Inspections'!$D$4:$D$100003,"Jun",'Equipment Inspections'!$F$4:$F$100003,dCrit) -> 0 | AO17: =SUMIFS('Equipment Inspections'!$K$4:$K$100003,'Equipment Inspections'!$D$4:$D$100003,"Jun",'Equipment Inspections'!$F$4:$F$100003,dCrit) -> 0 | AP17: =COUNTIFS('Safety Walkthroughs'!$D$4:$D$100003,"Jun",'Safety Walkthroughs'!$F$4:$F$100003,dCrit) -> 0 | AQ17: =SUMIFS('Safety Meetings'!$M$4:$M$100003,'Safety Meetings'!$D$4:$D$100003,"Jun",'Safety Meetings'!$G$4:$G$100003,dCrit) -> 0 | AR17: =SUMIFS('Safety Meetings'!$N$4:$N$100003,'Safety Meetings'!$D$4:$D$100003,"Jun",'Safety Meetings'!$G$4:$G$100003,dCrit) -> 0 | AS17: =COUNTIFS('Safety Bulletins'!$D$4:$D$100003,"Jun") -> 0 | AT17: =SUMIFS('Safety Bulletins'!$L$4:$L$100003,'Safety Bulletins'!$D$4:$D$100003,"Jun") -> 0 | AU17: =SUMIFS('Safety Bulletins'!$M$4:$M$100003,'Safety Bulletins'!$D$4:$D$100003,"Jun") -> 0 | AV17: =SUMIFS('Emergency Drills'!$H$4:$H$100003,'Emergency Drills'!$D$4:$D$100003,"Jun") -> 0 | AW17: =SUMIFS('Emergency Drills'!$I$4:$I$100003,'Emergency Drills'!$D$4:$D$100003,"Jun") -> 0 | AX17: =COUNTIFS('Internal Audits'!$D$4:$D$100003,"Jun",'Internal Audits'!$G$4:$G$100003,dCrit) -> 0 | AY17: =SUMIFS('Internal Audits'!$L$4:$L$100003,'Internal Audits'!$D$4:$D$100003,"Jun",'Internal Audits'!$G$4:$G$100003,dCrit)+SUMIFS('Internal Audits'!$M$4:$M$100003,'Internal Audits'!$D$4:$D$100003,"Jun",'Internal Audits'!$G$4:$G$100003,dCrit) -> 0 | AZ17: =COUNTIFS('External Audits'!$D$4:$D$100003,"Jun",'External Audits'!$G$4:$G$100003,dCrit) -> 0 | BA17: =SUMIFS('External Audits'!$L$4:$L$100003,'External Audits'!$D$4:$D$100003,"Jun",'External Audits'!$G$4:$G$100003,dCrit)+SUMIFS('External Audits'!$M$4:$M$100003,'External Audits'!$D$4:$D$100003,"Jun",'External Audits'!$G$4:$G$100003,dCrit) -> 0 | BB17: =COUNTIFS('Management Visits'!$D$4:$D$100003,"Jun",'Management Visits'!$F$4:$F$100003,dCrit) -> 0 | BC17: =SUMIFS('Management Visits'!$K$4:$K$100003,'Management Visits'!$D$4:$D$100003,"Jun",'Management Visits'!$F$4:$F$100003,dCrit) -> 0 | BD17: =SUMIFS('Management Visits'!$L$4:$L$100003,'Management Visits'!$D$4:$D$100003,"Jun",'Management Visits'!$F$4:$F$100003,dCrit) -> 0 | BE17: =COUNTIFS('Management Reviews'!$D$4:$D$100003,"Jun") -> 0 | BF17: =SUMIFS('Management Reviews'!$H$4:$H$100003,'Management Reviews'!$D$4:$D$100003,"Jun") -> 0 | BG17: =SUMIFS('Management Reviews'!$G$4:$G$100003,'Management Reviews'!$D$4:$D$100003,"Jun") -> 0 | BH17: =COUNTIFS('Safety Awards'!$D$4:$D$100003,"Jun",'Safety Awards'!$F$4:$F$100003,dCrit) -> 0 | BI17: =COUNTIFS('Stop Work Authority'!$D$4:$D$100003,"Jun",'Stop Work Authority'!$F$4:$F$100003,dCrit) -> 0 | BJ17: =COUNTIFS('Alcohol Tests'!$D$4:$D$100003,"Jun",'Alcohol Tests'!$E$4:$E$100003,dCrit) -> 0 | BK17: =COUNTIFS('Alcohol Tests'!$H$4:$H$100003,"Positive",'Alcohol Tests'!$D$4:$D$100003,"Jun",'Alcohol Tests'!$E$4:$E$100003,dCrit) -> 0 | BL17: =COUNTIFS('Unsafe Acts'!$D$4:$D$100003,"Jun",'Unsafe Acts'!$F$4:$F$100003,dCrit) -> 0 | BM17: =COUNTIFS('Unsafe Acts'!$M$4:$M$100003,"Completed",'Unsafe Acts'!$D$4:$D$100003,"Jun",'Unsafe Acts'!$F$4:$F$100003,dCrit) -> 0 | BN17: =COUNTIFS('Unsafe Conditions'!$D$4:$D$100003,"Jun",'Unsafe Conditions'!$F$4:$F$100003,dCrit) -> 0 | BO17: =COUNTIFS('Unsafe Conditions'!$M$4:$M$100003,"Completed",'Unsafe Conditions'!$D$4:$D$100003,"Jun",'Unsafe Conditions'!$F$4:$F$100003,dCrit) -> 0 | BP17: =COUNTIFS('NC Management'!$D$4:$D$100003,"Jun",'NC Management'!$G$4:$G$100003,dCrit) -> 0 | BQ17: =COUNTIFS('NC Management'!$M$4:$M$100003,"Closed",'NC Management'!$D$4:$D$100003,"Jun",'NC Management'!$G$4:$G$100003,dCrit) -> 0 | BR17: =COUNTIFS('Training'!$F$4:$F$100003,"Induction",'Training'!$D$4:$D$100003,"Jun",'Training'!$G$4:$G$100003,dCrit) -> 0 | BS17: =COUNTIFS('HSE Observations'!$E$4:$E$100003,"Safe Act",'HSE Observations'!$D$4:$D$100003,"Jun",'HSE Observations'!$G$4:$G$100003,dCrit)+COUNTIFS('HSE Observations'!$E$4:$E$100003,"Safe Condition",'HSE Observations'!$D$4:$D$100003,"Jun",'HSE Observations'!$G$4:$G$100003,dCrit) -> 0 | BT17: =COUNTIFS('HSE Observations'!$E$4:$E$100003,"Unsafe Act",'HSE Observations'!$D$4:$D$100003,"Jun",'HSE Observations'!$G$4:$G$100003,dCrit)+COUNTIFS('HSE Observations'!$E$4:$E$100003,"Unsafe Condition",'HSE Observations'!$D$4:$D$100003,"Jun",'HSE Observations'!$G$4:$G$100003,dCrit) -> 0 | BU17: =IFERROR(AVERAGEIFS('Emergency Drills'!$L$4:$L$100003,'Emergency Drills'!$D$4:$D$100003,"Jun"),0) -> 0 | BV17: =IFERROR(AVERAGEIFS('Emergency Drills'!$K$4:$K$100003,'Emergency Drills'!$D$4:$D$100003,"Jun"),0) -> 0 | BW17: =SUMIFS('Internal Audits'!$M$4:$M$100003,'Internal Audits'!$D$4:$D$100003,"Jun",'Internal Audits'!$G$4:$G$100003,dCrit) -> 0 | BX17: =SUMIFS('External Audits'!$M$4:$M$100003,'External Audits'!$D$4:$D$100003,"Jun",'External Audits'!$G$4:$G$100003,dCrit) -> 0 | BY17: =SUMIFS('Management Reviews'!$K$4:$K$100003,'Management Reviews'!$D$4:$D$100003,"Jun") -> 0 | BZ17: =SUMIFS('Management Reviews'!$L$4:$L$100003,'Management Reviews'!$D$4:$D$100003,"Jun") -> 0 | CA17: =SUMIFS('Stop Work Authority'!$J$4:$J$100003,'Stop Work Authority'!$D$4:$D$100003,"Jun",'Stop Work Authority'!$F$4:$F$100003,dCrit) -> 0 | CB17: =SUMIFS('Training'!$M$4:$M$100003,'Training'!$D$4:$D$100003,"Jun",'Training'!$G$4:$G$100003,dCrit) -> 0 | CC17: =SUMIFS('Workplace Inspections'!$J$4:$J$100003,'Workplace Inspections'!$D$4:$D$100003,"Jun",'Workplace Inspections'!$F$4:$F$100003,dCrit) -> 0 | CD17: =COUNTIFS('Corrective Actions'!$O$4:$O$100003,"On-Time",'Corrective Actions'!$D$4:$D$100003,"Jun",'Corrective Actions'!$F$4:$F$100003,dCrit) -> 0 | CE17: =COUNTIFS('Corrective Actions'!$O$4:$O$100003,"Delayed",'Corrective Actions'!$D$4:$D$100003,"Jun",'Corrective Actions'!$F$4:$F$100003,dCrit) -> 0 | CF17: =COUNTIFS('JSA Risk Assessment'!$J$4:$J$100003,"Critical",'JSA Risk Assessment'!$D$4:$D$100003,"Jun",'JSA Risk Assessment'!$F$4:$F$100003,dCrit) -> 0 | CG17: =COUNTIFS('JSA Risk Assessment'!$J$4:$J$100003,"High",'JSA Risk Assessment'!$D$4:$D$100003,"Jun",'JSA Risk Assessment'!$F$4:$F$100003,dCrit) -> 0 | CH17: =COUNTIFS('JSA Risk Assessment'!$J$4:$J$100003,"Medium",'JSA Risk Assessment'!$D$4:$D$100003,"Jun",'JSA Risk Assessment'!$F$4:$F$100003,dCrit) -> 0 | CI17: =COUNTIFS('JSA Risk Assessment'!$J$4:$J$100003,"Low",'JSA Risk Assessment'!$D$4:$D$100003,"Jun",'JSA Risk Assessment'!$F$4:$F$100003,dCrit) -> 0 | CJ17: =IFERROR($F$17*TRIRmult/Settings!$C$18,0) -> 0 | CK17: =IFERROR($G$17*LTIFRmult/Settings!$C$18,0) -> 0 | CL17: =BenchTRIR -> 0 | CM17: =BenchLTIFR -> 0 | CN17: =IFERROR($BK$17/$BJ$17*100,0) -> 0 | CO17: =$V$17+$R$17+$T$17+$W$17+$X$17+$AA$17+$Y$17+$AE$17+$AD$17 -> 0 | CP17: =$O$17+$BP$17+$P$17 -> 0 | CQ17: =IFERROR($CO$17/$CP$17,0) -> 0 | DJ17: Near Miss | DK17: Lagging | DL17: =SUMPRODUCT(Calculations!$H$12:$H$23,Calculations!$D$12:$D$23) -> 0 | DM17: =SUMPRODUCT(Calculations!$H$12:$H$23,Calculations!$E$12:$E$23) -> 0 | DN17: =IFERROR(($DL$17-$DM$17)/$DM$17,IF($DL$17>0,1,0)) -> 0 | DO17: =($DL$17-$DM$17)*-1 -> 0 | DP17: =IFERROR(AVERAGE(Calculations!$H$12:$H$23)*SUM(Calculations!$D$12:$D$23),0) -> 0 | DQ17: =IFERROR(IF($DL$17<=$DP$17,2,IF($DL$17<=$DP$17/AmberBand,1,0)),1) -> 0 | DS17: At-Risk Obs | DT17: =SUMPRODUCT(Calculations!$AF$12:$AF$23,Calculations!$D$12:$D$23) -> 0 | DV17: Jul | DW17: =COUNTIFS('Incident'!$D$4:$D$100003,"Jul",'Incident'!$H$4:$H$100003,dCrit) -> 0 | DY17: =IFERROR($BQ$17/$BP$17*100,0) -> 0 | DZ17: =IFERROR($BK$17/$BJ$17*100,0) -> 0 | EA17: =IFERROR($AI$17/$AJ$17*100,0) -> 0 | EB17: =IFERROR($AK$17/$AD$17*100,0) -> 0 | EC17: =IFERROR($S$17/$R$17*100,0) -> 0 | ED17: =IFERROR($U$17/$T$17*100,0) -> 0 | EE17: =IFERROR($AM$17/$AL$17*100,0) -> 0 | EF17: =IFERROR($AR$17/$AQ$17*100,0) -> 0 | EG17: =IFERROR($AU$17/$AT$17*100,0) -> 0 | EH17: =IFERROR($AW$17/$AV$17*100,0) -> 0 | EI17: =IFERROR($BD$17/$BC$17*100,0) -> 0 | EJ17: =IFERROR($BF$17/$BG$17*100,0) -> 0 | EK17: =IFERROR($Z$17/$Y$17*100,0) -> 0 | EL17: =IFERROR($AC$17/$AB$17*100,0) -> 0 | EM17: =IFERROR($BM$17/$BL$17*100,0) -> 0 | EN17: =IFERROR($BO$17/$BN$17*100,0) -> 0
